ISO-10303-21;
HEADER;
FILE_DESCRIPTION(('KiCad electronic assembly'),'2;1');
FILE_NAME('espresso-board-mini.step','2026-09-15T16:21:58',('Pcbnew'),(
    'Kicad'),'Open CASCADE STEP processor 7.9','KiCad to STEP converter'
  ,'Unknown');
FILE_SCHEMA(('AUTOMOTIVE_DESIGN { 1 0 10303 214 1 1 1 1 }'));
ENDSEC;
DATA;
#1 = APPLICATION_PROTOCOL_DEFINITION('international standard',
  'automotive_design',2000,#2);
#2 = APPLICATION_CONTEXT(
  'core data for automotive mechanical design processes');
#3 = SHAPE_DEFINITION_REPRESENTATION(#4,#10);
#4 = PRODUCT_DEFINITION_SHAPE('','',#5);
#5 = PRODUCT_DEFINITION('design','',#6,#9);
#6 = PRODUCT_DEFINITION_FORMATION('','',#7);
#7 = PRODUCT('espresso-board-mini 1','espresso-board-mini 1','',(#8));
#8 = PRODUCT_CONTEXT('',#2,'mechanical');
#9 = PRODUCT_DEFINITION_CONTEXT('part definition',#2,'design');
#10 = SHAPE_REPRESENTATION('',(#11,#15,#19,#23,#27,#31,#35,#39,#43,#47,
    #51,#55,#59),#63);
#11 = AXIS2_PLACEMENT_3D('',#12,#13,#14);
#12 = CARTESIAN_POINT('',(0.,0.,0.));
#13 = DIRECTION('',(0.,0.,1.));
#14 = DIRECTION('',(1.,0.,-0.));
#15 = AXIS2_PLACEMENT_3D('',#16,#17,#18);
#16 = CARTESIAN_POINT('',(12.,-72.,1.595));
#17 = DIRECTION('',(0.,0.,1.));
#18 = DIRECTION('',(1.,0.,0.));
#19 = AXIS2_PLACEMENT_3D('',#20,#21,#22);
#20 = CARTESIAN_POINT('',(24.,-70.96,1.595));
#21 = DIRECTION('',(-0.,0.,1.));
#22 = DIRECTION('',(1.110223024625E-16,-1.,0.));
#23 = AXIS2_PLACEMENT_3D('',#24,#25,#26);
#24 = CARTESIAN_POINT('',(41.,-86.,1.595));
#25 = DIRECTION('',(0.,0.,1.));
#26 = DIRECTION('',(1.,0.,0.));
#27 = AXIS2_PLACEMENT_3D('',#28,#29,#30);
#28 = CARTESIAN_POINT('',(6.,-20.,1.595));
#29 = DIRECTION('',(0.,0.,1.));
#30 = DIRECTION('',(1.,0.,0.));
#31 = AXIS2_PLACEMENT_3D('',#32,#33,#34);
#32 = CARTESIAN_POINT('',(7.5,-34.275,1.595));
#33 = DIRECTION('',(0.,0.,1.));
#34 = DIRECTION('',(-1.,1.224646799147E-16,0.));
#35 = AXIS2_PLACEMENT_3D('',#36,#37,#38);
#36 = CARTESIAN_POINT('',(15.,-62.,1.595));
#37 = DIRECTION('',(0.,0.,1.));
#38 = DIRECTION('',(1.,0.,0.));
#39 = AXIS2_PLACEMENT_3D('',#40,#41,#42);
#40 = CARTESIAN_POINT('',(7.5,-39.775,1.595));
#41 = DIRECTION('',(0.,0.,1.));
#42 = DIRECTION('',(-1.,1.224646799147E-16,0.));
#43 = AXIS2_PLACEMENT_3D('',#44,#45,#46);
#44 = CARTESIAN_POINT('',(9.,-95.,1.595));
#45 = DIRECTION('',(0.,0.,1.));
#46 = DIRECTION('',(1.,0.,0.));
#47 = AXIS2_PLACEMENT_3D('',#48,#49,#50);
#48 = CARTESIAN_POINT('',(41.,-62.,1.595));
#49 = DIRECTION('',(0.,0.,1.));
#50 = DIRECTION('',(1.,0.,0.));
#51 = AXIS2_PLACEMENT_3D('',#52,#53,#54);
#52 = CARTESIAN_POINT('',(38.,-70.,1.595));
#53 = DIRECTION('',(0.,0.,1.));
#54 = DIRECTION('',(1.,0.,0.));
#55 = AXIS2_PLACEMENT_3D('',#56,#57,#58);
#56 = CARTESIAN_POINT('',(0.,0.,0.));
#57 = DIRECTION('',(0.,0.,1.));
#58 = DIRECTION('',(1.,0.,-0.));
#59 = AXIS2_PLACEMENT_3D('',#60,#61,#62);
#60 = CARTESIAN_POINT('',(0.,0.,0.));
#61 = DIRECTION('',(0.,0.,1.));
#62 = DIRECTION('',(1.,0.,-0.));
#63 = ( GEOMETRIC_REPRESENTATION_CONTEXT(3) 
GLOBAL_UNCERTAINTY_ASSIGNED_CONTEXT((#67)) GLOBAL_UNIT_ASSIGNED_CONTEXT(
(#64,#65,#66)) REPRESENTATION_CONTEXT('Context #1',
  '3D Context with UNIT and UNCERTAINTY') );
#64 = ( LENGTH_UNIT() NAMED_UNIT(*) SI_UNIT(.MILLI.,.METRE.) );
#65 = ( NAMED_UNIT(*) PLANE_ANGLE_UNIT() SI_UNIT($,.RADIAN.) );
#66 = ( NAMED_UNIT(*) SI_UNIT($,.STERADIAN.) SOLID_ANGLE_UNIT() );
#67 = UNCERTAINTY_MEASURE_WITH_UNIT(LENGTH_MEASURE(1.E-07),#64,
  'distance_accuracy_value','confusion accuracy');
#68 = PRODUCT_RELATED_PRODUCT_CATEGORY('part',$,(#7));
#69 = SHAPE_DEFINITION_REPRESENTATION(#70,#76);
#70 = PRODUCT_DEFINITION_SHAPE('','',#71);
#71 = PRODUCT_DEFINITION('design','',#72,#75);
#72 = PRODUCT_DEFINITION_FORMATION('','',#73);
#73 = PRODUCT('TO-220-3_Vertical','TO-220-3_Vertical','',(#74));
#74 = PRODUCT_CONTEXT('',#2,'mechanical');
#75 = PRODUCT_DEFINITION_CONTEXT('part definition',#2,'design');
#76 = SHAPE_REPRESENTATION('',(#11,#77),#81);
#77 = AXIS2_PLACEMENT_3D('',#78,#79,#80);
#78 = CARTESIAN_POINT('',(0.,0.,0.));
#79 = DIRECTION('',(0.,0.,1.));
#80 = DIRECTION('',(1.,0.,-0.));
#81 = ( GEOMETRIC_REPRESENTATION_CONTEXT(3) 
GLOBAL_UNCERTAINTY_ASSIGNED_CONTEXT((#85)) GLOBAL_UNIT_ASSIGNED_CONTEXT(
(#82,#83,#84)) REPRESENTATION_CONTEXT('Context #1',
  '3D Context with UNIT and UNCERTAINTY') );
#82 = ( LENGTH_UNIT() NAMED_UNIT(*) SI_UNIT(.MILLI.,.METRE.) );
#83 = ( NAMED_UNIT(*) PLANE_ANGLE_UNIT() SI_UNIT($,.RADIAN.) );
#84 = ( NAMED_UNIT(*) SI_UNIT($,.STERADIAN.) SOLID_ANGLE_UNIT() );
#85 = UNCERTAINTY_MEASURE_WITH_UNIT(LENGTH_MEASURE(1.E-07),#82,
  'distance_accuracy_value','confusion accuracy');
#86 = CONTEXT_DEPENDENT_SHAPE_REPRESENTATION(#87,#89);
#87 = ( REPRESENTATION_RELATIONSHIP('','',#76,#10) 
REPRESENTATION_RELATIONSHIP_WITH_TRANSFORMATION(#88) 
SHAPE_REPRESENTATION_RELATIONSHIP() );
#88 = ITEM_DEFINED_TRANSFORMATION('','',#11,#15);
#89 = PRODUCT_DEFINITION_SHAPE('Placement','Placement of an item',#90);
#90 = NEXT_ASSEMBLY_USAGE_OCCURRENCE('2','','',#5,#71,$);
#91 = PRODUCT_RELATED_PRODUCT_CATEGORY('part',$,(#73));
#92 = SHAPE_DEFINITION_REPRESENTATION(#93,#99);
#93 = PRODUCT_DEFINITION_SHAPE('','',#94);
#94 = PRODUCT_DEFINITION('design','',#95,#98);
#95 = PRODUCT_DEFINITION_FORMATION('','',#96);
#96 = PRODUCT('TO-220-3_Vertical','TO-220-3_Vertical','',(#97));
#97 = PRODUCT_CONTEXT('',#2,'mechanical');
#98 = PRODUCT_DEFINITION_CONTEXT('part definition',#2,'design');
#99 = ADVANCED_BREP_SHAPE_REPRESENTATION('',(#11,#100),#1642);
#100 = MANIFOLD_SOLID_BREP('',#101);
#101 = CLOSED_SHELL('',(#102,#158,#285,#309,#333,#389,#436,#522,#536,
    #576,#600,#633,#673,#697,#730,#770,#794,#827,#867,#902,#935,#952,
    #1009,#1066,#1123,#1180,#1197,#1214,#1271,#1288,#1305,#1362,#1379,
    #1396,#1424,#1436,#1453,#1470,#1487,#1504,#1516,#1533,#1550,#1567,
    #1579,#1596,#1613,#1630));
#102 = ADVANCED_FACE('',(#103),#153,.F.);
#103 = FACE_BOUND('',#104,.T.);
#104 = EDGE_LOOP('',(#105,#115,#123,#131,#139,#147));
#105 = ORIENTED_EDGE('',*,*,#106,.T.);
#106 = EDGE_CURVE('',#107,#109,#111,.T.);
#107 = VERTEX_POINT('',#108);
#108 = CARTESIAN_POINT('',(-2.585,2.045585922872E-16,3.685));
#109 = VERTEX_POINT('',#110);
#110 = CARTESIAN_POINT('',(-2.585,-1.295,4.185));
#111 = LINE('',#112,#113);
#112 = CARTESIAN_POINT('',(-2.585,2.045585922872E-16,3.685));
#113 = VECTOR('',#114,1.);
#114 = DIRECTION('',(-5.178527991556E-17,-0.932880669324,0.360185586611)
  );
#115 = ORIENTED_EDGE('',*,*,#116,.T.);
#116 = EDGE_CURVE('',#109,#117,#119,.T.);
#117 = VERTEX_POINT('',#118);
#118 = CARTESIAN_POINT('',(-2.585,-1.295,11.875000000001));
#119 = LINE('',#120,#121);
#120 = CARTESIAN_POINT('',(-2.585,-1.295,4.185));
#121 = VECTOR('',#122,1.);
#122 = DIRECTION('',(0.,5.551115123126E-17,1.));
#123 = ORIENTED_EDGE('',*,*,#124,.T.);
#124 = EDGE_CURVE('',#117,#125,#127,.T.);
#125 = VERTEX_POINT('',#126);
#126 = CARTESIAN_POINT('',(-2.585,-0.295,12.875));
#127 = LINE('',#128,#129);
#128 = CARTESIAN_POINT('',(-2.585,-1.295,11.875000000001));
#129 = VECTOR('',#130,1.);
#130 = DIRECTION('',(3.925231146711E-17,0.707106781187,0.707106781186));
#131 = ORIENTED_EDGE('',*,*,#132,.T.);
#132 = EDGE_CURVE('',#125,#133,#135,.T.);
#133 = VERTEX_POINT('',#134);
#134 = CARTESIAN_POINT('',(-2.585,3.15,12.875));
#135 = LINE('',#136,#137);
#136 = CARTESIAN_POINT('',(-2.585,-0.295,12.875));
#137 = VECTOR('',#138,1.);
#138 = DIRECTION('',(5.551115123126E-17,1.,0.));
#139 = ORIENTED_EDGE('',*,*,#140,.T.);
#140 = EDGE_CURVE('',#133,#141,#143,.T.);
#141 = VERTEX_POINT('',#142);
#142 = CARTESIAN_POINT('',(-2.585,3.15,4.185));
#143 = LINE('',#144,#145);
#144 = CARTESIAN_POINT('',(-2.585,3.15,12.875));
#145 = VECTOR('',#146,1.);
#146 = DIRECTION('',(0.,-5.551115123126E-17,-1.));
#147 = ORIENTED_EDGE('',*,*,#148,.T.);
#148 = EDGE_CURVE('',#141,#107,#149,.T.);
#149 = LINE('',#150,#151);
#150 = CARTESIAN_POINT('',(-2.585,3.15,4.185));
#151 = VECTOR('',#152,1.);
#152 = DIRECTION('',(-5.482478518197E-17,-0.987635528464,-0.156767544201
    ));
#153 = PLANE('',#154);
#154 = AXIS2_PLACEMENT_3D('',#155,#156,#157);
#155 = CARTESIAN_POINT('',(-2.585,2.045585922872E-16,3.685));
#156 = DIRECTION('',(1.,0.,5.551115123126E-17));
#157 = DIRECTION('',(-5.551115123126E-17,5.551115123126E-17,1.));
#158 = ADVANCED_FACE('',(#159),#280,.T.);
#159 = FACE_BOUND('',#160,.T.);
#160 = EDGE_LOOP('',(#161,#162,#170,#178,#186,#194,#202,#210,#218,#226,
    #234,#242,#250,#258,#266,#274));
#161 = ORIENTED_EDGE('',*,*,#106,.F.);
#162 = ORIENTED_EDGE('',*,*,#163,.T.);
#163 = EDGE_CURVE('',#107,#164,#166,.T.);
#164 = VERTEX_POINT('',#165);
#165 = CARTESIAN_POINT('',(-0.73,2.045585922872E-16,3.685));
#166 = LINE('',#167,#168);
#167 = CARTESIAN_POINT('',(-2.585,2.045585922872E-16,3.685));
#168 = VECTOR('',#169,1.);
#169 = DIRECTION('',(1.,0.,5.551115123126E-17));
#170 = ORIENTED_EDGE('',*,*,#171,.T.);
#171 = EDGE_CURVE('',#164,#172,#174,.T.);
#172 = VERTEX_POINT('',#173);
#173 = CARTESIAN_POINT('',(-0.73,-0.11655,3.73));
#174 = LINE('',#175,#176);
#175 = CARTESIAN_POINT('',(-0.73,0.106662228694,3.643817672319));
#176 = VECTOR('',#177,1.);
#177 = DIRECTION('',(0.,-0.932880669324,0.360185586611));
#178 = ORIENTED_EDGE('',*,*,#179,.T.);
#179 = EDGE_CURVE('',#172,#180,#182,.T.);
#180 = VERTEX_POINT('',#181);
#181 = CARTESIAN_POINT('',(0.73,-0.11655,3.73));
#182 = LINE('',#183,#184);
#183 = CARTESIAN_POINT('',(-0.9275,-0.11655,3.73));
#184 = VECTOR('',#185,1.);
#185 = DIRECTION('',(1.,1.43773881689E-16,-4.788632213724E-32));
#186 = ORIENTED_EDGE('',*,*,#187,.T.);
#187 = EDGE_CURVE('',#180,#188,#190,.T.);
#188 = VERTEX_POINT('',#189);
#189 = CARTESIAN_POINT('',(0.73,2.045585922872E-16,3.685));
#190 = LINE('',#191,#192);
#191 = CARTESIAN_POINT('',(0.73,0.682499659449,3.421486617973));
#192 = VECTOR('',#193,1.);
#193 = DIRECTION('',(0.,0.932880669324,-0.360185586611));
#194 = ORIENTED_EDGE('',*,*,#195,.T.);
#195 = EDGE_CURVE('',#188,#196,#198,.T.);
#196 = VERTEX_POINT('',#197);
#197 = CARTESIAN_POINT('',(1.81,2.045585922872E-16,3.685));
#198 = LINE('',#199,#200);
#199 = CARTESIAN_POINT('',(-2.585,2.045585922872E-16,3.685));
#200 = VECTOR('',#201,1.);
#201 = DIRECTION('',(1.,0.,5.551115123126E-17));
#202 = ORIENTED_EDGE('',*,*,#203,.T.);
#203 = EDGE_CURVE('',#196,#204,#206,.T.);
#204 = VERTEX_POINT('',#205);
#205 = CARTESIAN_POINT('',(1.81,-0.11655,3.73));
#206 = LINE('',#207,#208);
#207 = CARTESIAN_POINT('',(1.81,0.106662228694,3.643817672319));
#208 = VECTOR('',#209,1.);
#209 = DIRECTION('',(0.,-0.932880669324,0.360185586611));
#210 = ORIENTED_EDGE('',*,*,#211,.T.);
#211 = EDGE_CURVE('',#204,#212,#214,.T.);
#212 = VERTEX_POINT('',#213);
#213 = CARTESIAN_POINT('',(3.27,-0.11655,3.73));
#214 = LINE('',#215,#216);
#215 = CARTESIAN_POINT('',(0.3425,-0.11655,3.73));
#216 = VECTOR('',#217,1.);
#217 = DIRECTION('',(1.,1.43773881689E-16,-4.788632213724E-32));
#218 = ORIENTED_EDGE('',*,*,#219,.T.);
#219 = EDGE_CURVE('',#212,#220,#222,.T.);
#220 = VERTEX_POINT('',#221);
#221 = CARTESIAN_POINT('',(3.27,2.045585922872E-16,3.685));
#222 = LINE('',#223,#224);
#223 = CARTESIAN_POINT('',(3.27,0.682499659449,3.421486617973));
#224 = VECTOR('',#225,1.);
#225 = DIRECTION('',(0.,0.932880669324,-0.360185586611));
#226 = ORIENTED_EDGE('',*,*,#227,.T.);
#227 = EDGE_CURVE('',#220,#228,#230,.T.);
#228 = VERTEX_POINT('',#229);
#229 = CARTESIAN_POINT('',(4.35,2.045585922872E-16,3.685));
#230 = LINE('',#231,#232);
#231 = CARTESIAN_POINT('',(-2.585,2.045585922872E-16,3.685));
#232 = VECTOR('',#233,1.);
#233 = DIRECTION('',(1.,0.,5.551115123126E-17));
#234 = ORIENTED_EDGE('',*,*,#235,.T.);
#235 = EDGE_CURVE('',#228,#236,#238,.T.);
#236 = VERTEX_POINT('',#237);
#237 = CARTESIAN_POINT('',(4.35,-0.11655,3.73));
#238 = LINE('',#239,#240);
#239 = CARTESIAN_POINT('',(4.35,0.106662228694,3.643817672319));
#240 = VECTOR('',#241,1.);
#241 = DIRECTION('',(0.,-0.932880669324,0.360185586611));
#242 = ORIENTED_EDGE('',*,*,#243,.T.);
#243 = EDGE_CURVE('',#236,#244,#246,.T.);
#244 = VERTEX_POINT('',#245);
#245 = CARTESIAN_POINT('',(5.81,-0.11655,3.73));
#246 = LINE('',#247,#248);
#247 = CARTESIAN_POINT('',(1.6125,-0.11655,3.73));
#248 = VECTOR('',#249,1.);
#249 = DIRECTION('',(1.,1.43773881689E-16,-4.788632213724E-32));
#250 = ORIENTED_EDGE('',*,*,#251,.T.);
#251 = EDGE_CURVE('',#244,#252,#254,.T.);
#252 = VERTEX_POINT('',#253);
#253 = CARTESIAN_POINT('',(5.81,2.045585922872E-16,3.685));
#254 = LINE('',#255,#256);
#255 = CARTESIAN_POINT('',(5.81,0.682499659449,3.421486617973));
#256 = VECTOR('',#257,1.);
#257 = DIRECTION('',(0.,0.932880669324,-0.360185586611));
#258 = ORIENTED_EDGE('',*,*,#259,.T.);
#259 = EDGE_CURVE('',#252,#260,#262,.T.);
#260 = VERTEX_POINT('',#261);
#261 = CARTESIAN_POINT('',(7.665,2.045585922872E-16,3.685));
#262 = LINE('',#263,#264);
#263 = CARTESIAN_POINT('',(-2.585,2.045585922872E-16,3.685));
#264 = VECTOR('',#265,1.);
#265 = DIRECTION('',(1.,0.,5.551115123126E-17));
#266 = ORIENTED_EDGE('',*,*,#267,.T.);
#267 = EDGE_CURVE('',#260,#268,#270,.T.);
#268 = VERTEX_POINT('',#269);
#269 = CARTESIAN_POINT('',(7.665,-1.295,4.185));
#270 = LINE('',#271,#272);
#271 = CARTESIAN_POINT('',(7.665,2.045585922872E-16,3.685));
#272 = VECTOR('',#273,1.);
#273 = DIRECTION('',(-5.178527991556E-17,-0.932880669324,0.360185586611)
  );
#274 = ORIENTED_EDGE('',*,*,#275,.F.);
#275 = EDGE_CURVE('',#109,#268,#276,.T.);
#276 = LINE('',#277,#278);
#277 = CARTESIAN_POINT('',(-2.585,-1.295,4.185));
#278 = VECTOR('',#279,1.);
#279 = DIRECTION('',(1.,0.,5.551115123126E-17));
#280 = PLANE('',#281);
#281 = AXIS2_PLACEMENT_3D('',#282,#283,#284);
#282 = CARTESIAN_POINT('',(-2.585,2.045585922872E-16,3.685));
#283 = DIRECTION('',(5.178527991556E-17,-0.360185586611,-0.932880669324)
  );
#284 = DIRECTION('',(-5.178527991556E-17,-0.932880669324,0.360185586611)
  );
#285 = ADVANCED_FACE('',(#286),#304,.T.);
#286 = FACE_BOUND('',#287,.T.);
#287 = EDGE_LOOP('',(#288,#289,#297,#303));
#288 = ORIENTED_EDGE('',*,*,#275,.T.);
#289 = ORIENTED_EDGE('',*,*,#290,.T.);
#290 = EDGE_CURVE('',#268,#291,#293,.T.);
#291 = VERTEX_POINT('',#292);
#292 = CARTESIAN_POINT('',(7.665,-1.295,11.875000000001));
#293 = LINE('',#294,#295);
#294 = CARTESIAN_POINT('',(7.665,-1.295,4.185));
#295 = VECTOR('',#296,1.);
#296 = DIRECTION('',(0.,5.551115123126E-17,1.));
#297 = ORIENTED_EDGE('',*,*,#298,.F.);
#298 = EDGE_CURVE('',#117,#291,#299,.T.);
#299 = LINE('',#300,#301);
#300 = CARTESIAN_POINT('',(-2.585,-1.295,11.875000000001));
#301 = VECTOR('',#302,1.);
#302 = DIRECTION('',(1.,0.,5.551115123126E-17));
#303 = ORIENTED_EDGE('',*,*,#116,.F.);
#304 = PLANE('',#305);
#305 = AXIS2_PLACEMENT_3D('',#306,#307,#308);
#306 = CARTESIAN_POINT('',(-2.585,-1.295,4.185));
#307 = DIRECTION('',(-3.08148791102E-33,-1.,5.551115123126E-17));
#308 = DIRECTION('',(0.,5.551115123126E-17,1.));
#309 = ADVANCED_FACE('',(#310),#328,.T.);
#310 = FACE_BOUND('',#311,.T.);
#311 = EDGE_LOOP('',(#312,#313,#321,#327));
#312 = ORIENTED_EDGE('',*,*,#298,.T.);
#313 = ORIENTED_EDGE('',*,*,#314,.T.);
#314 = EDGE_CURVE('',#291,#315,#317,.T.);
#315 = VERTEX_POINT('',#316);
#316 = CARTESIAN_POINT('',(7.665,-0.295,12.875));
#317 = LINE('',#318,#319);
#318 = CARTESIAN_POINT('',(7.665,-1.295,11.875000000001));
#319 = VECTOR('',#320,1.);
#320 = DIRECTION('',(3.925231146711E-17,0.707106781187,0.707106781186));
#321 = ORIENTED_EDGE('',*,*,#322,.F.);
#322 = EDGE_CURVE('',#125,#315,#323,.T.);
#323 = LINE('',#324,#325);
#324 = CARTESIAN_POINT('',(-2.585,-0.295,12.875));
#325 = VECTOR('',#326,1.);
#326 = DIRECTION('',(1.,0.,5.551115123126E-17));
#327 = ORIENTED_EDGE('',*,*,#124,.F.);
#328 = PLANE('',#329);
#329 = AXIS2_PLACEMENT_3D('',#330,#331,#332);
#330 = CARTESIAN_POINT('',(-2.585,-1.295,11.875000000001));
#331 = DIRECTION('',(-3.925231146711E-17,-0.707106781186,0.707106781187)
  );
#332 = DIRECTION('',(3.925231146711E-17,0.707106781187,0.707106781186));
#333 = ADVANCED_FACE('',(#334),#384,.T.);
#334 = FACE_BOUND('',#335,.T.);
#335 = EDGE_LOOP('',(#336,#337,#338,#346,#354,#362,#370,#378));
#336 = ORIENTED_EDGE('',*,*,#132,.F.);
#337 = ORIENTED_EDGE('',*,*,#322,.T.);
#338 = ORIENTED_EDGE('',*,*,#339,.T.);
#339 = EDGE_CURVE('',#315,#340,#342,.T.);
#340 = VERTEX_POINT('',#341);
#341 = CARTESIAN_POINT('',(7.665,3.15,12.875));
#342 = LINE('',#343,#344);
#343 = CARTESIAN_POINT('',(7.665,-0.295,12.875));
#344 = VECTOR('',#345,1.);
#345 = DIRECTION('',(5.551115123126E-17,1.,0.));
#346 = ORIENTED_EDGE('',*,*,#347,.F.);
#347 = EDGE_CURVE('',#348,#340,#350,.T.);
#348 = VERTEX_POINT('',#349);
#349 = CARTESIAN_POINT('',(7.655,3.15,12.875));
#350 = LINE('',#351,#352);
#351 = CARTESIAN_POINT('',(-2.585,3.15,12.875));
#352 = VECTOR('',#353,1.);
#353 = DIRECTION('',(1.,0.,5.551115123126E-17));
#354 = ORIENTED_EDGE('',*,*,#355,.F.);
#355 = EDGE_CURVE('',#356,#348,#358,.T.);
#356 = VERTEX_POINT('',#357);
#357 = CARTESIAN_POINT('',(7.655,1.89,12.875));
#358 = LINE('',#359,#360);
#359 = CARTESIAN_POINT('',(7.655,1.4325,12.875));
#360 = VECTOR('',#361,1.);
#361 = DIRECTION('',(0.,1.,-3.08148791102E-33));
#362 = ORIENTED_EDGE('',*,*,#363,.F.);
#363 = EDGE_CURVE('',#364,#356,#366,.T.);
#364 = VERTEX_POINT('',#365);
#365 = CARTESIAN_POINT('',(-2.575,1.89,12.875));
#366 = LINE('',#367,#368);
#367 = CARTESIAN_POINT('',(2.535,1.89,12.875));
#368 = VECTOR('',#369,1.);
#369 = DIRECTION('',(1.,0.,5.551115123126E-17));
#370 = ORIENTED_EDGE('',*,*,#371,.F.);
#371 = EDGE_CURVE('',#372,#364,#374,.T.);
#372 = VERTEX_POINT('',#373);
#373 = CARTESIAN_POINT('',(-2.575,3.15,12.875));
#374 = LINE('',#375,#376);
#375 = CARTESIAN_POINT('',(-2.575,0.7975,12.875));
#376 = VECTOR('',#377,1.);
#377 = DIRECTION('',(0.,-1.,3.08148791102E-33));
#378 = ORIENTED_EDGE('',*,*,#379,.F.);
#379 = EDGE_CURVE('',#133,#372,#380,.T.);
#380 = LINE('',#381,#382);
#381 = CARTESIAN_POINT('',(-2.585,3.15,12.875));
#382 = VECTOR('',#383,1.);
#383 = DIRECTION('',(1.,0.,5.551115123126E-17));
#384 = PLANE('',#385);
#385 = AXIS2_PLACEMENT_3D('',#386,#387,#388);
#386 = CARTESIAN_POINT('',(-2.585,-0.295,12.875));
#387 = DIRECTION('',(-5.551115123126E-17,3.08148791102E-33,1.));
#388 = DIRECTION('',(5.551115123126E-17,1.,-1.820045856984E-46));
#389 = ADVANCED_FACE('',(#390),#431,.T.);
#390 = FACE_BOUND('',#391,.T.);
#391 = EDGE_LOOP('',(#392,#393,#394,#402,#410,#416,#417,#425));
#392 = ORIENTED_EDGE('',*,*,#140,.F.);
#393 = ORIENTED_EDGE('',*,*,#379,.T.);
#394 = ORIENTED_EDGE('',*,*,#395,.F.);
#395 = EDGE_CURVE('',#396,#372,#398,.T.);
#396 = VERTEX_POINT('',#397);
#397 = CARTESIAN_POINT('',(-2.575,3.15,5.));
#398 = LINE('',#399,#400);
#399 = CARTESIAN_POINT('',(-2.575,3.15,8.9375));
#400 = VECTOR('',#401,1.);
#401 = DIRECTION('',(0.,5.551115123126E-17,1.));
#402 = ORIENTED_EDGE('',*,*,#403,.T.);
#403 = EDGE_CURVE('',#396,#404,#406,.T.);
#404 = VERTEX_POINT('',#405);
#405 = CARTESIAN_POINT('',(7.655,3.15,5.));
#406 = LINE('',#407,#408);
#407 = CARTESIAN_POINT('',(-2.58,3.15,5.));
#408 = VECTOR('',#409,1.);
#409 = DIRECTION('',(1.,-3.08148791102E-33,0.));
#410 = ORIENTED_EDGE('',*,*,#411,.F.);
#411 = EDGE_CURVE('',#348,#404,#412,.T.);
#412 = LINE('',#413,#414);
#413 = CARTESIAN_POINT('',(7.655,3.15,8.9375));
#414 = VECTOR('',#415,1.);
#415 = DIRECTION('',(0.,-5.551115123126E-17,-1.));
#416 = ORIENTED_EDGE('',*,*,#347,.T.);
#417 = ORIENTED_EDGE('',*,*,#418,.T.);
#418 = EDGE_CURVE('',#340,#419,#421,.T.);
#419 = VERTEX_POINT('',#420);
#420 = CARTESIAN_POINT('',(7.665,3.15,4.185));
#421 = LINE('',#422,#423);
#422 = CARTESIAN_POINT('',(7.665,3.15,12.875));
#423 = VECTOR('',#424,1.);
#424 = DIRECTION('',(0.,-5.551115123126E-17,-1.));
#425 = ORIENTED_EDGE('',*,*,#426,.F.);
#426 = EDGE_CURVE('',#141,#419,#427,.T.);
#427 = LINE('',#428,#429);
#428 = CARTESIAN_POINT('',(-2.585,3.15,4.185));
#429 = VECTOR('',#430,1.);
#430 = DIRECTION('',(1.,0.,5.551115123126E-17));
#431 = PLANE('',#432);
#432 = AXIS2_PLACEMENT_3D('',#433,#434,#435);
#433 = CARTESIAN_POINT('',(-2.585,3.15,12.875));
#434 = DIRECTION('',(3.08148791102E-33,1.,-5.551115123126E-17));
#435 = DIRECTION('',(0.,-5.551115123126E-17,-1.));
#436 = ADVANCED_FACE('',(#437),#517,.T.);
#437 = FACE_BOUND('',#438,.T.);
#438 = EDGE_LOOP('',(#439,#440,#441,#447,#448,#456,#464,#470,#471,#479,
    #487,#493,#494,#502,#510,#516));
#439 = ORIENTED_EDGE('',*,*,#148,.F.);
#440 = ORIENTED_EDGE('',*,*,#426,.T.);
#441 = ORIENTED_EDGE('',*,*,#442,.T.);
#442 = EDGE_CURVE('',#419,#260,#443,.T.);
#443 = LINE('',#444,#445);
#444 = CARTESIAN_POINT('',(7.665,3.15,4.185));
#445 = VECTOR('',#446,1.);
#446 = DIRECTION('',(-5.482478518197E-17,-0.987635528464,-0.156767544201
    ));
#447 = ORIENTED_EDGE('',*,*,#259,.F.);
#448 = ORIENTED_EDGE('',*,*,#449,.T.);
#449 = EDGE_CURVE('',#252,#450,#452,.T.);
#450 = VERTEX_POINT('',#451);
#451 = CARTESIAN_POINT('',(5.81,0.2625,3.726666666667));
#452 = LINE('',#453,#454);
#453 = CARTESIAN_POINT('',(5.81,1.441169513394,3.913757065618));
#454 = VECTOR('',#455,1.);
#455 = DIRECTION('',(0.,0.987635528464,0.156767544201));
#456 = ORIENTED_EDGE('',*,*,#457,.T.);
#457 = EDGE_CURVE('',#450,#458,#460,.T.);
#458 = VERTEX_POINT('',#459);
#459 = CARTESIAN_POINT('',(4.35,0.2625,3.726666666667));
#460 = LINE('',#461,#462);
#461 = CARTESIAN_POINT('',(0.8825,0.2625,3.726666666667));
#462 = VECTOR('',#463,1.);
#463 = DIRECTION('',(-1.,-1.848892746612E-32,-5.551115123126E-17));
#464 = ORIENTED_EDGE('',*,*,#465,.T.);
#465 = EDGE_CURVE('',#458,#228,#466,.T.);
#466 = LINE('',#467,#468);
#467 = CARTESIAN_POINT('',(4.35,1.706508048661,3.955874293438));
#468 = VECTOR('',#469,1.);
#469 = DIRECTION('',(0.,-0.987635528464,-0.156767544201));
#470 = ORIENTED_EDGE('',*,*,#227,.F.);
#471 = ORIENTED_EDGE('',*,*,#472,.T.);
#472 = EDGE_CURVE('',#220,#473,#475,.T.);
#473 = VERTEX_POINT('',#474);
#474 = CARTESIAN_POINT('',(3.27,0.2625,3.726666666667));
#475 = LINE('',#476,#477);
#476 = CARTESIAN_POINT('',(3.27,1.441169513394,3.913757065618));
#477 = VECTOR('',#478,1.);
#478 = DIRECTION('',(0.,0.987635528464,0.156767544201));
#479 = ORIENTED_EDGE('',*,*,#480,.T.);
#480 = EDGE_CURVE('',#473,#481,#483,.T.);
#481 = VERTEX_POINT('',#482);
#482 = CARTESIAN_POINT('',(1.81,0.2625,3.726666666667));
#483 = LINE('',#484,#485);
#484 = CARTESIAN_POINT('',(-0.3875,0.2625,3.726666666667));
#485 = VECTOR('',#486,1.);
#486 = DIRECTION('',(-1.,-1.848892746612E-32,-5.551115123126E-17));
#487 = ORIENTED_EDGE('',*,*,#488,.T.);
#488 = EDGE_CURVE('',#481,#196,#489,.T.);
#489 = LINE('',#490,#491);
#490 = CARTESIAN_POINT('',(1.81,1.706508048661,3.955874293438));
#491 = VECTOR('',#492,1.);
#492 = DIRECTION('',(0.,-0.987635528464,-0.156767544201));
#493 = ORIENTED_EDGE('',*,*,#195,.F.);
#494 = ORIENTED_EDGE('',*,*,#495,.T.);
#495 = EDGE_CURVE('',#188,#496,#498,.T.);
#496 = VERTEX_POINT('',#497);
#497 = CARTESIAN_POINT('',(0.73,0.2625,3.726666666667));
#498 = LINE('',#499,#500);
#499 = CARTESIAN_POINT('',(0.73,1.441169513394,3.913757065618));
#500 = VECTOR('',#501,1.);
#501 = DIRECTION('',(0.,0.987635528464,0.156767544201));
#502 = ORIENTED_EDGE('',*,*,#503,.T.);
#503 = EDGE_CURVE('',#496,#504,#506,.T.);
#504 = VERTEX_POINT('',#505);
#505 = CARTESIAN_POINT('',(-0.73,0.2625,3.726666666667));
#506 = LINE('',#507,#508);
#507 = CARTESIAN_POINT('',(-1.6575,0.2625,3.726666666667));
#508 = VECTOR('',#509,1.);
#509 = DIRECTION('',(-1.,-1.848892746612E-32,-5.551115123126E-17));
#510 = ORIENTED_EDGE('',*,*,#511,.T.);
#511 = EDGE_CURVE('',#504,#164,#512,.T.);
#512 = LINE('',#513,#514);
#513 = CARTESIAN_POINT('',(-0.73,1.706508048661,3.955874293438));
#514 = VECTOR('',#515,1.);
#515 = DIRECTION('',(0.,-0.987635528464,-0.156767544201));
#516 = ORIENTED_EDGE('',*,*,#163,.F.);
#517 = PLANE('',#518);
#518 = AXIS2_PLACEMENT_3D('',#519,#520,#521);
#519 = CARTESIAN_POINT('',(-2.585,3.15,4.185));
#520 = DIRECTION('',(5.482478518197E-17,0.156767544201,-0.987635528464)
  );
#521 = DIRECTION('',(-5.482478518197E-17,-0.987635528464,-0.156767544201
    ));
#522 = ADVANCED_FACE('',(#523),#531,.T.);
#523 = FACE_BOUND('',#524,.F.);
#524 = EDGE_LOOP('',(#525,#526,#527,#528,#529,#530));
#525 = ORIENTED_EDGE('',*,*,#267,.T.);
#526 = ORIENTED_EDGE('',*,*,#290,.T.);
#527 = ORIENTED_EDGE('',*,*,#314,.T.);
#528 = ORIENTED_EDGE('',*,*,#339,.T.);
#529 = ORIENTED_EDGE('',*,*,#418,.T.);
#530 = ORIENTED_EDGE('',*,*,#442,.T.);
#531 = PLANE('',#532);
#532 = AXIS2_PLACEMENT_3D('',#533,#534,#535);
#533 = CARTESIAN_POINT('',(7.665,2.045585922872E-16,3.685));
#534 = DIRECTION('',(1.,0.,5.551115123126E-17));
#535 = DIRECTION('',(-5.551115123126E-17,5.551115123126E-17,1.));
#536 = ADVANCED_FACE('',(#537),#571,.F.);
#537 = FACE_BOUND('',#538,.F.);
#538 = EDGE_LOOP('',(#539,#547,#555,#563,#569,#570));
#539 = ORIENTED_EDGE('',*,*,#540,.F.);
#540 = EDGE_CURVE('',#541,#450,#543,.T.);
#541 = VERTEX_POINT('',#542);
#542 = CARTESIAN_POINT('',(5.81,0.2625,0.3025));
#543 = LINE('',#544,#545);
#544 = CARTESIAN_POINT('',(5.81,0.2625,0.3025));
#545 = VECTOR('',#546,1.);
#546 = DIRECTION('',(0.,3.330669073875E-16,1.));
#547 = ORIENTED_EDGE('',*,*,#548,.T.);
#548 = EDGE_CURVE('',#541,#549,#551,.T.);
#549 = VERTEX_POINT('',#550);
#550 = CARTESIAN_POINT('',(5.81,-0.2625,0.3025));
#551 = LINE('',#552,#553);
#552 = CARTESIAN_POINT('',(5.81,0.2625,0.3025));
#553 = VECTOR('',#554,1.);
#554 = DIRECTION('',(0.,-1.,3.330669073875E-16));
#555 = ORIENTED_EDGE('',*,*,#556,.T.);
#556 = EDGE_CURVE('',#549,#557,#559,.T.);
#557 = VERTEX_POINT('',#558);
#558 = CARTESIAN_POINT('',(5.81,-0.2625,3.73));
#559 = LINE('',#560,#561);
#560 = CARTESIAN_POINT('',(5.81,-0.2625,0.3025));
#561 = VECTOR('',#562,1.);
#562 = DIRECTION('',(0.,3.330669073875E-16,1.));
#563 = ORIENTED_EDGE('',*,*,#564,.F.);
#564 = EDGE_CURVE('',#244,#557,#565,.T.);
#565 = LINE('',#566,#567);
#566 = CARTESIAN_POINT('',(5.81,0.2625,3.73));
#567 = VECTOR('',#568,1.);
#568 = DIRECTION('',(0.,-1.,3.330669073875E-16));
#569 = ORIENTED_EDGE('',*,*,#251,.T.);
#570 = ORIENTED_EDGE('',*,*,#449,.T.);
#571 = PLANE('',#572);
#572 = AXIS2_PLACEMENT_3D('',#573,#574,#575);
#573 = CARTESIAN_POINT('',(5.81,0.2625,0.3025));
#574 = DIRECTION('',(-1.,0.,0.));
#575 = DIRECTION('',(0.,3.330669073875E-16,1.));
#576 = ADVANCED_FACE('',(#577),#595,.F.);
#577 = FACE_BOUND('',#578,.F.);
#578 = EDGE_LOOP('',(#579,#580,#581,#589));
#579 = ORIENTED_EDGE('',*,*,#243,.T.);
#580 = ORIENTED_EDGE('',*,*,#564,.T.);
#581 = ORIENTED_EDGE('',*,*,#582,.T.);
#582 = EDGE_CURVE('',#557,#583,#585,.T.);
#583 = VERTEX_POINT('',#584);
#584 = CARTESIAN_POINT('',(4.35,-0.2625,3.73));
#585 = LINE('',#586,#587);
#586 = CARTESIAN_POINT('',(5.81,-0.2625,3.73));
#587 = VECTOR('',#588,1.);
#588 = DIRECTION('',(-1.,0.,0.));
#589 = ORIENTED_EDGE('',*,*,#590,.F.);
#590 = EDGE_CURVE('',#236,#583,#591,.T.);
#591 = LINE('',#592,#593);
#592 = CARTESIAN_POINT('',(4.35,0.2625,3.73));
#593 = VECTOR('',#594,1.);
#594 = DIRECTION('',(0.,-1.,3.330669073875E-16));
#595 = PLANE('',#596);
#596 = AXIS2_PLACEMENT_3D('',#597,#598,#599);
#597 = CARTESIAN_POINT('',(5.81,0.2625,3.73));
#598 = DIRECTION('',(0.,-3.330669073875E-16,-1.));
#599 = DIRECTION('',(-1.,-0.,0.));
#600 = ADVANCED_FACE('',(#601),#628,.F.);
#601 = FACE_BOUND('',#602,.F.);
#602 = EDGE_LOOP('',(#603,#604,#605,#613,#621,#627));
#603 = ORIENTED_EDGE('',*,*,#235,.T.);
#604 = ORIENTED_EDGE('',*,*,#590,.T.);
#605 = ORIENTED_EDGE('',*,*,#606,.T.);
#606 = EDGE_CURVE('',#583,#607,#609,.T.);
#607 = VERTEX_POINT('',#608);
#608 = CARTESIAN_POINT('',(4.35,-0.2625,0.3025));
#609 = LINE('',#610,#611);
#610 = CARTESIAN_POINT('',(4.35,-0.2625,3.73));
#611 = VECTOR('',#612,1.);
#612 = DIRECTION('',(0.,-3.330669073875E-16,-1.));
#613 = ORIENTED_EDGE('',*,*,#614,.F.);
#614 = EDGE_CURVE('',#615,#607,#617,.T.);
#615 = VERTEX_POINT('',#616);
#616 = CARTESIAN_POINT('',(4.35,0.2625,0.3025));
#617 = LINE('',#618,#619);
#618 = CARTESIAN_POINT('',(4.35,0.2625,0.3025));
#619 = VECTOR('',#620,1.);
#620 = DIRECTION('',(0.,-1.,3.330669073875E-16));
#621 = ORIENTED_EDGE('',*,*,#622,.F.);
#622 = EDGE_CURVE('',#458,#615,#623,.T.);
#623 = LINE('',#624,#625);
#624 = CARTESIAN_POINT('',(4.35,0.2625,3.73));
#625 = VECTOR('',#626,1.);
#626 = DIRECTION('',(0.,-3.330669073875E-16,-1.));
#627 = ORIENTED_EDGE('',*,*,#465,.T.);
#628 = PLANE('',#629);
#629 = AXIS2_PLACEMENT_3D('',#630,#631,#632);
#630 = CARTESIAN_POINT('',(4.35,0.2625,3.73));
#631 = DIRECTION('',(1.,0.,0.));
#632 = DIRECTION('',(0.,-3.330669073875E-16,-1.));
#633 = ADVANCED_FACE('',(#634),#668,.F.);
#634 = FACE_BOUND('',#635,.F.);
#635 = EDGE_LOOP('',(#636,#644,#652,#660,#666,#667));
#636 = ORIENTED_EDGE('',*,*,#637,.F.);
#637 = EDGE_CURVE('',#638,#473,#640,.T.);
#638 = VERTEX_POINT('',#639);
#639 = CARTESIAN_POINT('',(3.27,0.2625,0.3025));
#640 = LINE('',#641,#642);
#641 = CARTESIAN_POINT('',(3.27,0.2625,0.3025));
#642 = VECTOR('',#643,1.);
#643 = DIRECTION('',(0.,3.330669073875E-16,1.));
#644 = ORIENTED_EDGE('',*,*,#645,.T.);
#645 = EDGE_CURVE('',#638,#646,#648,.T.);
#646 = VERTEX_POINT('',#647);
#647 = CARTESIAN_POINT('',(3.27,-0.2625,0.3025));
#648 = LINE('',#649,#650);
#649 = CARTESIAN_POINT('',(3.27,0.2625,0.3025));
#650 = VECTOR('',#651,1.);
#651 = DIRECTION('',(0.,-1.,3.330669073875E-16));
#652 = ORIENTED_EDGE('',*,*,#653,.T.);
#653 = EDGE_CURVE('',#646,#654,#656,.T.);
#654 = VERTEX_POINT('',#655);
#655 = CARTESIAN_POINT('',(3.27,-0.2625,3.73));
#656 = LINE('',#657,#658);
#657 = CARTESIAN_POINT('',(3.27,-0.2625,0.3025));
#658 = VECTOR('',#659,1.);
#659 = DIRECTION('',(0.,3.330669073875E-16,1.));
#660 = ORIENTED_EDGE('',*,*,#661,.F.);
#661 = EDGE_CURVE('',#212,#654,#662,.T.);
#662 = LINE('',#663,#664);
#663 = CARTESIAN_POINT('',(3.27,0.2625,3.73));
#664 = VECTOR('',#665,1.);
#665 = DIRECTION('',(0.,-1.,3.330669073875E-16));
#666 = ORIENTED_EDGE('',*,*,#219,.T.);
#667 = ORIENTED_EDGE('',*,*,#472,.T.);
#668 = PLANE('',#669);
#669 = AXIS2_PLACEMENT_3D('',#670,#671,#672);
#670 = CARTESIAN_POINT('',(3.27,0.2625,0.3025));
#671 = DIRECTION('',(-1.,0.,0.));
#672 = DIRECTION('',(0.,3.330669073875E-16,1.));
#673 = ADVANCED_FACE('',(#674),#692,.F.);
#674 = FACE_BOUND('',#675,.F.);
#675 = EDGE_LOOP('',(#676,#677,#678,#686));
#676 = ORIENTED_EDGE('',*,*,#211,.T.);
#677 = ORIENTED_EDGE('',*,*,#661,.T.);
#678 = ORIENTED_EDGE('',*,*,#679,.T.);
#679 = EDGE_CURVE('',#654,#680,#682,.T.);
#680 = VERTEX_POINT('',#681);
#681 = CARTESIAN_POINT('',(1.81,-0.2625,3.73));
#682 = LINE('',#683,#684);
#683 = CARTESIAN_POINT('',(3.27,-0.2625,3.73));
#684 = VECTOR('',#685,1.);
#685 = DIRECTION('',(-1.,0.,0.));
#686 = ORIENTED_EDGE('',*,*,#687,.F.);
#687 = EDGE_CURVE('',#204,#680,#688,.T.);
#688 = LINE('',#689,#690);
#689 = CARTESIAN_POINT('',(1.81,0.2625,3.73));
#690 = VECTOR('',#691,1.);
#691 = DIRECTION('',(0.,-1.,3.330669073875E-16));
#692 = PLANE('',#693);
#693 = AXIS2_PLACEMENT_3D('',#694,#695,#696);
#694 = CARTESIAN_POINT('',(3.27,0.2625,3.73));
#695 = DIRECTION('',(0.,-3.330669073875E-16,-1.));
#696 = DIRECTION('',(-1.,-0.,0.));
#697 = ADVANCED_FACE('',(#698),#725,.F.);
#698 = FACE_BOUND('',#699,.F.);
#699 = EDGE_LOOP('',(#700,#701,#702,#710,#718,#724));
#700 = ORIENTED_EDGE('',*,*,#203,.T.);
#701 = ORIENTED_EDGE('',*,*,#687,.T.);
#702 = ORIENTED_EDGE('',*,*,#703,.T.);
#703 = EDGE_CURVE('',#680,#704,#706,.T.);
#704 = VERTEX_POINT('',#705);
#705 = CARTESIAN_POINT('',(1.81,-0.2625,0.3025));
#706 = LINE('',#707,#708);
#707 = CARTESIAN_POINT('',(1.81,-0.2625,3.73));
#708 = VECTOR('',#709,1.);
#709 = DIRECTION('',(0.,-3.330669073875E-16,-1.));
#710 = ORIENTED_EDGE('',*,*,#711,.F.);
#711 = EDGE_CURVE('',#712,#704,#714,.T.);
#712 = VERTEX_POINT('',#713);
#713 = CARTESIAN_POINT('',(1.81,0.2625,0.3025));
#714 = LINE('',#715,#716);
#715 = CARTESIAN_POINT('',(1.81,0.2625,0.3025));
#716 = VECTOR('',#717,1.);
#717 = DIRECTION('',(0.,-1.,3.330669073875E-16));
#718 = ORIENTED_EDGE('',*,*,#719,.F.);
#719 = EDGE_CURVE('',#481,#712,#720,.T.);
#720 = LINE('',#721,#722);
#721 = CARTESIAN_POINT('',(1.81,0.2625,3.73));
#722 = VECTOR('',#723,1.);
#723 = DIRECTION('',(0.,-3.330669073875E-16,-1.));
#724 = ORIENTED_EDGE('',*,*,#488,.T.);
#725 = PLANE('',#726);
#726 = AXIS2_PLACEMENT_3D('',#727,#728,#729);
#727 = CARTESIAN_POINT('',(1.81,0.2625,3.73));
#728 = DIRECTION('',(1.,0.,0.));
#729 = DIRECTION('',(0.,-3.330669073875E-16,-1.));
#730 = ADVANCED_FACE('',(#731),#765,.F.);
#731 = FACE_BOUND('',#732,.F.);
#732 = EDGE_LOOP('',(#733,#741,#749,#757,#763,#764));
#733 = ORIENTED_EDGE('',*,*,#734,.F.);
#734 = EDGE_CURVE('',#735,#496,#737,.T.);
#735 = VERTEX_POINT('',#736);
#736 = CARTESIAN_POINT('',(0.73,0.2625,0.302499999998));
#737 = LINE('',#738,#739);
#738 = CARTESIAN_POINT('',(0.73,0.2625,0.302499999998));
#739 = VECTOR('',#740,1.);
#740 = DIRECTION('',(0.,3.330669073875E-16,1.));
#741 = ORIENTED_EDGE('',*,*,#742,.T.);
#742 = EDGE_CURVE('',#735,#743,#745,.T.);
#743 = VERTEX_POINT('',#744);
#744 = CARTESIAN_POINT('',(0.73,-0.2625,0.302499999998));
#745 = LINE('',#746,#747);
#746 = CARTESIAN_POINT('',(0.73,0.2625,0.302499999998));
#747 = VECTOR('',#748,1.);
#748 = DIRECTION('',(0.,-1.,3.330669073875E-16));
#749 = ORIENTED_EDGE('',*,*,#750,.T.);
#750 = EDGE_CURVE('',#743,#751,#753,.T.);
#751 = VERTEX_POINT('',#752);
#752 = CARTESIAN_POINT('',(0.73,-0.2625,3.73));
#753 = LINE('',#754,#755);
#754 = CARTESIAN_POINT('',(0.73,-0.2625,0.302499999998));
#755 = VECTOR('',#756,1.);
#756 = DIRECTION('',(0.,3.330669073875E-16,1.));
#757 = ORIENTED_EDGE('',*,*,#758,.F.);
#758 = EDGE_CURVE('',#180,#751,#759,.T.);
#759 = LINE('',#760,#761);
#760 = CARTESIAN_POINT('',(0.73,0.2625,3.73));
#761 = VECTOR('',#762,1.);
#762 = DIRECTION('',(0.,-1.,3.330669073875E-16));
#763 = ORIENTED_EDGE('',*,*,#187,.T.);
#764 = ORIENTED_EDGE('',*,*,#495,.T.);
#765 = PLANE('',#766);
#766 = AXIS2_PLACEMENT_3D('',#767,#768,#769);
#767 = CARTESIAN_POINT('',(0.73,0.2625,0.302499999998));
#768 = DIRECTION('',(-1.,0.,0.));
#769 = DIRECTION('',(0.,3.330669073875E-16,1.));
#770 = ADVANCED_FACE('',(#771),#789,.F.);
#771 = FACE_BOUND('',#772,.F.);
#772 = EDGE_LOOP('',(#773,#774,#775,#783));
#773 = ORIENTED_EDGE('',*,*,#179,.T.);
#774 = ORIENTED_EDGE('',*,*,#758,.T.);
#775 = ORIENTED_EDGE('',*,*,#776,.T.);
#776 = EDGE_CURVE('',#751,#777,#779,.T.);
#777 = VERTEX_POINT('',#778);
#778 = CARTESIAN_POINT('',(-0.73,-0.2625,3.73));
#779 = LINE('',#780,#781);
#780 = CARTESIAN_POINT('',(0.73,-0.2625,3.73));
#781 = VECTOR('',#782,1.);
#782 = DIRECTION('',(-1.,0.,0.));
#783 = ORIENTED_EDGE('',*,*,#784,.F.);
#784 = EDGE_CURVE('',#172,#777,#785,.T.);
#785 = LINE('',#786,#787);
#786 = CARTESIAN_POINT('',(-0.73,0.2625,3.73));
#787 = VECTOR('',#788,1.);
#788 = DIRECTION('',(0.,-1.,3.330669073875E-16));
#789 = PLANE('',#790);
#790 = AXIS2_PLACEMENT_3D('',#791,#792,#793);
#791 = CARTESIAN_POINT('',(0.73,0.2625,3.73));
#792 = DIRECTION('',(0.,-3.330669073875E-16,-1.));
#793 = DIRECTION('',(-1.,-0.,0.));
#794 = ADVANCED_FACE('',(#795),#822,.F.);
#795 = FACE_BOUND('',#796,.F.);
#796 = EDGE_LOOP('',(#797,#798,#799,#807,#815,#821));
#797 = ORIENTED_EDGE('',*,*,#171,.T.);
#798 = ORIENTED_EDGE('',*,*,#784,.T.);
#799 = ORIENTED_EDGE('',*,*,#800,.T.);
#800 = EDGE_CURVE('',#777,#801,#803,.T.);
#801 = VERTEX_POINT('',#802);
#802 = CARTESIAN_POINT('',(-0.73,-0.2625,0.302499999998));
#803 = LINE('',#804,#805);
#804 = CARTESIAN_POINT('',(-0.73,-0.2625,3.73));
#805 = VECTOR('',#806,1.);
#806 = DIRECTION('',(0.,-3.330669073875E-16,-1.));
#807 = ORIENTED_EDGE('',*,*,#808,.F.);
#808 = EDGE_CURVE('',#809,#801,#811,.T.);
#809 = VERTEX_POINT('',#810);
#810 = CARTESIAN_POINT('',(-0.73,0.2625,0.302499999998));
#811 = LINE('',#812,#813);
#812 = CARTESIAN_POINT('',(-0.73,0.2625,0.302499999998));
#813 = VECTOR('',#814,1.);
#814 = DIRECTION('',(0.,-1.,3.330669073875E-16));
#815 = ORIENTED_EDGE('',*,*,#816,.F.);
#816 = EDGE_CURVE('',#504,#809,#817,.T.);
#817 = LINE('',#818,#819);
#818 = CARTESIAN_POINT('',(-0.73,0.2625,3.73));
#819 = VECTOR('',#820,1.);
#820 = DIRECTION('',(0.,-3.330669073875E-16,-1.));
#821 = ORIENTED_EDGE('',*,*,#511,.T.);
#822 = PLANE('',#823);
#823 = AXIS2_PLACEMENT_3D('',#824,#825,#826);
#824 = CARTESIAN_POINT('',(-0.73,0.2625,3.73));
#825 = DIRECTION('',(1.,0.,0.));
#826 = DIRECTION('',(0.,-3.330669073875E-16,-1.));
#827 = ADVANCED_FACE('',(#828),#862,.T.);
#828 = FACE_BOUND('',#829,.T.);
#829 = EDGE_LOOP('',(#830,#831,#839,#847,#855,#861));
#830 = ORIENTED_EDGE('',*,*,#371,.T.);
#831 = ORIENTED_EDGE('',*,*,#832,.T.);
#832 = EDGE_CURVE('',#364,#833,#835,.T.);
#833 = VERTEX_POINT('',#834);
#834 = CARTESIAN_POINT('',(-2.575,1.89,18.775));
#835 = LINE('',#836,#837);
#836 = CARTESIAN_POINT('',(-2.575,1.89,5.));
#837 = VECTOR('',#838,1.);
#838 = DIRECTION('',(0.,0.,1.));
#839 = ORIENTED_EDGE('',*,*,#840,.T.);
#840 = EDGE_CURVE('',#833,#841,#843,.T.);
#841 = VERTEX_POINT('',#842);
#842 = CARTESIAN_POINT('',(-2.575,3.16,18.775));
#843 = LINE('',#844,#845);
#844 = CARTESIAN_POINT('',(-2.575,1.89,18.775));
#845 = VECTOR('',#846,1.);
#846 = DIRECTION('',(0.,1.,0.));
#847 = ORIENTED_EDGE('',*,*,#848,.F.);
#848 = EDGE_CURVE('',#849,#841,#851,.T.);
#849 = VERTEX_POINT('',#850);
#850 = CARTESIAN_POINT('',(-2.575,3.16,5.));
#851 = LINE('',#852,#853);
#852 = CARTESIAN_POINT('',(-2.575,3.16,5.));
#853 = VECTOR('',#854,1.);
#854 = DIRECTION('',(0.,0.,1.));
#855 = ORIENTED_EDGE('',*,*,#856,.F.);
#856 = EDGE_CURVE('',#396,#849,#857,.T.);
#857 = LINE('',#858,#859);
#858 = CARTESIAN_POINT('',(-2.575,1.89,5.));
#859 = VECTOR('',#860,1.);
#860 = DIRECTION('',(0.,1.,0.));
#861 = ORIENTED_EDGE('',*,*,#395,.T.);
#862 = PLANE('',#863);
#863 = AXIS2_PLACEMENT_3D('',#864,#865,#866);
#864 = CARTESIAN_POINT('',(-2.575,1.89,5.));
#865 = DIRECTION('',(-1.,0.,0.));
#866 = DIRECTION('',(0.,1.,0.));
#867 = ADVANCED_FACE('',(#868,#886),#897,.T.);
#868 = FACE_BOUND('',#869,.T.);
#869 = EDGE_LOOP('',(#870,#871,#879,#885));
#870 = ORIENTED_EDGE('',*,*,#363,.T.);
#871 = ORIENTED_EDGE('',*,*,#872,.T.);
#872 = EDGE_CURVE('',#356,#873,#875,.T.);
#873 = VERTEX_POINT('',#874);
#874 = CARTESIAN_POINT('',(7.655,1.89,18.775));
#875 = LINE('',#876,#877);
#876 = CARTESIAN_POINT('',(7.655,1.89,5.));
#877 = VECTOR('',#878,1.);
#878 = DIRECTION('',(0.,0.,1.));
#879 = ORIENTED_EDGE('',*,*,#880,.T.);
#880 = EDGE_CURVE('',#873,#833,#881,.T.);
#881 = LINE('',#882,#883);
#882 = CARTESIAN_POINT('',(7.655,1.89,18.775));
#883 = VECTOR('',#884,1.);
#884 = DIRECTION('',(-1.,0.,0.));
#885 = ORIENTED_EDGE('',*,*,#832,.F.);
#886 = FACE_BOUND('',#887,.T.);
#887 = EDGE_LOOP('',(#888));
#888 = ORIENTED_EDGE('',*,*,#889,.F.);
#889 = EDGE_CURVE('',#890,#890,#892,.T.);
#890 = VERTEX_POINT('',#891);
#891 = CARTESIAN_POINT('',(4.4075,1.89,16.005));
#892 = CIRCLE('',#893,1.8675);
#893 = AXIS2_PLACEMENT_3D('',#894,#895,#896);
#894 = CARTESIAN_POINT('',(2.54,1.89,16.005));
#895 = DIRECTION('',(0.,-1.,2.22044604925E-16));
#896 = DIRECTION('',(1.,0.,0.));
#897 = PLANE('',#898);
#898 = AXIS2_PLACEMENT_3D('',#899,#900,#901);
#899 = CARTESIAN_POINT('',(7.655,1.89,5.));
#900 = DIRECTION('',(0.,-1.,0.));
#901 = DIRECTION('',(-1.,0.,0.));
#902 = ADVANCED_FACE('',(#903),#930,.T.);
#903 = FACE_BOUND('',#904,.T.);
#904 = EDGE_LOOP('',(#905,#913,#921,#927,#928,#929));
#905 = ORIENTED_EDGE('',*,*,#906,.F.);
#906 = EDGE_CURVE('',#907,#404,#909,.T.);
#907 = VERTEX_POINT('',#908);
#908 = CARTESIAN_POINT('',(7.655,3.16,5.));
#909 = LINE('',#910,#911);
#910 = CARTESIAN_POINT('',(7.655,3.16,5.));
#911 = VECTOR('',#912,1.);
#912 = DIRECTION('',(0.,-1.,0.));
#913 = ORIENTED_EDGE('',*,*,#914,.T.);
#914 = EDGE_CURVE('',#907,#915,#917,.T.);
#915 = VERTEX_POINT('',#916);
#916 = CARTESIAN_POINT('',(7.655,3.16,18.775));
#917 = LINE('',#918,#919);
#918 = CARTESIAN_POINT('',(7.655,3.16,5.));
#919 = VECTOR('',#920,1.);
#920 = DIRECTION('',(0.,0.,1.));
#921 = ORIENTED_EDGE('',*,*,#922,.T.);
#922 = EDGE_CURVE('',#915,#873,#923,.T.);
#923 = LINE('',#924,#925);
#924 = CARTESIAN_POINT('',(7.655,3.16,18.775));
#925 = VECTOR('',#926,1.);
#926 = DIRECTION('',(0.,-1.,0.));
#927 = ORIENTED_EDGE('',*,*,#872,.F.);
#928 = ORIENTED_EDGE('',*,*,#355,.T.);
#929 = ORIENTED_EDGE('',*,*,#411,.T.);
#930 = PLANE('',#931);
#931 = AXIS2_PLACEMENT_3D('',#932,#933,#934);
#932 = CARTESIAN_POINT('',(7.655,3.16,5.));
#933 = DIRECTION('',(1.,0.,0.));
#934 = DIRECTION('',(0.,-1.,0.));
#935 = ADVANCED_FACE('',(#936),#947,.F.);
#936 = FACE_BOUND('',#937,.F.);
#937 = EDGE_LOOP('',(#938,#944,#945,#946));
#938 = ORIENTED_EDGE('',*,*,#939,.F.);
#939 = EDGE_CURVE('',#849,#907,#940,.T.);
#940 = LINE('',#941,#942);
#941 = CARTESIAN_POINT('',(-2.575,3.16,5.));
#942 = VECTOR('',#943,1.);
#943 = DIRECTION('',(1.,0.,0.));
#944 = ORIENTED_EDGE('',*,*,#856,.F.);
#945 = ORIENTED_EDGE('',*,*,#403,.T.);
#946 = ORIENTED_EDGE('',*,*,#906,.F.);
#947 = PLANE('',#948);
#948 = AXIS2_PLACEMENT_3D('',#949,#950,#951);
#949 = CARTESIAN_POINT('',(-2.575,3.16,5.));
#950 = DIRECTION('',(0.,0.,1.));
#951 = DIRECTION('',(1.,0.,-0.));
#952 = ADVANCED_FACE('',(#953),#1004,.F.);
#953 = FACE_BOUND('',#954,.F.);
#954 = EDGE_LOOP('',(#955,#956,#964,#972,#980,#988,#996,#1002,#1003));
#955 = ORIENTED_EDGE('',*,*,#816,.T.);
#956 = ORIENTED_EDGE('',*,*,#957,.T.);
#957 = EDGE_CURVE('',#809,#958,#960,.T.);
#958 = VERTEX_POINT('',#959);
#959 = CARTESIAN_POINT('',(-0.4275,0.2625,-8.743006318923E-17));
#960 = LINE('',#961,#962);
#961 = CARTESIAN_POINT('',(-0.73,0.2625,0.302499999998));
#962 = VECTOR('',#963,1.);
#963 = DIRECTION('',(0.707106781188,-2.355138688019E-16,-0.707106781185)
  );
#964 = ORIENTED_EDGE('',*,*,#965,.T.);
#965 = EDGE_CURVE('',#958,#966,#968,.T.);
#966 = VERTEX_POINT('',#967);
#967 = CARTESIAN_POINT('',(-0.4275,0.2625,-9.009548279765));
#968 = LINE('',#969,#970);
#969 = CARTESIAN_POINT('',(-0.4275,0.2625,-8.743006318923E-17));
#970 = VECTOR('',#971,1.);
#971 = DIRECTION('',(-6.161368972952E-18,-3.330669073875E-16,-1.));
#972 = ORIENTED_EDGE('',*,*,#973,.T.);
#973 = EDGE_CURVE('',#966,#974,#976,.T.);
#974 = VERTEX_POINT('',#975);
#975 = CARTESIAN_POINT('',(0.,0.2625,-9.75));
#976 = LINE('',#977,#978);
#977 = CARTESIAN_POINT('',(-0.4275,0.2625,-9.009548279765));
#978 = VECTOR('',#979,1.);
#979 = DIRECTION('',(0.5,-2.884444029576E-16,-0.866025403784));
#980 = ORIENTED_EDGE('',*,*,#981,.T.);
#981 = EDGE_CURVE('',#974,#982,#984,.T.);
#982 = VERTEX_POINT('',#983);
#983 = CARTESIAN_POINT('',(0.4275,0.2625,-9.009548279765));
#984 = LINE('',#985,#986);
#985 = CARTESIAN_POINT('',(0.,0.2625,-9.75));
#986 = VECTOR('',#987,1.);
#987 = DIRECTION('',(0.5,2.884444029576E-16,0.866025403784));
#988 = ORIENTED_EDGE('',*,*,#989,.T.);
#989 = EDGE_CURVE('',#982,#990,#992,.T.);
#990 = VERTEX_POINT('',#991);
#991 = CARTESIAN_POINT('',(0.4275,0.2625,-8.743006318923E-17));
#992 = LINE('',#993,#994);
#993 = CARTESIAN_POINT('',(0.4275,0.2625,-9.009548279765));
#994 = VECTOR('',#995,1.);
#995 = DIRECTION('',(0.,3.330669073875E-16,1.));
#996 = ORIENTED_EDGE('',*,*,#997,.T.);
#997 = EDGE_CURVE('',#990,#735,#998,.T.);
#998 = LINE('',#999,#1000);
#999 = CARTESIAN_POINT('',(0.4275,0.2625,-8.743006318923E-17));
#1000 = VECTOR('',#1001,1.);
#1001 = DIRECTION('',(0.707106781188,2.355138688019E-16,0.707106781185)
  );
#1002 = ORIENTED_EDGE('',*,*,#734,.T.);
#1003 = ORIENTED_EDGE('',*,*,#503,.T.);
#1004 = PLANE('',#1005);
#1005 = AXIS2_PLACEMENT_3D('',#1006,#1007,#1008);
#1006 = CARTESIAN_POINT('',(-0.73,0.2625,0.302499999998));
#1007 = DIRECTION('',(0.,-1.,3.330669073875E-16));
#1008 = DIRECTION('',(0.,-3.330669073875E-16,-1.));
#1009 = ADVANCED_FACE('',(#1010),#1061,.F.);
#1010 = FACE_BOUND('',#1011,.F.);
#1011 = EDGE_LOOP('',(#1012,#1013,#1021,#1029,#1037,#1045,#1053,#1059,
    #1060));
#1012 = ORIENTED_EDGE('',*,*,#719,.T.);
#1013 = ORIENTED_EDGE('',*,*,#1014,.T.);
#1014 = EDGE_CURVE('',#712,#1015,#1017,.T.);
#1015 = VERTEX_POINT('',#1016);
#1016 = CARTESIAN_POINT('',(2.1125,0.2625,-8.743006318923E-17));
#1017 = LINE('',#1018,#1019);
#1018 = CARTESIAN_POINT('',(1.81,0.2625,0.3025));
#1019 = VECTOR('',#1020,1.);
#1020 = DIRECTION('',(0.707106781187,-2.355138688025E-16,-0.707106781186
    ));
#1021 = ORIENTED_EDGE('',*,*,#1022,.T.);
#1022 = EDGE_CURVE('',#1015,#1023,#1025,.T.);
#1023 = VERTEX_POINT('',#1024);
#1024 = CARTESIAN_POINT('',(2.1125,0.2625,-9.009548279765));
#1025 = LINE('',#1026,#1027);
#1026 = CARTESIAN_POINT('',(2.1125,0.2625,-8.743006318923E-17));
#1027 = VECTOR('',#1028,1.);
#1028 = DIRECTION('',(0.,-3.330669073875E-16,-1.));
#1029 = ORIENTED_EDGE('',*,*,#1030,.T.);
#1030 = EDGE_CURVE('',#1023,#1031,#1033,.T.);
#1031 = VERTEX_POINT('',#1032);
#1032 = CARTESIAN_POINT('',(2.54,0.2625,-9.75));
#1033 = LINE('',#1034,#1035);
#1034 = CARTESIAN_POINT('',(2.1125,0.2625,-9.009548279765));
#1035 = VECTOR('',#1036,1.);
#1036 = DIRECTION('',(0.5,-2.884444029576E-16,-0.866025403784));
#1037 = ORIENTED_EDGE('',*,*,#1038,.T.);
#1038 = EDGE_CURVE('',#1031,#1039,#1041,.T.);
#1039 = VERTEX_POINT('',#1040);
#1040 = CARTESIAN_POINT('',(2.9675,0.2625,-9.009548279765));
#1041 = LINE('',#1042,#1043);
#1042 = CARTESIAN_POINT('',(2.54,0.2625,-9.75));
#1043 = VECTOR('',#1044,1.);
#1044 = DIRECTION('',(0.5,2.884444029576E-16,0.866025403784));
#1045 = ORIENTED_EDGE('',*,*,#1046,.T.);
#1046 = EDGE_CURVE('',#1039,#1047,#1049,.T.);
#1047 = VERTEX_POINT('',#1048);
#1048 = CARTESIAN_POINT('',(2.9675,0.2625,-8.743006318923E-17));
#1049 = LINE('',#1050,#1051);
#1050 = CARTESIAN_POINT('',(2.9675,0.2625,-9.009548279765));
#1051 = VECTOR('',#1052,1.);
#1052 = DIRECTION('',(0.,3.330669073875E-16,1.));
#1053 = ORIENTED_EDGE('',*,*,#1054,.T.);
#1054 = EDGE_CURVE('',#1047,#638,#1055,.T.);
#1055 = LINE('',#1056,#1057);
#1056 = CARTESIAN_POINT('',(2.9675,0.2625,-8.743006318923E-17));
#1057 = VECTOR('',#1058,1.);
#1058 = DIRECTION('',(0.707106781187,2.355138688025E-16,0.707106781186)
  );
#1059 = ORIENTED_EDGE('',*,*,#637,.T.);
#1060 = ORIENTED_EDGE('',*,*,#480,.T.);
#1061 = PLANE('',#1062);
#1062 = AXIS2_PLACEMENT_3D('',#1063,#1064,#1065);
#1063 = CARTESIAN_POINT('',(1.81,0.2625,0.3025));
#1064 = DIRECTION('',(0.,-1.,3.330669073875E-16));
#1065 = DIRECTION('',(0.,-3.330669073875E-16,-1.));
#1066 = ADVANCED_FACE('',(#1067),#1118,.F.);
#1067 = FACE_BOUND('',#1068,.F.);
#1068 = EDGE_LOOP('',(#1069,#1070,#1078,#1086,#1094,#1102,#1110,#1116,
    #1117));
#1069 = ORIENTED_EDGE('',*,*,#622,.T.);
#1070 = ORIENTED_EDGE('',*,*,#1071,.T.);
#1071 = EDGE_CURVE('',#615,#1072,#1074,.T.);
#1072 = VERTEX_POINT('',#1073);
#1073 = CARTESIAN_POINT('',(4.6525,0.2625,-8.743006318923E-17));
#1074 = LINE('',#1075,#1076);
#1075 = CARTESIAN_POINT('',(4.35,0.2625,0.3025));
#1076 = VECTOR('',#1077,1.);
#1077 = DIRECTION('',(0.707106781187,-2.355138688025E-16,-0.707106781186
    ));
#1078 = ORIENTED_EDGE('',*,*,#1079,.T.);
#1079 = EDGE_CURVE('',#1072,#1080,#1082,.T.);
#1080 = VERTEX_POINT('',#1081);
#1081 = CARTESIAN_POINT('',(4.6525,0.2625,-9.009548279765));
#1082 = LINE('',#1083,#1084);
#1083 = CARTESIAN_POINT('',(4.6525,0.2625,-8.743006318923E-17));
#1084 = VECTOR('',#1085,1.);
#1085 = DIRECTION('',(0.,-3.330669073875E-16,-1.));
#1086 = ORIENTED_EDGE('',*,*,#1087,.T.);
#1087 = EDGE_CURVE('',#1080,#1088,#1090,.T.);
#1088 = VERTEX_POINT('',#1089);
#1089 = CARTESIAN_POINT('',(5.08,0.2625,-9.75));
#1090 = LINE('',#1091,#1092);
#1091 = CARTESIAN_POINT('',(4.6525,0.2625,-9.009548279765));
#1092 = VECTOR('',#1093,1.);
#1093 = DIRECTION('',(0.5,-2.884444029576E-16,-0.866025403784));
#1094 = ORIENTED_EDGE('',*,*,#1095,.T.);
#1095 = EDGE_CURVE('',#1088,#1096,#1098,.T.);
#1096 = VERTEX_POINT('',#1097);
#1097 = CARTESIAN_POINT('',(5.5075,0.2625,-9.009548279765));
#1098 = LINE('',#1099,#1100);
#1099 = CARTESIAN_POINT('',(5.08,0.2625,-9.75));
#1100 = VECTOR('',#1101,1.);
#1101 = DIRECTION('',(0.5,2.884444029576E-16,0.866025403784));
#1102 = ORIENTED_EDGE('',*,*,#1103,.T.);
#1103 = EDGE_CURVE('',#1096,#1104,#1106,.T.);
#1104 = VERTEX_POINT('',#1105);
#1105 = CARTESIAN_POINT('',(5.5075,0.2625,-8.743006318923E-17));
#1106 = LINE('',#1107,#1108);
#1107 = CARTESIAN_POINT('',(5.5075,0.2625,-9.009548279765));
#1108 = VECTOR('',#1109,1.);
#1109 = DIRECTION('',(0.,3.330669073875E-16,1.));
#1110 = ORIENTED_EDGE('',*,*,#1111,.T.);
#1111 = EDGE_CURVE('',#1104,#541,#1112,.T.);
#1112 = LINE('',#1113,#1114);
#1113 = CARTESIAN_POINT('',(5.5075,0.2625,-8.743006318923E-17));
#1114 = VECTOR('',#1115,1.);
#1115 = DIRECTION('',(0.707106781187,2.355138688025E-16,0.707106781186)
  );
#1116 = ORIENTED_EDGE('',*,*,#540,.T.);
#1117 = ORIENTED_EDGE('',*,*,#457,.T.);
#1118 = PLANE('',#1119);
#1119 = AXIS2_PLACEMENT_3D('',#1120,#1121,#1122);
#1120 = CARTESIAN_POINT('',(4.35,0.2625,0.3025));
#1121 = DIRECTION('',(0.,-1.,3.330669073875E-16));
#1122 = DIRECTION('',(0.,-3.330669073875E-16,-1.));
#1123 = ADVANCED_FACE('',(#1124),#1175,.T.);
#1124 = FACE_BOUND('',#1125,.T.);
#1125 = EDGE_LOOP('',(#1126,#1134,#1142,#1150,#1158,#1166,#1172,#1173,
    #1174));
#1126 = ORIENTED_EDGE('',*,*,#1127,.T.);
#1127 = EDGE_CURVE('',#607,#1128,#1130,.T.);
#1128 = VERTEX_POINT('',#1129);
#1129 = CARTESIAN_POINT('',(4.6525,-0.2625,8.743006318923E-17));
#1130 = LINE('',#1131,#1132);
#1131 = CARTESIAN_POINT('',(4.35,-0.2625,0.3025));
#1132 = VECTOR('',#1133,1.);
#1133 = DIRECTION('',(0.707106781187,-2.355138688025E-16,-0.707106781186
    ));
#1134 = ORIENTED_EDGE('',*,*,#1135,.T.);
#1135 = EDGE_CURVE('',#1128,#1136,#1138,.T.);
#1136 = VERTEX_POINT('',#1137);
#1137 = CARTESIAN_POINT('',(4.6525,-0.2625,-9.009548279765));
#1138 = LINE('',#1139,#1140);
#1139 = CARTESIAN_POINT('',(4.6525,-0.2625,8.743006318923E-17));
#1140 = VECTOR('',#1141,1.);
#1141 = DIRECTION('',(0.,-3.330669073875E-16,-1.));
#1142 = ORIENTED_EDGE('',*,*,#1143,.T.);
#1143 = EDGE_CURVE('',#1136,#1144,#1146,.T.);
#1144 = VERTEX_POINT('',#1145);
#1145 = CARTESIAN_POINT('',(5.08,-0.2625,-9.75));
#1146 = LINE('',#1147,#1148);
#1147 = CARTESIAN_POINT('',(4.6525,-0.2625,-9.009548279765));
#1148 = VECTOR('',#1149,1.);
#1149 = DIRECTION('',(0.5,-2.884444029576E-16,-0.866025403784));
#1150 = ORIENTED_EDGE('',*,*,#1151,.T.);
#1151 = EDGE_CURVE('',#1144,#1152,#1154,.T.);
#1152 = VERTEX_POINT('',#1153);
#1153 = CARTESIAN_POINT('',(5.5075,-0.2625,-9.009548279765));
#1154 = LINE('',#1155,#1156);
#1155 = CARTESIAN_POINT('',(5.08,-0.2625,-9.75));
#1156 = VECTOR('',#1157,1.);
#1157 = DIRECTION('',(0.5,2.884444029576E-16,0.866025403784));
#1158 = ORIENTED_EDGE('',*,*,#1159,.T.);
#1159 = EDGE_CURVE('',#1152,#1160,#1162,.T.);
#1160 = VERTEX_POINT('',#1161);
#1161 = CARTESIAN_POINT('',(5.5075,-0.2625,8.743006318923E-17));
#1162 = LINE('',#1163,#1164);
#1163 = CARTESIAN_POINT('',(5.5075,-0.2625,-9.009548279765));
#1164 = VECTOR('',#1165,1.);
#1165 = DIRECTION('',(0.,3.330669073875E-16,1.));
#1166 = ORIENTED_EDGE('',*,*,#1167,.T.);
#1167 = EDGE_CURVE('',#1160,#549,#1168,.T.);
#1168 = LINE('',#1169,#1170);
#1169 = CARTESIAN_POINT('',(5.5075,-0.2625,8.743006318923E-17));
#1170 = VECTOR('',#1171,1.);
#1171 = DIRECTION('',(0.707106781187,2.355138688025E-16,0.707106781186)
  );
#1172 = ORIENTED_EDGE('',*,*,#556,.T.);
#1173 = ORIENTED_EDGE('',*,*,#582,.T.);
#1174 = ORIENTED_EDGE('',*,*,#606,.T.);
#1175 = PLANE('',#1176);
#1176 = AXIS2_PLACEMENT_3D('',#1177,#1178,#1179);
#1177 = CARTESIAN_POINT('',(4.35,-0.2625,0.3025));
#1178 = DIRECTION('',(0.,-1.,3.330669073875E-16));
#1179 = DIRECTION('',(0.,-3.330669073875E-16,-1.));
#1180 = ADVANCED_FACE('',(#1181),#1192,.F.);
#1181 = FACE_BOUND('',#1182,.F.);
#1182 = EDGE_LOOP('',(#1183,#1189,#1190,#1191));
#1183 = ORIENTED_EDGE('',*,*,#1184,.T.);
#1184 = EDGE_CURVE('',#1104,#1160,#1185,.T.);
#1185 = LINE('',#1186,#1187);
#1186 = CARTESIAN_POINT('',(5.5075,0.2625,-8.743006318923E-17));
#1187 = VECTOR('',#1188,1.);
#1188 = DIRECTION('',(0.,-1.,3.330669073875E-16));
#1189 = ORIENTED_EDGE('',*,*,#1167,.T.);
#1190 = ORIENTED_EDGE('',*,*,#548,.F.);
#1191 = ORIENTED_EDGE('',*,*,#1111,.F.);
#1192 = PLANE('',#1193);
#1193 = AXIS2_PLACEMENT_3D('',#1194,#1195,#1196);
#1194 = CARTESIAN_POINT('',(5.5075,0.2625,-8.743006318923E-17));
#1195 = DIRECTION('',(-0.707106781186,2.355138688026E-16,0.707106781187)
  );
#1196 = DIRECTION('',(0.707106781187,2.355138688025E-16,0.707106781186)
  );
#1197 = ADVANCED_FACE('',(#1198),#1209,.F.);
#1198 = FACE_BOUND('',#1199,.F.);
#1199 = EDGE_LOOP('',(#1200,#1201,#1202,#1208));
#1200 = ORIENTED_EDGE('',*,*,#614,.T.);
#1201 = ORIENTED_EDGE('',*,*,#1127,.T.);
#1202 = ORIENTED_EDGE('',*,*,#1203,.F.);
#1203 = EDGE_CURVE('',#1072,#1128,#1204,.T.);
#1204 = LINE('',#1205,#1206);
#1205 = CARTESIAN_POINT('',(4.6525,0.2625,-8.743006318923E-17));
#1206 = VECTOR('',#1207,1.);
#1207 = DIRECTION('',(0.,-1.,3.330669073875E-16));
#1208 = ORIENTED_EDGE('',*,*,#1071,.F.);
#1209 = PLANE('',#1210);
#1210 = AXIS2_PLACEMENT_3D('',#1211,#1212,#1213);
#1211 = CARTESIAN_POINT('',(4.35,0.2625,0.3025));
#1212 = DIRECTION('',(0.707106781186,2.355138688026E-16,0.707106781187)
  );
#1213 = DIRECTION('',(0.707106781187,-2.355138688025E-16,-0.707106781186
    ));
#1214 = ADVANCED_FACE('',(#1215),#1266,.T.);
#1215 = FACE_BOUND('',#1216,.T.);
#1216 = EDGE_LOOP('',(#1217,#1225,#1233,#1241,#1249,#1257,#1263,#1264,
    #1265));
#1217 = ORIENTED_EDGE('',*,*,#1218,.T.);
#1218 = EDGE_CURVE('',#704,#1219,#1221,.T.);
#1219 = VERTEX_POINT('',#1220);
#1220 = CARTESIAN_POINT('',(2.1125,-0.2625,8.743006318923E-17));
#1221 = LINE('',#1222,#1223);
#1222 = CARTESIAN_POINT('',(1.81,-0.2625,0.3025));
#1223 = VECTOR('',#1224,1.);
#1224 = DIRECTION('',(0.707106781187,-2.355138688025E-16,-0.707106781186
    ));
#1225 = ORIENTED_EDGE('',*,*,#1226,.T.);
#1226 = EDGE_CURVE('',#1219,#1227,#1229,.T.);
#1227 = VERTEX_POINT('',#1228);
#1228 = CARTESIAN_POINT('',(2.1125,-0.2625,-9.009548279765));
#1229 = LINE('',#1230,#1231);
#1230 = CARTESIAN_POINT('',(2.1125,-0.2625,8.743006318923E-17));
#1231 = VECTOR('',#1232,1.);
#1232 = DIRECTION('',(0.,-3.330669073875E-16,-1.));
#1233 = ORIENTED_EDGE('',*,*,#1234,.T.);
#1234 = EDGE_CURVE('',#1227,#1235,#1237,.T.);
#1235 = VERTEX_POINT('',#1236);
#1236 = CARTESIAN_POINT('',(2.54,-0.2625,-9.75));
#1237 = LINE('',#1238,#1239);
#1238 = CARTESIAN_POINT('',(2.1125,-0.2625,-9.009548279765));
#1239 = VECTOR('',#1240,1.);
#1240 = DIRECTION('',(0.5,-2.884444029576E-16,-0.866025403784));
#1241 = ORIENTED_EDGE('',*,*,#1242,.T.);
#1242 = EDGE_CURVE('',#1235,#1243,#1245,.T.);
#1243 = VERTEX_POINT('',#1244);
#1244 = CARTESIAN_POINT('',(2.9675,-0.2625,-9.009548279765));
#1245 = LINE('',#1246,#1247);
#1246 = CARTESIAN_POINT('',(2.54,-0.2625,-9.75));
#1247 = VECTOR('',#1248,1.);
#1248 = DIRECTION('',(0.5,2.884444029576E-16,0.866025403784));
#1249 = ORIENTED_EDGE('',*,*,#1250,.T.);
#1250 = EDGE_CURVE('',#1243,#1251,#1253,.T.);
#1251 = VERTEX_POINT('',#1252);
#1252 = CARTESIAN_POINT('',(2.9675,-0.2625,8.743006318923E-17));
#1253 = LINE('',#1254,#1255);
#1254 = CARTESIAN_POINT('',(2.9675,-0.2625,-9.009548279765));
#1255 = VECTOR('',#1256,1.);
#1256 = DIRECTION('',(0.,3.330669073875E-16,1.));
#1257 = ORIENTED_EDGE('',*,*,#1258,.T.);
#1258 = EDGE_CURVE('',#1251,#646,#1259,.T.);
#1259 = LINE('',#1260,#1261);
#1260 = CARTESIAN_POINT('',(2.9675,-0.2625,8.743006318923E-17));
#1261 = VECTOR('',#1262,1.);
#1262 = DIRECTION('',(0.707106781187,2.355138688025E-16,0.707106781186)
  );
#1263 = ORIENTED_EDGE('',*,*,#653,.T.);
#1264 = ORIENTED_EDGE('',*,*,#679,.T.);
#1265 = ORIENTED_EDGE('',*,*,#703,.T.);
#1266 = PLANE('',#1267);
#1267 = AXIS2_PLACEMENT_3D('',#1268,#1269,#1270);
#1268 = CARTESIAN_POINT('',(1.81,-0.2625,0.3025));
#1269 = DIRECTION('',(0.,-1.,3.330669073875E-16));
#1270 = DIRECTION('',(0.,-3.330669073875E-16,-1.));
#1271 = ADVANCED_FACE('',(#1272),#1283,.F.);
#1272 = FACE_BOUND('',#1273,.F.);
#1273 = EDGE_LOOP('',(#1274,#1280,#1281,#1282));
#1274 = ORIENTED_EDGE('',*,*,#1275,.T.);
#1275 = EDGE_CURVE('',#1047,#1251,#1276,.T.);
#1276 = LINE('',#1277,#1278);
#1277 = CARTESIAN_POINT('',(2.9675,0.2625,-8.743006318923E-17));
#1278 = VECTOR('',#1279,1.);
#1279 = DIRECTION('',(0.,-1.,3.330669073875E-16));
#1280 = ORIENTED_EDGE('',*,*,#1258,.T.);
#1281 = ORIENTED_EDGE('',*,*,#645,.F.);
#1282 = ORIENTED_EDGE('',*,*,#1054,.F.);
#1283 = PLANE('',#1284);
#1284 = AXIS2_PLACEMENT_3D('',#1285,#1286,#1287);
#1285 = CARTESIAN_POINT('',(2.9675,0.2625,-8.743006318923E-17));
#1286 = DIRECTION('',(-0.707106781186,2.355138688026E-16,0.707106781187)
  );
#1287 = DIRECTION('',(0.707106781187,2.355138688025E-16,0.707106781186)
  );
#1288 = ADVANCED_FACE('',(#1289),#1300,.F.);
#1289 = FACE_BOUND('',#1290,.F.);
#1290 = EDGE_LOOP('',(#1291,#1292,#1293,#1299));
#1291 = ORIENTED_EDGE('',*,*,#711,.T.);
#1292 = ORIENTED_EDGE('',*,*,#1218,.T.);
#1293 = ORIENTED_EDGE('',*,*,#1294,.F.);
#1294 = EDGE_CURVE('',#1015,#1219,#1295,.T.);
#1295 = LINE('',#1296,#1297);
#1296 = CARTESIAN_POINT('',(2.1125,0.2625,-8.743006318923E-17));
#1297 = VECTOR('',#1298,1.);
#1298 = DIRECTION('',(0.,-1.,3.330669073875E-16));
#1299 = ORIENTED_EDGE('',*,*,#1014,.F.);
#1300 = PLANE('',#1301);
#1301 = AXIS2_PLACEMENT_3D('',#1302,#1303,#1304);
#1302 = CARTESIAN_POINT('',(1.81,0.2625,0.3025));
#1303 = DIRECTION('',(0.707106781186,2.355138688026E-16,0.707106781187)
  );
#1304 = DIRECTION('',(0.707106781187,-2.355138688025E-16,-0.707106781186
    ));
#1305 = ADVANCED_FACE('',(#1306),#1357,.T.);
#1306 = FACE_BOUND('',#1307,.T.);
#1307 = EDGE_LOOP('',(#1308,#1316,#1324,#1332,#1340,#1348,#1354,#1355,
    #1356));
#1308 = ORIENTED_EDGE('',*,*,#1309,.T.);
#1309 = EDGE_CURVE('',#801,#1310,#1312,.T.);
#1310 = VERTEX_POINT('',#1311);
#1311 = CARTESIAN_POINT('',(-0.4275,-0.2625,8.743006318923E-17));
#1312 = LINE('',#1313,#1314);
#1313 = CARTESIAN_POINT('',(-0.73,-0.2625,0.302499999998));
#1314 = VECTOR('',#1315,1.);
#1315 = DIRECTION('',(0.707106781188,-2.355138688019E-16,-0.707106781185
    ));
#1316 = ORIENTED_EDGE('',*,*,#1317,.T.);
#1317 = EDGE_CURVE('',#1310,#1318,#1320,.T.);
#1318 = VERTEX_POINT('',#1319);
#1319 = CARTESIAN_POINT('',(-0.4275,-0.2625,-9.009548279765));
#1320 = LINE('',#1321,#1322);
#1321 = CARTESIAN_POINT('',(-0.4275,-0.2625,8.743006318923E-17));
#1322 = VECTOR('',#1323,1.);
#1323 = DIRECTION('',(-6.161368972952E-18,-3.330669073875E-16,-1.));
#1324 = ORIENTED_EDGE('',*,*,#1325,.T.);
#1325 = EDGE_CURVE('',#1318,#1326,#1328,.T.);
#1326 = VERTEX_POINT('',#1327);
#1327 = CARTESIAN_POINT('',(0.,-0.2625,-9.75));
#1328 = LINE('',#1329,#1330);
#1329 = CARTESIAN_POINT('',(-0.4275,-0.2625,-9.009548279765));
#1330 = VECTOR('',#1331,1.);
#1331 = DIRECTION('',(0.5,-2.884444029576E-16,-0.866025403784));
#1332 = ORIENTED_EDGE('',*,*,#1333,.T.);
#1333 = EDGE_CURVE('',#1326,#1334,#1336,.T.);
#1334 = VERTEX_POINT('',#1335);
#1335 = CARTESIAN_POINT('',(0.4275,-0.2625,-9.009548279765));
#1336 = LINE('',#1337,#1338);
#1337 = CARTESIAN_POINT('',(0.,-0.2625,-9.75));
#1338 = VECTOR('',#1339,1.);
#1339 = DIRECTION('',(0.5,2.884444029576E-16,0.866025403784));
#1340 = ORIENTED_EDGE('',*,*,#1341,.T.);
#1341 = EDGE_CURVE('',#1334,#1342,#1344,.T.);
#1342 = VERTEX_POINT('',#1343);
#1343 = CARTESIAN_POINT('',(0.4275,-0.2625,8.743006318923E-17));
#1344 = LINE('',#1345,#1346);
#1345 = CARTESIAN_POINT('',(0.4275,-0.2625,-9.009548279765));
#1346 = VECTOR('',#1347,1.);
#1347 = DIRECTION('',(0.,3.330669073875E-16,1.));
#1348 = ORIENTED_EDGE('',*,*,#1349,.T.);
#1349 = EDGE_CURVE('',#1342,#743,#1350,.T.);
#1350 = LINE('',#1351,#1352);
#1351 = CARTESIAN_POINT('',(0.4275,-0.2625,8.743006318923E-17));
#1352 = VECTOR('',#1353,1.);
#1353 = DIRECTION('',(0.707106781188,2.355138688019E-16,0.707106781185)
  );
#1354 = ORIENTED_EDGE('',*,*,#750,.T.);
#1355 = ORIENTED_EDGE('',*,*,#776,.T.);
#1356 = ORIENTED_EDGE('',*,*,#800,.T.);
#1357 = PLANE('',#1358);
#1358 = AXIS2_PLACEMENT_3D('',#1359,#1360,#1361);
#1359 = CARTESIAN_POINT('',(-0.73,-0.2625,0.302499999998));
#1360 = DIRECTION('',(0.,-1.,3.330669073875E-16));
#1361 = DIRECTION('',(0.,-3.330669073875E-16,-1.));
#1362 = ADVANCED_FACE('',(#1363),#1374,.F.);
#1363 = FACE_BOUND('',#1364,.F.);
#1364 = EDGE_LOOP('',(#1365,#1371,#1372,#1373));
#1365 = ORIENTED_EDGE('',*,*,#1366,.T.);
#1366 = EDGE_CURVE('',#990,#1342,#1367,.T.);
#1367 = LINE('',#1368,#1369);
#1368 = CARTESIAN_POINT('',(0.4275,0.2625,-8.743006318923E-17));
#1369 = VECTOR('',#1370,1.);
#1370 = DIRECTION('',(0.,-1.,3.330669073875E-16));
#1371 = ORIENTED_EDGE('',*,*,#1349,.T.);
#1372 = ORIENTED_EDGE('',*,*,#742,.F.);
#1373 = ORIENTED_EDGE('',*,*,#997,.F.);
#1374 = PLANE('',#1375);
#1375 = AXIS2_PLACEMENT_3D('',#1376,#1377,#1378);
#1376 = CARTESIAN_POINT('',(0.4275,0.2625,-8.743006318923E-17));
#1377 = DIRECTION('',(-0.707106781185,2.355138688032E-16,0.707106781188)
  );
#1378 = DIRECTION('',(0.707106781188,2.355138688019E-16,0.707106781185)
  );
#1379 = ADVANCED_FACE('',(#1380),#1391,.F.);
#1380 = FACE_BOUND('',#1381,.F.);
#1381 = EDGE_LOOP('',(#1382,#1383,#1384,#1390));
#1382 = ORIENTED_EDGE('',*,*,#808,.T.);
#1383 = ORIENTED_EDGE('',*,*,#1309,.T.);
#1384 = ORIENTED_EDGE('',*,*,#1385,.F.);
#1385 = EDGE_CURVE('',#958,#1310,#1386,.T.);
#1386 = LINE('',#1387,#1388);
#1387 = CARTESIAN_POINT('',(-0.4275,0.2625,-8.743006318923E-17));
#1388 = VECTOR('',#1389,1.);
#1389 = DIRECTION('',(0.,-1.,3.330669073875E-16));
#1390 = ORIENTED_EDGE('',*,*,#957,.F.);
#1391 = PLANE('',#1392);
#1392 = AXIS2_PLACEMENT_3D('',#1393,#1394,#1395);
#1393 = CARTESIAN_POINT('',(-0.73,0.2625,0.302499999998));
#1394 = DIRECTION('',(0.707106781185,2.355138688032E-16,0.707106781188)
  );
#1395 = DIRECTION('',(0.707106781188,-2.355138688019E-16,-0.707106781185
    ));
#1396 = ADVANCED_FACE('',(#1397,#1408),#1419,.T.);
#1397 = FACE_BOUND('',#1398,.T.);
#1398 = EDGE_LOOP('',(#1399,#1400,#1406,#1407));
#1399 = ORIENTED_EDGE('',*,*,#848,.T.);
#1400 = ORIENTED_EDGE('',*,*,#1401,.T.);
#1401 = EDGE_CURVE('',#841,#915,#1402,.T.);
#1402 = LINE('',#1403,#1404);
#1403 = CARTESIAN_POINT('',(-2.575,3.16,18.775));
#1404 = VECTOR('',#1405,1.);
#1405 = DIRECTION('',(1.,0.,0.));
#1406 = ORIENTED_EDGE('',*,*,#914,.F.);
#1407 = ORIENTED_EDGE('',*,*,#939,.F.);
#1408 = FACE_BOUND('',#1409,.T.);
#1409 = EDGE_LOOP('',(#1410));
#1410 = ORIENTED_EDGE('',*,*,#1411,.T.);
#1411 = EDGE_CURVE('',#1412,#1412,#1414,.T.);
#1412 = VERTEX_POINT('',#1413);
#1413 = CARTESIAN_POINT('',(4.4075,3.16,16.005));
#1414 = CIRCLE('',#1415,1.8675);
#1415 = AXIS2_PLACEMENT_3D('',#1416,#1417,#1418);
#1416 = CARTESIAN_POINT('',(2.54,3.16,16.005));
#1417 = DIRECTION('',(0.,-1.,2.22044604925E-16));
#1418 = DIRECTION('',(1.,0.,0.));
#1419 = PLANE('',#1420);
#1420 = AXIS2_PLACEMENT_3D('',#1421,#1422,#1423);
#1421 = CARTESIAN_POINT('',(-2.575,3.16,5.));
#1422 = DIRECTION('',(0.,1.,0.));
#1423 = DIRECTION('',(1.,0.,0.));
#1424 = ADVANCED_FACE('',(#1425),#1431,.T.);
#1425 = FACE_BOUND('',#1426,.F.);
#1426 = EDGE_LOOP('',(#1427,#1428,#1429,#1430));
#1427 = ORIENTED_EDGE('',*,*,#1401,.T.);
#1428 = ORIENTED_EDGE('',*,*,#922,.T.);
#1429 = ORIENTED_EDGE('',*,*,#880,.T.);
#1430 = ORIENTED_EDGE('',*,*,#840,.T.);
#1431 = PLANE('',#1432);
#1432 = AXIS2_PLACEMENT_3D('',#1433,#1434,#1435);
#1433 = CARTESIAN_POINT('',(-2.575,3.16,18.775));
#1434 = DIRECTION('',(0.,0.,1.));
#1435 = DIRECTION('',(1.,0.,-0.));
#1436 = ADVANCED_FACE('',(#1437),#1448,.F.);
#1437 = FACE_BOUND('',#1438,.F.);
#1438 = EDGE_LOOP('',(#1439,#1440,#1446,#1447));
#1439 = ORIENTED_EDGE('',*,*,#889,.F.);
#1440 = ORIENTED_EDGE('',*,*,#1441,.T.);
#1441 = EDGE_CURVE('',#890,#1412,#1442,.T.);
#1442 = LINE('',#1443,#1444);
#1443 = CARTESIAN_POINT('',(4.4075,1.89,16.005));
#1444 = VECTOR('',#1445,1.);
#1445 = DIRECTION('',(0.,1.,-2.22044604925E-16));
#1446 = ORIENTED_EDGE('',*,*,#1411,.T.);
#1447 = ORIENTED_EDGE('',*,*,#1441,.F.);
#1448 = CYLINDRICAL_SURFACE('',#1449,1.8675);
#1449 = AXIS2_PLACEMENT_3D('',#1450,#1451,#1452);
#1450 = CARTESIAN_POINT('',(2.54,1.89,16.005));
#1451 = DIRECTION('',(0.,-1.,2.22044604925E-16));
#1452 = DIRECTION('',(1.,0.,0.));
#1453 = ADVANCED_FACE('',(#1454),#1465,.F.);
#1454 = FACE_BOUND('',#1455,.F.);
#1455 = EDGE_LOOP('',(#1456,#1462,#1463,#1464));
#1456 = ORIENTED_EDGE('',*,*,#1457,.T.);
#1457 = EDGE_CURVE('',#982,#1334,#1458,.T.);
#1458 = LINE('',#1459,#1460);
#1459 = CARTESIAN_POINT('',(0.4275,0.2625,-9.009548279765));
#1460 = VECTOR('',#1461,1.);
#1461 = DIRECTION('',(0.,-1.,3.330669073875E-16));
#1462 = ORIENTED_EDGE('',*,*,#1341,.T.);
#1463 = ORIENTED_EDGE('',*,*,#1366,.F.);
#1464 = ORIENTED_EDGE('',*,*,#989,.F.);
#1465 = PLANE('',#1466);
#1466 = AXIS2_PLACEMENT_3D('',#1467,#1468,#1469);
#1467 = CARTESIAN_POINT('',(0.4275,0.2625,-9.009548279765));
#1468 = DIRECTION('',(-1.,0.,0.));
#1469 = DIRECTION('',(0.,3.330669073875E-16,1.));
#1470 = ADVANCED_FACE('',(#1471),#1482,.F.);
#1471 = FACE_BOUND('',#1472,.F.);
#1472 = EDGE_LOOP('',(#1473,#1479,#1480,#1481));
#1473 = ORIENTED_EDGE('',*,*,#1474,.T.);
#1474 = EDGE_CURVE('',#974,#1326,#1475,.T.);
#1475 = LINE('',#1476,#1477);
#1476 = CARTESIAN_POINT('',(0.,0.2625,-9.75));
#1477 = VECTOR('',#1478,1.);
#1478 = DIRECTION('',(0.,-1.,3.330669073875E-16));
#1479 = ORIENTED_EDGE('',*,*,#1333,.T.);
#1480 = ORIENTED_EDGE('',*,*,#1457,.F.);
#1481 = ORIENTED_EDGE('',*,*,#981,.F.);
#1482 = PLANE('',#1483);
#1483 = AXIS2_PLACEMENT_3D('',#1484,#1485,#1486);
#1484 = CARTESIAN_POINT('',(0.,0.2625,-9.75));
#1485 = DIRECTION('',(-0.866025403784,1.66533453694E-16,0.5));
#1486 = DIRECTION('',(0.5,2.884444029576E-16,0.866025403784));
#1487 = ADVANCED_FACE('',(#1488),#1499,.F.);
#1488 = FACE_BOUND('',#1489,.F.);
#1489 = EDGE_LOOP('',(#1490,#1496,#1497,#1498));
#1490 = ORIENTED_EDGE('',*,*,#1491,.T.);
#1491 = EDGE_CURVE('',#966,#1318,#1492,.T.);
#1492 = LINE('',#1493,#1494);
#1493 = CARTESIAN_POINT('',(-0.4275,0.2625,-9.009548279765));
#1494 = VECTOR('',#1495,1.);
#1495 = DIRECTION('',(0.,-1.,3.330669073875E-16));
#1496 = ORIENTED_EDGE('',*,*,#1325,.T.);
#1497 = ORIENTED_EDGE('',*,*,#1474,.F.);
#1498 = ORIENTED_EDGE('',*,*,#973,.F.);
#1499 = PLANE('',#1500);
#1500 = AXIS2_PLACEMENT_3D('',#1501,#1502,#1503);
#1501 = CARTESIAN_POINT('',(-0.4275,0.2625,-9.009548279765));
#1502 = DIRECTION('',(0.866025403784,1.66533453694E-16,0.5));
#1503 = DIRECTION('',(0.5,-2.884444029576E-16,-0.866025403784));
#1504 = ADVANCED_FACE('',(#1505),#1511,.F.);
#1505 = FACE_BOUND('',#1506,.F.);
#1506 = EDGE_LOOP('',(#1507,#1508,#1509,#1510));
#1507 = ORIENTED_EDGE('',*,*,#1385,.T.);
#1508 = ORIENTED_EDGE('',*,*,#1317,.T.);
#1509 = ORIENTED_EDGE('',*,*,#1491,.F.);
#1510 = ORIENTED_EDGE('',*,*,#965,.F.);
#1511 = PLANE('',#1512);
#1512 = AXIS2_PLACEMENT_3D('',#1513,#1514,#1515);
#1513 = CARTESIAN_POINT('',(-0.4275,0.2625,-8.743006318923E-17));
#1514 = DIRECTION('',(1.,-2.052148109095E-33,-6.161368972952E-18));
#1515 = DIRECTION('',(-6.161368972952E-18,-3.330669073875E-16,-1.));
#1516 = ADVANCED_FACE('',(#1517),#1528,.F.);
#1517 = FACE_BOUND('',#1518,.F.);
#1518 = EDGE_LOOP('',(#1519,#1525,#1526,#1527));
#1519 = ORIENTED_EDGE('',*,*,#1520,.T.);
#1520 = EDGE_CURVE('',#1039,#1243,#1521,.T.);
#1521 = LINE('',#1522,#1523);
#1522 = CARTESIAN_POINT('',(2.9675,0.2625,-9.009548279765));
#1523 = VECTOR('',#1524,1.);
#1524 = DIRECTION('',(0.,-1.,3.330669073875E-16));
#1525 = ORIENTED_EDGE('',*,*,#1250,.T.);
#1526 = ORIENTED_EDGE('',*,*,#1275,.F.);
#1527 = ORIENTED_EDGE('',*,*,#1046,.F.);
#1528 = PLANE('',#1529);
#1529 = AXIS2_PLACEMENT_3D('',#1530,#1531,#1532);
#1530 = CARTESIAN_POINT('',(2.9675,0.2625,-9.009548279765));
#1531 = DIRECTION('',(-1.,0.,0.));
#1532 = DIRECTION('',(0.,3.330669073875E-16,1.));
#1533 = ADVANCED_FACE('',(#1534),#1545,.F.);
#1534 = FACE_BOUND('',#1535,.F.);
#1535 = EDGE_LOOP('',(#1536,#1542,#1543,#1544));
#1536 = ORIENTED_EDGE('',*,*,#1537,.T.);
#1537 = EDGE_CURVE('',#1031,#1235,#1538,.T.);
#1538 = LINE('',#1539,#1540);
#1539 = CARTESIAN_POINT('',(2.54,0.2625,-9.75));
#1540 = VECTOR('',#1541,1.);
#1541 = DIRECTION('',(0.,-1.,3.330669073875E-16));
#1542 = ORIENTED_EDGE('',*,*,#1242,.T.);
#1543 = ORIENTED_EDGE('',*,*,#1520,.F.);
#1544 = ORIENTED_EDGE('',*,*,#1038,.F.);
#1545 = PLANE('',#1546);
#1546 = AXIS2_PLACEMENT_3D('',#1547,#1548,#1549);
#1547 = CARTESIAN_POINT('',(2.54,0.2625,-9.75));
#1548 = DIRECTION('',(-0.866025403784,1.66533453694E-16,0.5));
#1549 = DIRECTION('',(0.5,2.884444029576E-16,0.866025403784));
#1550 = ADVANCED_FACE('',(#1551),#1562,.F.);
#1551 = FACE_BOUND('',#1552,.F.);
#1552 = EDGE_LOOP('',(#1553,#1559,#1560,#1561));
#1553 = ORIENTED_EDGE('',*,*,#1554,.T.);
#1554 = EDGE_CURVE('',#1023,#1227,#1555,.T.);
#1555 = LINE('',#1556,#1557);
#1556 = CARTESIAN_POINT('',(2.1125,0.2625,-9.009548279765));
#1557 = VECTOR('',#1558,1.);
#1558 = DIRECTION('',(0.,-1.,3.330669073875E-16));
#1559 = ORIENTED_EDGE('',*,*,#1234,.T.);
#1560 = ORIENTED_EDGE('',*,*,#1537,.F.);
#1561 = ORIENTED_EDGE('',*,*,#1030,.F.);
#1562 = PLANE('',#1563);
#1563 = AXIS2_PLACEMENT_3D('',#1564,#1565,#1566);
#1564 = CARTESIAN_POINT('',(2.1125,0.2625,-9.009548279765));
#1565 = DIRECTION('',(0.866025403784,1.66533453694E-16,0.5));
#1566 = DIRECTION('',(0.5,-2.884444029576E-16,-0.866025403784));
#1567 = ADVANCED_FACE('',(#1568),#1574,.F.);
#1568 = FACE_BOUND('',#1569,.F.);
#1569 = EDGE_LOOP('',(#1570,#1571,#1572,#1573));
#1570 = ORIENTED_EDGE('',*,*,#1294,.T.);
#1571 = ORIENTED_EDGE('',*,*,#1226,.T.);
#1572 = ORIENTED_EDGE('',*,*,#1554,.F.);
#1573 = ORIENTED_EDGE('',*,*,#1022,.F.);
#1574 = PLANE('',#1575);
#1575 = AXIS2_PLACEMENT_3D('',#1576,#1577,#1578);
#1576 = CARTESIAN_POINT('',(2.1125,0.2625,-8.743006318923E-17));
#1577 = DIRECTION('',(1.,0.,0.));
#1578 = DIRECTION('',(0.,-3.330669073875E-16,-1.));
#1579 = ADVANCED_FACE('',(#1580),#1591,.F.);
#1580 = FACE_BOUND('',#1581,.F.);
#1581 = EDGE_LOOP('',(#1582,#1588,#1589,#1590));
#1582 = ORIENTED_EDGE('',*,*,#1583,.T.);
#1583 = EDGE_CURVE('',#1096,#1152,#1584,.T.);
#1584 = LINE('',#1585,#1586);
#1585 = CARTESIAN_POINT('',(5.5075,0.2625,-9.009548279765));
#1586 = VECTOR('',#1587,1.);
#1587 = DIRECTION('',(0.,-1.,3.330669073875E-16));
#1588 = ORIENTED_EDGE('',*,*,#1159,.T.);
#1589 = ORIENTED_EDGE('',*,*,#1184,.F.);
#1590 = ORIENTED_EDGE('',*,*,#1103,.F.);
#1591 = PLANE('',#1592);
#1592 = AXIS2_PLACEMENT_3D('',#1593,#1594,#1595);
#1593 = CARTESIAN_POINT('',(5.5075,0.2625,-9.009548279765));
#1594 = DIRECTION('',(-1.,0.,0.));
#1595 = DIRECTION('',(0.,3.330669073875E-16,1.));
#1596 = ADVANCED_FACE('',(#1597),#1608,.F.);
#1597 = FACE_BOUND('',#1598,.F.);
#1598 = EDGE_LOOP('',(#1599,#1605,#1606,#1607));
#1599 = ORIENTED_EDGE('',*,*,#1600,.T.);
#1600 = EDGE_CURVE('',#1088,#1144,#1601,.T.);
#1601 = LINE('',#1602,#1603);
#1602 = CARTESIAN_POINT('',(5.08,0.2625,-9.75));
#1603 = VECTOR('',#1604,1.);
#1604 = DIRECTION('',(0.,-1.,3.330669073875E-16));
#1605 = ORIENTED_EDGE('',*,*,#1151,.T.);
#1606 = ORIENTED_EDGE('',*,*,#1583,.F.);
#1607 = ORIENTED_EDGE('',*,*,#1095,.F.);
#1608 = PLANE('',#1609);
#1609 = AXIS2_PLACEMENT_3D('',#1610,#1611,#1612);
#1610 = CARTESIAN_POINT('',(5.08,0.2625,-9.75));
#1611 = DIRECTION('',(-0.866025403784,1.66533453694E-16,0.5));
#1612 = DIRECTION('',(0.5,2.884444029576E-16,0.866025403784));
#1613 = ADVANCED_FACE('',(#1614),#1625,.F.);
#1614 = FACE_BOUND('',#1615,.F.);
#1615 = EDGE_LOOP('',(#1616,#1622,#1623,#1624));
#1616 = ORIENTED_EDGE('',*,*,#1617,.T.);
#1617 = EDGE_CURVE('',#1080,#1136,#1618,.T.);
#1618 = LINE('',#1619,#1620);
#1619 = CARTESIAN_POINT('',(4.6525,0.2625,-9.009548279765));
#1620 = VECTOR('',#1621,1.);
#1621 = DIRECTION('',(0.,-1.,3.330669073875E-16));
#1622 = ORIENTED_EDGE('',*,*,#1143,.T.);
#1623 = ORIENTED_EDGE('',*,*,#1600,.F.);
#1624 = ORIENTED_EDGE('',*,*,#1087,.F.);
#1625 = PLANE('',#1626);
#1626 = AXIS2_PLACEMENT_3D('',#1627,#1628,#1629);
#1627 = CARTESIAN_POINT('',(4.6525,0.2625,-9.009548279765));
#1628 = DIRECTION('',(0.866025403784,1.66533453694E-16,0.5));
#1629 = DIRECTION('',(0.5,-2.884444029576E-16,-0.866025403784));
#1630 = ADVANCED_FACE('',(#1631),#1637,.F.);
#1631 = FACE_BOUND('',#1632,.F.);
#1632 = EDGE_LOOP('',(#1633,#1634,#1635,#1636));
#1633 = ORIENTED_EDGE('',*,*,#1203,.T.);
#1634 = ORIENTED_EDGE('',*,*,#1135,.T.);
#1635 = ORIENTED_EDGE('',*,*,#1617,.F.);
#1636 = ORIENTED_EDGE('',*,*,#1079,.F.);
#1637 = PLANE('',#1638);
#1638 = AXIS2_PLACEMENT_3D('',#1639,#1640,#1641);
#1639 = CARTESIAN_POINT('',(4.6525,0.2625,-8.743006318923E-17));
#1640 = DIRECTION('',(1.,0.,0.));
#1641 = DIRECTION('',(0.,-3.330669073875E-16,-1.));
#1642 = ( GEOMETRIC_REPRESENTATION_CONTEXT(3) 
GLOBAL_UNCERTAINTY_ASSIGNED_CONTEXT((#1646)) 
GLOBAL_UNIT_ASSIGNED_CONTEXT((#1643,#1644,#1645)) REPRESENTATION_CONTEXT
('Context #1','3D Context with UNIT and UNCERTAINTY') );
#1643 = ( LENGTH_UNIT() NAMED_UNIT(*) SI_UNIT(.MILLI.,.METRE.) );
#1644 = ( NAMED_UNIT(*) PLANE_ANGLE_UNIT() SI_UNIT($,.RADIAN.) );
#1645 = ( NAMED_UNIT(*) SI_UNIT($,.STERADIAN.) SOLID_ANGLE_UNIT() );
#1646 = UNCERTAINTY_MEASURE_WITH_UNIT(LENGTH_MEASURE(1.E-07),#1643,
  'distance_accuracy_value','confusion accuracy');
#1647 = CONTEXT_DEPENDENT_SHAPE_REPRESENTATION(#1648,#1650);
#1648 = ( REPRESENTATION_RELATIONSHIP('','',#99,#76) 
REPRESENTATION_RELATIONSHIP_WITH_TRANSFORMATION(#1649) 
SHAPE_REPRESENTATION_RELATIONSHIP() );
#1649 = ITEM_DEFINED_TRANSFORMATION('','',#11,#77);
#1650 = PRODUCT_DEFINITION_SHAPE('Placement','Placement of an item',
  #1651);
#1651 = NEXT_ASSEMBLY_USAGE_OCCURRENCE('1','=>[0:1:1:3]','',#71,#94,$);
#1652 = PRODUCT_RELATED_PRODUCT_CATEGORY('part',$,(#96));
#1653 = SHAPE_DEFINITION_REPRESENTATION(#1654,#1660);
#1654 = PRODUCT_DEFINITION_SHAPE('','',#1655);
#1655 = PRODUCT_DEFINITION('design','',#1656,#1659);
#1656 = PRODUCT_DEFINITION_FORMATION('','',#1657);
#1657 = PRODUCT('R_Axial_DIN0204_L3.6mm_D1.6mm_P2.54mm_Vertical',
  'R_Axial_DIN0204_L3.6mm_D1.6mm_P2.54mm_Vertical','',(#1658));
#1658 = PRODUCT_CONTEXT('',#2,'mechanical');
#1659 = PRODUCT_DEFINITION_CONTEXT('part definition',#2,'design');
#1660 = SHAPE_REPRESENTATION('',(#11,#1661),#1665);
#1661 = AXIS2_PLACEMENT_3D('',#1662,#1663,#1664);
#1662 = CARTESIAN_POINT('',(0.,0.,0.));
#1663 = DIRECTION('',(0.,0.,1.));
#1664 = DIRECTION('',(1.,0.,-0.));
#1665 = ( GEOMETRIC_REPRESENTATION_CONTEXT(3) 
GLOBAL_UNCERTAINTY_ASSIGNED_CONTEXT((#1669)) 
GLOBAL_UNIT_ASSIGNED_CONTEXT((#1666,#1667,#1668)) REPRESENTATION_CONTEXT
('Context #1','3D Context with UNIT and UNCERTAINTY') );
#1666 = ( LENGTH_UNIT() NAMED_UNIT(*) SI_UNIT(.MILLI.,.METRE.) );
#1667 = ( NAMED_UNIT(*) PLANE_ANGLE_UNIT() SI_UNIT($,.RADIAN.) );
#1668 = ( NAMED_UNIT(*) SI_UNIT($,.STERADIAN.) SOLID_ANGLE_UNIT() );
#1669 = UNCERTAINTY_MEASURE_WITH_UNIT(LENGTH_MEASURE(1.E-07),#1666,
  'distance_accuracy_value','confusion accuracy');
#1670 = CONTEXT_DEPENDENT_SHAPE_REPRESENTATION(#1671,#1673);
#1671 = ( REPRESENTATION_RELATIONSHIP('','',#1660,#10) 
REPRESENTATION_RELATIONSHIP_WITH_TRANSFORMATION(#1672) 
SHAPE_REPRESENTATION_RELATIONSHIP() );
#1672 = ITEM_DEFINED_TRANSFORMATION('','',#11,#19);
#1673 = PRODUCT_DEFINITION_SHAPE('Placement','Placement of an item',
  #1674);
#1674 = NEXT_ASSEMBLY_USAGE_OCCURRENCE('4','','',#5,#1655,$);
#1675 = PRODUCT_RELATED_PRODUCT_CATEGORY('part',$,(#1657));
#1676 = SHAPE_DEFINITION_REPRESENTATION(#1677,#1683);
#1677 = PRODUCT_DEFINITION_SHAPE('','',#1678);
#1678 = PRODUCT_DEFINITION('design','',#1679,#1682);
#1679 = PRODUCT_DEFINITION_FORMATION('','',#1680);
#1680 = PRODUCT('R_Axial_DIN0204_L36mm_D16mm_P254mm_Vertical',
  'R_Axial_DIN0204_L36mm_D16mm_P254mm_Vertical','',(#1681));
#1681 = PRODUCT_CONTEXT('',#2,'mechanical');
#1682 = PRODUCT_DEFINITION_CONTEXT('part definition',#2,'design');
#1683 = ADVANCED_BREP_SHAPE_REPRESENTATION('',(#11,#1684),#2071);
#1684 = MANIFOLD_SOLID_BREP('',#1685);
#1685 = CLOSED_SHELL('',(#1686,#1719,#1745,#1765,#1785,#1810,#1835,#1855
    ,#1864,#1889,#1915,#1935,#1960,#1986,#2011,#2037,#2062));
#1686 = ADVANCED_FACE('',(#1687),#1714,.T.);
#1687 = FACE_BOUND('',#1688,.T.);
#1688 = EDGE_LOOP('',(#1689,#1698,#1706,#1713));
#1689 = ORIENTED_EDGE('',*,*,#1690,.T.);
#1690 = EDGE_CURVE('',#1691,#1691,#1693,.T.);
#1691 = VERTEX_POINT('',#1692);
#1692 = CARTESIAN_POINT('',(0.8,0.,1.4));
#1693 = CIRCLE('',#1694,0.8);
#1694 = AXIS2_PLACEMENT_3D('',#1695,#1696,#1697);
#1695 = CARTESIAN_POINT('',(0.,0.,1.4));
#1696 = DIRECTION('',(0.,0.,1.));
#1697 = DIRECTION('',(1.,0.,-0.));
#1698 = ORIENTED_EDGE('',*,*,#1699,.T.);
#1699 = EDGE_CURVE('',#1691,#1700,#1702,.T.);
#1700 = VERTEX_POINT('',#1701);
#1701 = CARTESIAN_POINT('',(0.8,0.,1.9));
#1702 = LINE('',#1703,#1704);
#1703 = CARTESIAN_POINT('',(0.8,0.,1.));
#1704 = VECTOR('',#1705,1.);
#1705 = DIRECTION('',(0.,0.,1.));
#1706 = ORIENTED_EDGE('',*,*,#1707,.F.);
#1707 = EDGE_CURVE('',#1700,#1700,#1708,.T.);
#1708 = CIRCLE('',#1709,0.8);
#1709 = AXIS2_PLACEMENT_3D('',#1710,#1711,#1712);
#1710 = CARTESIAN_POINT('',(0.,0.,1.9));
#1711 = DIRECTION('',(0.,0.,1.));
#1712 = DIRECTION('',(1.,0.,-0.));
#1713 = ORIENTED_EDGE('',*,*,#1699,.F.);
#1714 = CYLINDRICAL_SURFACE('',#1715,0.8);
#1715 = AXIS2_PLACEMENT_3D('',#1716,#1717,#1718);
#1716 = CARTESIAN_POINT('',(0.,0.,1.));
#1717 = DIRECTION('',(-0.,-0.,-1.));
#1718 = DIRECTION('',(1.,0.,0.));
#1719 = ADVANCED_FACE('',(#1720),#1740,.T.);
#1720 = FACE_BOUND('',#1721,.T.);
#1721 = EDGE_LOOP('',(#1722,#1731,#1738,#1739));
#1722 = ORIENTED_EDGE('',*,*,#1723,.T.);
#1723 = EDGE_CURVE('',#1724,#1724,#1726,.T.);
#1724 = VERTEX_POINT('',#1725);
#1725 = CARTESIAN_POINT('',(0.4,0.,1.));
#1726 = CIRCLE('',#1727,0.4);
#1727 = AXIS2_PLACEMENT_3D('',#1728,#1729,#1730);
#1728 = CARTESIAN_POINT('',(0.,0.,1.));
#1729 = DIRECTION('',(0.,0.,1.));
#1730 = DIRECTION('',(1.,0.,-0.));
#1731 = ORIENTED_EDGE('',*,*,#1732,.F.);
#1732 = EDGE_CURVE('',#1691,#1724,#1733,.T.);
#1733 = CIRCLE('',#1734,0.4);
#1734 = AXIS2_PLACEMENT_3D('',#1735,#1736,#1737);
#1735 = CARTESIAN_POINT('',(0.4,0.,1.4));
#1736 = DIRECTION('',(-0.,1.,0.));
#1737 = DIRECTION('',(1.,0.,0.));
#1738 = ORIENTED_EDGE('',*,*,#1690,.F.);
#1739 = ORIENTED_EDGE('',*,*,#1732,.T.);
#1740 = TOROIDAL_SURFACE('',#1741,0.4,0.4);
#1741 = AXIS2_PLACEMENT_3D('',#1742,#1743,#1744);
#1742 = CARTESIAN_POINT('',(0.,0.,1.4));
#1743 = DIRECTION('',(0.,0.,-1.));
#1744 = DIRECTION('',(1.,0.,0.));
#1745 = ADVANCED_FACE('',(#1746,#1749),#1760,.F.);
#1746 = FACE_BOUND('',#1747,.F.);
#1747 = EDGE_LOOP('',(#1748));
#1748 = ORIENTED_EDGE('',*,*,#1707,.F.);
#1749 = FACE_BOUND('',#1750,.F.);
#1750 = EDGE_LOOP('',(#1751));
#1751 = ORIENTED_EDGE('',*,*,#1752,.F.);
#1752 = EDGE_CURVE('',#1753,#1753,#1755,.T.);
#1753 = VERTEX_POINT('',#1754);
#1754 = CARTESIAN_POINT('',(0.72,0.,1.9));
#1755 = CIRCLE('',#1756,0.72);
#1756 = AXIS2_PLACEMENT_3D('',#1757,#1758,#1759);
#1757 = CARTESIAN_POINT('',(0.,0.,1.9));
#1758 = DIRECTION('',(0.,0.,-1.));
#1759 = DIRECTION('',(1.,0.,0.));
#1760 = PLANE('',#1761);
#1761 = AXIS2_PLACEMENT_3D('',#1762,#1763,#1764);
#1762 = CARTESIAN_POINT('',(0.8,0.,1.9));
#1763 = DIRECTION('',(0.,0.,-1.));
#1764 = DIRECTION('',(-1.,0.,0.));
#1765 = ADVANCED_FACE('',(#1766,#1769),#1780,.T.);
#1766 = FACE_BOUND('',#1767,.T.);
#1767 = EDGE_LOOP('',(#1768));
#1768 = ORIENTED_EDGE('',*,*,#1723,.F.);
#1769 = FACE_BOUND('',#1770,.T.);
#1770 = EDGE_LOOP('',(#1771));
#1771 = ORIENTED_EDGE('',*,*,#1772,.T.);
#1772 = EDGE_CURVE('',#1773,#1773,#1775,.T.);
#1773 = VERTEX_POINT('',#1774);
#1774 = CARTESIAN_POINT('',(0.25,0.,1.));
#1775 = CIRCLE('',#1776,0.25);
#1776 = AXIS2_PLACEMENT_3D('',#1777,#1778,#1779);
#1777 = CARTESIAN_POINT('',(0.,0.,1.));
#1778 = DIRECTION('',(0.,0.,1.));
#1779 = DIRECTION('',(1.,0.,-0.));
#1780 = PLANE('',#1781);
#1781 = AXIS2_PLACEMENT_3D('',#1782,#1783,#1784);
#1782 = CARTESIAN_POINT('',(0.8,0.,1.));
#1783 = DIRECTION('',(0.,0.,-1.));
#1784 = DIRECTION('',(-1.,0.,0.));
#1785 = ADVANCED_FACE('',(#1786),#1805,.T.);
#1786 = FACE_BOUND('',#1787,.T.);
#1787 = EDGE_LOOP('',(#1788,#1797,#1803,#1804));
#1788 = ORIENTED_EDGE('',*,*,#1789,.T.);
#1789 = EDGE_CURVE('',#1790,#1790,#1792,.T.);
#1790 = VERTEX_POINT('',#1791);
#1791 = CARTESIAN_POINT('',(0.72,0.,3.7));
#1792 = CIRCLE('',#1793,0.72);
#1793 = AXIS2_PLACEMENT_3D('',#1794,#1795,#1796);
#1794 = CARTESIAN_POINT('',(0.,0.,3.7));
#1795 = DIRECTION('',(0.,0.,-1.));
#1796 = DIRECTION('',(1.,0.,0.));
#1797 = ORIENTED_EDGE('',*,*,#1798,.F.);
#1798 = EDGE_CURVE('',#1753,#1790,#1799,.T.);
#1799 = LINE('',#1800,#1801);
#1800 = CARTESIAN_POINT('',(0.72,0.,1.));
#1801 = VECTOR('',#1802,1.);
#1802 = DIRECTION('',(0.,0.,1.));
#1803 = ORIENTED_EDGE('',*,*,#1752,.F.);
#1804 = ORIENTED_EDGE('',*,*,#1798,.T.);
#1805 = CYLINDRICAL_SURFACE('',#1806,0.72);
#1806 = AXIS2_PLACEMENT_3D('',#1807,#1808,#1809);
#1807 = CARTESIAN_POINT('',(0.,0.,1.));
#1808 = DIRECTION('',(-0.,-0.,-1.));
#1809 = DIRECTION('',(1.,0.,0.));
#1810 = ADVANCED_FACE('',(#1811),#1830,.T.);
#1811 = FACE_BOUND('',#1812,.T.);
#1812 = EDGE_LOOP('',(#1813,#1822,#1828,#1829));
#1813 = ORIENTED_EDGE('',*,*,#1814,.T.);
#1814 = EDGE_CURVE('',#1815,#1815,#1817,.T.);
#1815 = VERTEX_POINT('',#1816);
#1816 = CARTESIAN_POINT('',(0.25,-6.123233995737E-17,-3.));
#1817 = CIRCLE('',#1818,0.25);
#1818 = AXIS2_PLACEMENT_3D('',#1819,#1820,#1821);
#1819 = CARTESIAN_POINT('',(0.,0.,-3.));
#1820 = DIRECTION('',(0.,0.,1.));
#1821 = DIRECTION('',(1.,0.,-0.));
#1822 = ORIENTED_EDGE('',*,*,#1823,.T.);
#1823 = EDGE_CURVE('',#1815,#1773,#1824,.T.);
#1824 = LINE('',#1825,#1826);
#1825 = CARTESIAN_POINT('',(0.25,0.,-3.));
#1826 = VECTOR('',#1827,1.);
#1827 = DIRECTION('',(0.,0.,1.));
#1828 = ORIENTED_EDGE('',*,*,#1772,.F.);
#1829 = ORIENTED_EDGE('',*,*,#1823,.F.);
#1830 = CYLINDRICAL_SURFACE('',#1831,0.25);
#1831 = AXIS2_PLACEMENT_3D('',#1832,#1833,#1834);
#1832 = CARTESIAN_POINT('',(0.,0.,-3.));
#1833 = DIRECTION('',(0.,0.,1.));
#1834 = DIRECTION('',(1.,0.,-0.));
#1835 = ADVANCED_FACE('',(#1836,#1847),#1850,.T.);
#1836 = FACE_BOUND('',#1837,.T.);
#1837 = EDGE_LOOP('',(#1838));
#1838 = ORIENTED_EDGE('',*,*,#1839,.F.);
#1839 = EDGE_CURVE('',#1840,#1840,#1842,.T.);
#1840 = VERTEX_POINT('',#1841);
#1841 = CARTESIAN_POINT('',(0.8,0.,3.7));
#1842 = CIRCLE('',#1843,0.8);
#1843 = AXIS2_PLACEMENT_3D('',#1844,#1845,#1846);
#1844 = CARTESIAN_POINT('',(0.,0.,3.7));
#1845 = DIRECTION('',(0.,0.,1.));
#1846 = DIRECTION('',(1.,0.,-0.));
#1847 = FACE_BOUND('',#1848,.T.);
#1848 = EDGE_LOOP('',(#1849));
#1849 = ORIENTED_EDGE('',*,*,#1789,.F.);
#1850 = PLANE('',#1851);
#1851 = AXIS2_PLACEMENT_3D('',#1852,#1853,#1854);
#1852 = CARTESIAN_POINT('',(0.8,0.,3.7));
#1853 = DIRECTION('',(0.,0.,-1.));
#1854 = DIRECTION('',(-1.,0.,0.));
#1855 = ADVANCED_FACE('',(#1856),#1859,.T.);
#1856 = FACE_BOUND('',#1857,.F.);
#1857 = EDGE_LOOP('',(#1858));
#1858 = ORIENTED_EDGE('',*,*,#1814,.T.);
#1859 = PLANE('',#1860);
#1860 = AXIS2_PLACEMENT_3D('',#1861,#1862,#1863);
#1861 = CARTESIAN_POINT('',(0.25,0.,-3.));
#1862 = DIRECTION('',(0.,0.,-1.));
#1863 = DIRECTION('',(-1.,0.,0.));
#1864 = ADVANCED_FACE('',(#1865),#1884,.T.);
#1865 = FACE_BOUND('',#1866,.T.);
#1866 = EDGE_LOOP('',(#1867,#1868,#1876,#1883));
#1867 = ORIENTED_EDGE('',*,*,#1839,.T.);
#1868 = ORIENTED_EDGE('',*,*,#1869,.T.);
#1869 = EDGE_CURVE('',#1840,#1870,#1872,.T.);
#1870 = VERTEX_POINT('',#1871);
#1871 = CARTESIAN_POINT('',(0.8,0.,4.2));
#1872 = LINE('',#1873,#1874);
#1873 = CARTESIAN_POINT('',(0.8,0.,3.7));
#1874 = VECTOR('',#1875,1.);
#1875 = DIRECTION('',(0.,0.,1.));
#1876 = ORIENTED_EDGE('',*,*,#1877,.F.);
#1877 = EDGE_CURVE('',#1870,#1870,#1878,.T.);
#1878 = CIRCLE('',#1879,0.8);
#1879 = AXIS2_PLACEMENT_3D('',#1880,#1881,#1882);
#1880 = CARTESIAN_POINT('',(0.,0.,4.2));
#1881 = DIRECTION('',(0.,0.,1.));
#1882 = DIRECTION('',(1.,0.,-0.));
#1883 = ORIENTED_EDGE('',*,*,#1869,.F.);
#1884 = CYLINDRICAL_SURFACE('',#1885,0.8);
#1885 = AXIS2_PLACEMENT_3D('',#1886,#1887,#1888);
#1886 = CARTESIAN_POINT('',(0.,0.,3.7));
#1887 = DIRECTION('',(-0.,-0.,-1.));
#1888 = DIRECTION('',(1.,0.,0.));
#1889 = ADVANCED_FACE('',(#1890),#1910,.T.);
#1890 = FACE_BOUND('',#1891,.T.);
#1891 = EDGE_LOOP('',(#1892,#1901,#1902,#1903));
#1892 = ORIENTED_EDGE('',*,*,#1893,.F.);
#1893 = EDGE_CURVE('',#1870,#1894,#1896,.T.);
#1894 = VERTEX_POINT('',#1895);
#1895 = CARTESIAN_POINT('',(0.4,0.,4.6));
#1896 = CIRCLE('',#1897,0.4);
#1897 = AXIS2_PLACEMENT_3D('',#1898,#1899,#1900);
#1898 = CARTESIAN_POINT('',(0.4,0.,4.2));
#1899 = DIRECTION('',(0.,-1.,0.));
#1900 = DIRECTION('',(1.,0.,0.));
#1901 = ORIENTED_EDGE('',*,*,#1877,.T.);
#1902 = ORIENTED_EDGE('',*,*,#1893,.T.);
#1903 = ORIENTED_EDGE('',*,*,#1904,.F.);
#1904 = EDGE_CURVE('',#1894,#1894,#1905,.T.);
#1905 = CIRCLE('',#1906,0.4);
#1906 = AXIS2_PLACEMENT_3D('',#1907,#1908,#1909);
#1907 = CARTESIAN_POINT('',(0.,0.,4.6));
#1908 = DIRECTION('',(0.,0.,1.));
#1909 = DIRECTION('',(1.,0.,-0.));
#1910 = TOROIDAL_SURFACE('',#1911,0.4,0.4);
#1911 = AXIS2_PLACEMENT_3D('',#1912,#1913,#1914);
#1912 = CARTESIAN_POINT('',(0.,0.,4.2));
#1913 = DIRECTION('',(0.,0.,1.));
#1914 = DIRECTION('',(1.,0.,-0.));
#1915 = ADVANCED_FACE('',(#1916,#1919),#1930,.F.);
#1916 = FACE_BOUND('',#1917,.F.);
#1917 = EDGE_LOOP('',(#1918));
#1918 = ORIENTED_EDGE('',*,*,#1904,.F.);
#1919 = FACE_BOUND('',#1920,.F.);
#1920 = EDGE_LOOP('',(#1921));
#1921 = ORIENTED_EDGE('',*,*,#1922,.T.);
#1922 = EDGE_CURVE('',#1923,#1923,#1925,.T.);
#1923 = VERTEX_POINT('',#1924);
#1924 = CARTESIAN_POINT('',(0.25,0.,4.6));
#1925 = CIRCLE('',#1926,0.25);
#1926 = AXIS2_PLACEMENT_3D('',#1927,#1928,#1929);
#1927 = CARTESIAN_POINT('',(0.,0.,4.6));
#1928 = DIRECTION('',(0.,0.,1.));
#1929 = DIRECTION('',(1.,0.,-0.));
#1930 = PLANE('',#1931);
#1931 = AXIS2_PLACEMENT_3D('',#1932,#1933,#1934);
#1932 = CARTESIAN_POINT('',(0.8,0.,4.6));
#1933 = DIRECTION('',(0.,0.,-1.));
#1934 = DIRECTION('',(-1.,0.,0.));
#1935 = ADVANCED_FACE('',(#1936),#1955,.T.);
#1936 = FACE_BOUND('',#1937,.T.);
#1937 = EDGE_LOOP('',(#1938,#1939,#1947,#1954));
#1938 = ORIENTED_EDGE('',*,*,#1922,.T.);
#1939 = ORIENTED_EDGE('',*,*,#1940,.T.);
#1940 = EDGE_CURVE('',#1923,#1941,#1943,.T.);
#1941 = VERTEX_POINT('',#1942);
#1942 = CARTESIAN_POINT('',(0.25,0.,5.6));
#1943 = LINE('',#1944,#1945);
#1944 = CARTESIAN_POINT('',(0.25,0.,-3.));
#1945 = VECTOR('',#1946,1.);
#1946 = DIRECTION('',(0.,0.,1.));
#1947 = ORIENTED_EDGE('',*,*,#1948,.F.);
#1948 = EDGE_CURVE('',#1941,#1941,#1949,.T.);
#1949 = CIRCLE('',#1950,0.25);
#1950 = AXIS2_PLACEMENT_3D('',#1951,#1952,#1953);
#1951 = CARTESIAN_POINT('',(0.,0.,5.6));
#1952 = DIRECTION('',(0.,0.,1.));
#1953 = DIRECTION('',(1.,0.,-0.));
#1954 = ORIENTED_EDGE('',*,*,#1940,.F.);
#1955 = CYLINDRICAL_SURFACE('',#1956,0.25);
#1956 = AXIS2_PLACEMENT_3D('',#1957,#1958,#1959);
#1957 = CARTESIAN_POINT('',(0.,0.,-3.));
#1958 = DIRECTION('',(0.,0.,1.));
#1959 = DIRECTION('',(1.,0.,-0.));
#1960 = ADVANCED_FACE('',(#1961),#1981,.T.);
#1961 = FACE_BOUND('',#1962,.T.);
#1962 = EDGE_LOOP('',(#1963,#1972,#1979,#1980));
#1963 = ORIENTED_EDGE('',*,*,#1964,.T.);
#1964 = EDGE_CURVE('',#1941,#1965,#1967,.T.);
#1965 = VERTEX_POINT('',#1966);
#1966 = CARTESIAN_POINT('',(0.75,0.,6.1));
#1967 = CIRCLE('',#1968,0.5);
#1968 = AXIS2_PLACEMENT_3D('',#1969,#1970,#1971);
#1969 = CARTESIAN_POINT('',(0.75,9.184850993605E-17,5.6));
#1970 = DIRECTION('',(0.,1.,-0.));
#1971 = DIRECTION('',(-1.,0.,2.368475785867E-15));
#1972 = ORIENTED_EDGE('',*,*,#1973,.T.);
#1973 = EDGE_CURVE('',#1965,#1965,#1974,.T.);
#1974 = CIRCLE('',#1975,0.25);
#1975 = AXIS2_PLACEMENT_3D('',#1976,#1977,#1978);
#1976 = CARTESIAN_POINT('',(0.75,0.,6.35));
#1977 = DIRECTION('',(-1.,0.,-2.577737862441E-15));
#1978 = DIRECTION('',(-2.577737862441E-15,0.,1.));
#1979 = ORIENTED_EDGE('',*,*,#1964,.F.);
#1980 = ORIENTED_EDGE('',*,*,#1948,.T.);
#1981 = TOROIDAL_SURFACE('',#1982,0.75,0.25);
#1982 = AXIS2_PLACEMENT_3D('',#1983,#1984,#1985);
#1983 = CARTESIAN_POINT('',(0.75,0.,5.6));
#1984 = DIRECTION('',(0.,1.,0.));
#1985 = DIRECTION('',(-1.,0.,2.368475785867E-15));
#1986 = ADVANCED_FACE('',(#1987),#2006,.T.);
#1987 = FACE_BOUND('',#1988,.T.);
#1988 = EDGE_LOOP('',(#1989,#1997,#2004,#2005));
#1989 = ORIENTED_EDGE('',*,*,#1990,.T.);
#1990 = EDGE_CURVE('',#1965,#1991,#1993,.T.);
#1991 = VERTEX_POINT('',#1992);
#1992 = CARTESIAN_POINT('',(1.79,0.,6.1));
#1993 = LINE('',#1994,#1995);
#1994 = CARTESIAN_POINT('',(0.75,0.,6.1));
#1995 = VECTOR('',#1996,1.);
#1996 = DIRECTION('',(1.,0.,0.));
#1997 = ORIENTED_EDGE('',*,*,#1998,.F.);
#1998 = EDGE_CURVE('',#1991,#1991,#1999,.T.);
#1999 = CIRCLE('',#2000,0.25);
#2000 = AXIS2_PLACEMENT_3D('',#2001,#2002,#2003);
#2001 = CARTESIAN_POINT('',(1.79,0.,6.35));
#2002 = DIRECTION('',(1.,-0.,0.));
#2003 = DIRECTION('',(0.,0.,-1.));
#2004 = ORIENTED_EDGE('',*,*,#1990,.F.);
#2005 = ORIENTED_EDGE('',*,*,#1973,.F.);
#2006 = CYLINDRICAL_SURFACE('',#2007,0.25);
#2007 = AXIS2_PLACEMENT_3D('',#2008,#2009,#2010);
#2008 = CARTESIAN_POINT('',(0.75,0.,6.35));
#2009 = DIRECTION('',(1.,0.,0.));
#2010 = DIRECTION('',(0.,0.,-1.));
#2011 = ADVANCED_FACE('',(#2012),#2032,.T.);
#2012 = FACE_BOUND('',#2013,.T.);
#2013 = EDGE_LOOP('',(#2014,#2023,#2030,#2031));
#2014 = ORIENTED_EDGE('',*,*,#2015,.T.);
#2015 = EDGE_CURVE('',#1991,#2016,#2018,.T.);
#2016 = VERTEX_POINT('',#2017);
#2017 = CARTESIAN_POINT('',(2.29,0.,5.6));
#2018 = CIRCLE('',#2019,0.5);
#2019 = AXIS2_PLACEMENT_3D('',#2020,#2021,#2022);
#2020 = CARTESIAN_POINT('',(1.79,9.184850993605E-17,5.6));
#2021 = DIRECTION('',(-0.,1.,0.));
#2022 = DIRECTION('',(2.960594732334E-15,0.,1.));
#2023 = ORIENTED_EDGE('',*,*,#2024,.T.);
#2024 = EDGE_CURVE('',#2016,#2016,#2025,.T.);
#2025 = CIRCLE('',#2026,0.25);
#2026 = AXIS2_PLACEMENT_3D('',#2027,#2028,#2029);
#2027 = CARTESIAN_POINT('',(2.54,0.,5.6));
#2028 = DIRECTION('',(-2.429708125824E-15,0.,1.));
#2029 = DIRECTION('',(1.,0.,2.429708125824E-15));
#2030 = ORIENTED_EDGE('',*,*,#2015,.F.);
#2031 = ORIENTED_EDGE('',*,*,#1998,.T.);
#2032 = TOROIDAL_SURFACE('',#2033,0.75,0.25);
#2033 = AXIS2_PLACEMENT_3D('',#2034,#2035,#2036);
#2034 = CARTESIAN_POINT('',(1.79,0.,5.6));
#2035 = DIRECTION('',(0.,1.,0.));
#2036 = DIRECTION('',(2.960594732334E-15,-0.,1.));
#2037 = ADVANCED_FACE('',(#2038),#2057,.T.);
#2038 = FACE_BOUND('',#2039,.T.);
#2039 = EDGE_LOOP('',(#2040,#2048,#2055,#2056));
#2040 = ORIENTED_EDGE('',*,*,#2041,.T.);
#2041 = EDGE_CURVE('',#2016,#2042,#2044,.T.);
#2042 = VERTEX_POINT('',#2043);
#2043 = CARTESIAN_POINT('',(2.29,-6.123233995737E-17,-3.));
#2044 = LINE('',#2045,#2046);
#2045 = CARTESIAN_POINT('',(2.29,0.,5.6));
#2046 = VECTOR('',#2047,1.);
#2047 = DIRECTION('',(0.,0.,-1.));
#2048 = ORIENTED_EDGE('',*,*,#2049,.F.);
#2049 = EDGE_CURVE('',#2042,#2042,#2050,.T.);
#2050 = CIRCLE('',#2051,0.25);
#2051 = AXIS2_PLACEMENT_3D('',#2052,#2053,#2054);
#2052 = CARTESIAN_POINT('',(2.54,0.,-3.));
#2053 = DIRECTION('',(0.,0.,-1.));
#2054 = DIRECTION('',(-1.,0.,0.));
#2055 = ORIENTED_EDGE('',*,*,#2041,.F.);
#2056 = ORIENTED_EDGE('',*,*,#2024,.F.);
#2057 = CYLINDRICAL_SURFACE('',#2058,0.25);
#2058 = AXIS2_PLACEMENT_3D('',#2059,#2060,#2061);
#2059 = CARTESIAN_POINT('',(2.54,0.,5.6));
#2060 = DIRECTION('',(0.,0.,-1.));
#2061 = DIRECTION('',(-1.,0.,0.));
#2062 = ADVANCED_FACE('',(#2063),#2066,.F.);
#2063 = FACE_BOUND('',#2064,.T.);
#2064 = EDGE_LOOP('',(#2065));
#2065 = ORIENTED_EDGE('',*,*,#2049,.T.);
#2066 = PLANE('',#2067);
#2067 = AXIS2_PLACEMENT_3D('',#2068,#2069,#2070);
#2068 = CARTESIAN_POINT('',(2.29,0.,-3.));
#2069 = DIRECTION('',(0.,0.,1.));
#2070 = DIRECTION('',(1.,0.,-0.));
#2071 = ( GEOMETRIC_REPRESENTATION_CONTEXT(3) 
GLOBAL_UNCERTAINTY_ASSIGNED_CONTEXT((#2075)) 
GLOBAL_UNIT_ASSIGNED_CONTEXT((#2072,#2073,#2074)) REPRESENTATION_CONTEXT
('Context #1','3D Context with UNIT and UNCERTAINTY') );
#2072 = ( LENGTH_UNIT() NAMED_UNIT(*) SI_UNIT(.MILLI.,.METRE.) );
#2073 = ( NAMED_UNIT(*) PLANE_ANGLE_UNIT() SI_UNIT($,.RADIAN.) );
#2074 = ( NAMED_UNIT(*) SI_UNIT($,.STERADIAN.) SOLID_ANGLE_UNIT() );
#2075 = UNCERTAINTY_MEASURE_WITH_UNIT(LENGTH_MEASURE(1.E-07),#2072,
  'distance_accuracy_value','confusion accuracy');
#2076 = CONTEXT_DEPENDENT_SHAPE_REPRESENTATION(#2077,#2079);
#2077 = ( REPRESENTATION_RELATIONSHIP('','',#1683,#1660) 
REPRESENTATION_RELATIONSHIP_WITH_TRANSFORMATION(#2078) 
SHAPE_REPRESENTATION_RELATIONSHIP() );
#2078 = ITEM_DEFINED_TRANSFORMATION('','',#11,#1661);
#2079 = PRODUCT_DEFINITION_SHAPE('Placement','Placement of an item',
  #2080);
#2080 = NEXT_ASSEMBLY_USAGE_OCCURRENCE('3','=>[0:1:1:5]','',#1655,#1678,
  $);
#2081 = PRODUCT_RELATED_PRODUCT_CATEGORY('part',$,(#1680));
#2082 = SHAPE_DEFINITION_REPRESENTATION(#2083,#2089);
#2083 = PRODUCT_DEFINITION_SHAPE('','',#2084);
#2084 = PRODUCT_DEFINITION('design','',#2085,#2088);
#2085 = PRODUCT_DEFINITION_FORMATION('','',#2086);
#2086 = PRODUCT('PinHeader_1x02_P2.54mm_Vertical',
  'PinHeader_1x02_P2.54mm_Vertical','',(#2087));
#2087 = PRODUCT_CONTEXT('',#2,'mechanical');
#2088 = PRODUCT_DEFINITION_CONTEXT('part definition',#2,'design');
#2089 = SHAPE_REPRESENTATION('',(#11,#2090),#2094);
#2090 = AXIS2_PLACEMENT_3D('',#2091,#2092,#2093);
#2091 = CARTESIAN_POINT('',(0.,0.,0.));
#2092 = DIRECTION('',(0.,0.,1.));
#2093 = DIRECTION('',(1.,0.,-0.));
#2094 = ( GEOMETRIC_REPRESENTATION_CONTEXT(3) 
GLOBAL_UNCERTAINTY_ASSIGNED_CONTEXT((#2098)) 
GLOBAL_UNIT_ASSIGNED_CONTEXT((#2095,#2096,#2097)) REPRESENTATION_CONTEXT
('Context #1','3D Context with UNIT and UNCERTAINTY') );
#2095 = ( LENGTH_UNIT() NAMED_UNIT(*) SI_UNIT(.MILLI.,.METRE.) );
#2096 = ( NAMED_UNIT(*) PLANE_ANGLE_UNIT() SI_UNIT($,.RADIAN.) );
#2097 = ( NAMED_UNIT(*) SI_UNIT($,.STERADIAN.) SOLID_ANGLE_UNIT() );
#2098 = UNCERTAINTY_MEASURE_WITH_UNIT(LENGTH_MEASURE(1.E-07),#2095,
  'distance_accuracy_value','confusion accuracy');
#2099 = CONTEXT_DEPENDENT_SHAPE_REPRESENTATION(#2100,#2102);
#2100 = ( REPRESENTATION_RELATIONSHIP('','',#2089,#10) 
REPRESENTATION_RELATIONSHIP_WITH_TRANSFORMATION(#2101) 
SHAPE_REPRESENTATION_RELATIONSHIP() );
#2101 = ITEM_DEFINED_TRANSFORMATION('','',#11,#23);
#2102 = PRODUCT_DEFINITION_SHAPE('Placement','Placement of an item',
  #2103);
#2103 = NEXT_ASSEMBLY_USAGE_OCCURRENCE('6','','',#5,#2084,$);
#2104 = PRODUCT_RELATED_PRODUCT_CATEGORY('part',$,(#2086));
#2105 = SHAPE_DEFINITION_REPRESENTATION(#2106,#2112);
#2106 = PRODUCT_DEFINITION_SHAPE('','',#2107);
#2107 = PRODUCT_DEFINITION('design','',#2108,#2111);
#2108 = PRODUCT_DEFINITION_FORMATION('','',#2109);
#2109 = PRODUCT('PinHeader_1x02_P254mm_Vertical',
  'PinHeader_1x02_P254mm_Vertical','',(#2110));
#2110 = PRODUCT_CONTEXT('',#2,'mechanical');
#2111 = PRODUCT_DEFINITION_CONTEXT('part definition',#2,'design');
#2112 = ADVANCED_BREP_SHAPE_REPRESENTATION('',(#11,#2113),#3545);
#2113 = MANIFOLD_SOLID_BREP('',#2114);
#2114 = CLOSED_SHELL('',(#2115,#2155,#2186,#2217,#2382,#2547,#2564,#2581
    ,#2598,#2615,#2632,#2649,#2666,#2683,#2700,#2717,#2729,#2760,#2784,
    #2808,#2825,#2856,#2880,#2904,#2921,#2952,#2976,#3000,#3017,#3048,
    #3072,#3096,#3113,#3144,#3168,#3192,#3209,#3240,#3264,#3288,#3305,
    #3336,#3360,#3384,#3401,#3432,#3456,#3480,#3497,#3509,#3521,#3533));
#2115 = ADVANCED_FACE('',(#2116),#2150,.F.);
#2116 = FACE_BOUND('',#2117,.F.);
#2117 = EDGE_LOOP('',(#2118,#2128,#2136,#2144));
#2118 = ORIENTED_EDGE('',*,*,#2119,.T.);
#2119 = EDGE_CURVE('',#2120,#2122,#2124,.T.);
#2120 = VERTEX_POINT('',#2121);
#2121 = CARTESIAN_POINT('',(-1.016,1.27,0.));
#2122 = VERTEX_POINT('',#2123);
#2123 = CARTESIAN_POINT('',(-1.016,1.27,2.54));
#2124 = LINE('',#2125,#2126);
#2125 = CARTESIAN_POINT('',(-1.016,1.27,0.));
#2126 = VECTOR('',#2127,1.);
#2127 = DIRECTION('',(0.,0.,1.));
#2128 = ORIENTED_EDGE('',*,*,#2129,.T.);
#2129 = EDGE_CURVE('',#2122,#2130,#2132,.T.);
#2130 = VERTEX_POINT('',#2131);
#2131 = CARTESIAN_POINT('',(-1.27,1.016,2.54));
#2132 = LINE('',#2133,#2134);
#2133 = CARTESIAN_POINT('',(-1.016,1.27,2.54));
#2134 = VECTOR('',#2135,1.);
#2135 = DIRECTION('',(-0.707106781187,-0.707106781187,0.));
#2136 = ORIENTED_EDGE('',*,*,#2137,.F.);
#2137 = EDGE_CURVE('',#2138,#2130,#2140,.T.);
#2138 = VERTEX_POINT('',#2139);
#2139 = CARTESIAN_POINT('',(-1.27,1.016,0.));
#2140 = LINE('',#2141,#2142);
#2141 = CARTESIAN_POINT('',(-1.27,1.016,0.));
#2142 = VECTOR('',#2143,1.);
#2143 = DIRECTION('',(0.,0.,1.));
#2144 = ORIENTED_EDGE('',*,*,#2145,.F.);
#2145 = EDGE_CURVE('',#2120,#2138,#2146,.T.);
#2146 = LINE('',#2147,#2148);
#2147 = CARTESIAN_POINT('',(-1.016,1.27,0.));
#2148 = VECTOR('',#2149,1.);
#2149 = DIRECTION('',(-0.707106781187,-0.707106781187,0.));
#2150 = PLANE('',#2151);
#2151 = AXIS2_PLACEMENT_3D('',#2152,#2153,#2154);
#2152 = CARTESIAN_POINT('',(-1.016,1.27,0.));
#2153 = DIRECTION('',(0.707106781187,-0.707106781187,0.));
#2154 = DIRECTION('',(-0.707106781187,-0.707106781187,0.));
#2155 = ADVANCED_FACE('',(#2156),#2181,.F.);
#2156 = FACE_BOUND('',#2157,.F.);
#2157 = EDGE_LOOP('',(#2158,#2168,#2174,#2175));
#2158 = ORIENTED_EDGE('',*,*,#2159,.T.);
#2159 = EDGE_CURVE('',#2160,#2162,#2164,.T.);
#2160 = VERTEX_POINT('',#2161);
#2161 = CARTESIAN_POINT('',(1.016,1.27,0.));
#2162 = VERTEX_POINT('',#2163);
#2163 = CARTESIAN_POINT('',(1.016,1.27,2.54));
#2164 = LINE('',#2165,#2166);
#2165 = CARTESIAN_POINT('',(1.016,1.27,0.));
#2166 = VECTOR('',#2167,1.);
#2167 = DIRECTION('',(0.,0.,1.));
#2168 = ORIENTED_EDGE('',*,*,#2169,.T.);
#2169 = EDGE_CURVE('',#2162,#2122,#2170,.T.);
#2170 = LINE('',#2171,#2172);
#2171 = CARTESIAN_POINT('',(1.016,1.27,2.54));
#2172 = VECTOR('',#2173,1.);
#2173 = DIRECTION('',(-1.,0.,0.));
#2174 = ORIENTED_EDGE('',*,*,#2119,.F.);
#2175 = ORIENTED_EDGE('',*,*,#2176,.F.);
#2176 = EDGE_CURVE('',#2160,#2120,#2177,.T.);
#2177 = LINE('',#2178,#2179);
#2178 = CARTESIAN_POINT('',(1.016,1.27,0.));
#2179 = VECTOR('',#2180,1.);
#2180 = DIRECTION('',(-1.,0.,0.));
#2181 = PLANE('',#2182);
#2182 = AXIS2_PLACEMENT_3D('',#2183,#2184,#2185);
#2183 = CARTESIAN_POINT('',(1.016,1.27,0.));
#2184 = DIRECTION('',(0.,-1.,0.));
#2185 = DIRECTION('',(-1.,0.,0.));
#2186 = ADVANCED_FACE('',(#2187),#2212,.F.);
#2187 = FACE_BOUND('',#2188,.F.);
#2188 = EDGE_LOOP('',(#2189,#2190,#2198,#2206));
#2189 = ORIENTED_EDGE('',*,*,#2137,.T.);
#2190 = ORIENTED_EDGE('',*,*,#2191,.T.);
#2191 = EDGE_CURVE('',#2130,#2192,#2194,.T.);
#2192 = VERTEX_POINT('',#2193);
#2193 = CARTESIAN_POINT('',(-1.27,-1.016,2.54));
#2194 = LINE('',#2195,#2196);
#2195 = CARTESIAN_POINT('',(-1.27,1.016,2.54));
#2196 = VECTOR('',#2197,1.);
#2197 = DIRECTION('',(0.,-1.,0.));
#2198 = ORIENTED_EDGE('',*,*,#2199,.F.);
#2199 = EDGE_CURVE('',#2200,#2192,#2202,.T.);
#2200 = VERTEX_POINT('',#2201);
#2201 = CARTESIAN_POINT('',(-1.27,-1.016,0.));
#2202 = LINE('',#2203,#2204);
#2203 = CARTESIAN_POINT('',(-1.27,-1.016,0.));
#2204 = VECTOR('',#2205,1.);
#2205 = DIRECTION('',(0.,0.,1.));
#2206 = ORIENTED_EDGE('',*,*,#2207,.F.);
#2207 = EDGE_CURVE('',#2138,#2200,#2208,.T.);
#2208 = LINE('',#2209,#2210);
#2209 = CARTESIAN_POINT('',(-1.27,1.016,0.));
#2210 = VECTOR('',#2211,1.);
#2211 = DIRECTION('',(0.,-1.,0.));
#2212 = PLANE('',#2213);
#2213 = AXIS2_PLACEMENT_3D('',#2214,#2215,#2216);
#2214 = CARTESIAN_POINT('',(-1.27,1.016,0.));
#2215 = DIRECTION('',(1.,0.,0.));
#2216 = DIRECTION('',(0.,-1.,0.));
#2217 = ADVANCED_FACE('',(#2218,#2309,#2343),#2377,.F.);
#2218 = FACE_BOUND('',#2219,.F.);
#2219 = EDGE_LOOP('',(#2220,#2221,#2222,#2230,#2238,#2246,#2254,#2262,
    #2270,#2278,#2286,#2294,#2302,#2308));
#2220 = ORIENTED_EDGE('',*,*,#2145,.T.);
#2221 = ORIENTED_EDGE('',*,*,#2207,.T.);
#2222 = ORIENTED_EDGE('',*,*,#2223,.T.);
#2223 = EDGE_CURVE('',#2200,#2224,#2226,.T.);
#2224 = VERTEX_POINT('',#2225);
#2225 = CARTESIAN_POINT('',(-1.016,-1.27,0.));
#2226 = LINE('',#2227,#2228);
#2227 = CARTESIAN_POINT('',(-1.27,-1.016,0.));
#2228 = VECTOR('',#2229,1.);
#2229 = DIRECTION('',(0.707106781187,-0.707106781187,0.));
#2230 = ORIENTED_EDGE('',*,*,#2231,.T.);
#2231 = EDGE_CURVE('',#2224,#2232,#2234,.T.);
#2232 = VERTEX_POINT('',#2233);
#2233 = CARTESIAN_POINT('',(-1.27,-1.524,0.));
#2234 = LINE('',#2235,#2236);
#2235 = CARTESIAN_POINT('',(-1.016,-1.27,0.));
#2236 = VECTOR('',#2237,1.);
#2237 = DIRECTION('',(-0.707106781187,-0.707106781187,0.));
#2238 = ORIENTED_EDGE('',*,*,#2239,.T.);
#2239 = EDGE_CURVE('',#2232,#2240,#2242,.T.);
#2240 = VERTEX_POINT('',#2241);
#2241 = CARTESIAN_POINT('',(-1.27,-3.556,0.));
#2242 = LINE('',#2243,#2244);
#2243 = CARTESIAN_POINT('',(-1.27,-1.524,0.));
#2244 = VECTOR('',#2245,1.);
#2245 = DIRECTION('',(0.,-1.,0.));
#2246 = ORIENTED_EDGE('',*,*,#2247,.T.);
#2247 = EDGE_CURVE('',#2240,#2248,#2250,.T.);
#2248 = VERTEX_POINT('',#2249);
#2249 = CARTESIAN_POINT('',(-1.016,-3.81,0.));
#2250 = LINE('',#2251,#2252);
#2251 = CARTESIAN_POINT('',(-1.27,-3.556,0.));
#2252 = VECTOR('',#2253,1.);
#2253 = DIRECTION('',(0.707106781187,-0.707106781187,0.));
#2254 = ORIENTED_EDGE('',*,*,#2255,.T.);
#2255 = EDGE_CURVE('',#2248,#2256,#2258,.T.);
#2256 = VERTEX_POINT('',#2257);
#2257 = CARTESIAN_POINT('',(1.016,-3.81,0.));
#2258 = LINE('',#2259,#2260);
#2259 = CARTESIAN_POINT('',(-1.016,-3.81,0.));
#2260 = VECTOR('',#2261,1.);
#2261 = DIRECTION('',(1.,0.,0.));
#2262 = ORIENTED_EDGE('',*,*,#2263,.T.);
#2263 = EDGE_CURVE('',#2256,#2264,#2266,.T.);
#2264 = VERTEX_POINT('',#2265);
#2265 = CARTESIAN_POINT('',(1.27,-3.556,0.));
#2266 = LINE('',#2267,#2268);
#2267 = CARTESIAN_POINT('',(1.016,-3.81,0.));
#2268 = VECTOR('',#2269,1.);
#2269 = DIRECTION('',(0.707106781187,0.707106781187,0.));
#2270 = ORIENTED_EDGE('',*,*,#2271,.T.);
#2271 = EDGE_CURVE('',#2264,#2272,#2274,.T.);
#2272 = VERTEX_POINT('',#2273);
#2273 = CARTESIAN_POINT('',(1.27,-1.524,0.));
#2274 = LINE('',#2275,#2276);
#2275 = CARTESIAN_POINT('',(1.27,-3.556,0.));
#2276 = VECTOR('',#2277,1.);
#2277 = DIRECTION('',(0.,1.,0.));
#2278 = ORIENTED_EDGE('',*,*,#2279,.T.);
#2279 = EDGE_CURVE('',#2272,#2280,#2282,.T.);
#2280 = VERTEX_POINT('',#2281);
#2281 = CARTESIAN_POINT('',(1.016,-1.27,0.));
#2282 = LINE('',#2283,#2284);
#2283 = CARTESIAN_POINT('',(1.27,-1.524,0.));
#2284 = VECTOR('',#2285,1.);
#2285 = DIRECTION('',(-0.707106781187,0.707106781187,0.));
#2286 = ORIENTED_EDGE('',*,*,#2287,.T.);
#2287 = EDGE_CURVE('',#2280,#2288,#2290,.T.);
#2288 = VERTEX_POINT('',#2289);
#2289 = CARTESIAN_POINT('',(1.27,-1.016,0.));
#2290 = LINE('',#2291,#2292);
#2291 = CARTESIAN_POINT('',(1.016,-1.27,0.));
#2292 = VECTOR('',#2293,1.);
#2293 = DIRECTION('',(0.707106781187,0.707106781187,0.));
#2294 = ORIENTED_EDGE('',*,*,#2295,.T.);
#2295 = EDGE_CURVE('',#2288,#2296,#2298,.T.);
#2296 = VERTEX_POINT('',#2297);
#2297 = CARTESIAN_POINT('',(1.27,1.016,0.));
#2298 = LINE('',#2299,#2300);
#2299 = CARTESIAN_POINT('',(1.27,-1.016,0.));
#2300 = VECTOR('',#2301,1.);
#2301 = DIRECTION('',(0.,1.,0.));
#2302 = ORIENTED_EDGE('',*,*,#2303,.T.);
#2303 = EDGE_CURVE('',#2296,#2160,#2304,.T.);
#2304 = LINE('',#2305,#2306);
#2305 = CARTESIAN_POINT('',(1.27,1.016,0.));
#2306 = VECTOR('',#2307,1.);
#2307 = DIRECTION('',(-0.707106781187,0.707106781187,0.));
#2308 = ORIENTED_EDGE('',*,*,#2176,.T.);
#2309 = FACE_BOUND('',#2310,.F.);
#2310 = EDGE_LOOP('',(#2311,#2321,#2329,#2337));
#2311 = ORIENTED_EDGE('',*,*,#2312,.T.);
#2312 = EDGE_CURVE('',#2313,#2315,#2317,.T.);
#2313 = VERTEX_POINT('',#2314);
#2314 = CARTESIAN_POINT('',(0.32,-0.32,0.));
#2315 = VERTEX_POINT('',#2316);
#2316 = CARTESIAN_POINT('',(-0.32,-0.32,0.));
#2317 = LINE('',#2318,#2319);
#2318 = CARTESIAN_POINT('',(-0.16,-0.32,0.));
#2319 = VECTOR('',#2320,1.);
#2320 = DIRECTION('',(-1.,0.,0.));
#2321 = ORIENTED_EDGE('',*,*,#2322,.T.);
#2322 = EDGE_CURVE('',#2315,#2323,#2325,.T.);
#2323 = VERTEX_POINT('',#2324);
#2324 = CARTESIAN_POINT('',(-0.32,0.32,0.));
#2325 = LINE('',#2326,#2327);
#2326 = CARTESIAN_POINT('',(-0.32,-0.795,0.));
#2327 = VECTOR('',#2328,1.);
#2328 = DIRECTION('',(0.,1.,0.));
#2329 = ORIENTED_EDGE('',*,*,#2330,.F.);
#2330 = EDGE_CURVE('',#2331,#2323,#2333,.T.);
#2331 = VERTEX_POINT('',#2332);
#2332 = CARTESIAN_POINT('',(0.32,0.32,0.));
#2333 = LINE('',#2334,#2335);
#2334 = CARTESIAN_POINT('',(-0.16,0.32,0.));
#2335 = VECTOR('',#2336,1.);
#2336 = DIRECTION('',(-1.,0.,0.));
#2337 = ORIENTED_EDGE('',*,*,#2338,.F.);
#2338 = EDGE_CURVE('',#2313,#2331,#2339,.T.);
#2339 = LINE('',#2340,#2341);
#2340 = CARTESIAN_POINT('',(0.32,-0.795,0.));
#2341 = VECTOR('',#2342,1.);
#2342 = DIRECTION('',(0.,1.,0.));
#2343 = FACE_BOUND('',#2344,.F.);
#2344 = EDGE_LOOP('',(#2345,#2355,#2363,#2371));
#2345 = ORIENTED_EDGE('',*,*,#2346,.T.);
#2346 = EDGE_CURVE('',#2347,#2349,#2351,.T.);
#2347 = VERTEX_POINT('',#2348);
#2348 = CARTESIAN_POINT('',(0.32,-2.86,0.));
#2349 = VERTEX_POINT('',#2350);
#2350 = CARTESIAN_POINT('',(-0.32,-2.86,0.));
#2351 = LINE('',#2352,#2353);
#2352 = CARTESIAN_POINT('',(-0.16,-2.86,0.));
#2353 = VECTOR('',#2354,1.);
#2354 = DIRECTION('',(-1.,0.,0.));
#2355 = ORIENTED_EDGE('',*,*,#2356,.T.);
#2356 = EDGE_CURVE('',#2349,#2357,#2359,.T.);
#2357 = VERTEX_POINT('',#2358);
#2358 = CARTESIAN_POINT('',(-0.32,-2.22,0.));
#2359 = LINE('',#2360,#2361);
#2360 = CARTESIAN_POINT('',(-0.32,-2.065,0.));
#2361 = VECTOR('',#2362,1.);
#2362 = DIRECTION('',(0.,1.,0.));
#2363 = ORIENTED_EDGE('',*,*,#2364,.F.);
#2364 = EDGE_CURVE('',#2365,#2357,#2367,.T.);
#2365 = VERTEX_POINT('',#2366);
#2366 = CARTESIAN_POINT('',(0.32,-2.22,0.));
#2367 = LINE('',#2368,#2369);
#2368 = CARTESIAN_POINT('',(-0.16,-2.22,0.));
#2369 = VECTOR('',#2370,1.);
#2370 = DIRECTION('',(-1.,0.,0.));
#2371 = ORIENTED_EDGE('',*,*,#2372,.F.);
#2372 = EDGE_CURVE('',#2347,#2365,#2373,.T.);
#2373 = LINE('',#2374,#2375);
#2374 = CARTESIAN_POINT('',(0.32,-2.065,0.));
#2375 = VECTOR('',#2376,1.);
#2376 = DIRECTION('',(0.,1.,0.));
#2377 = PLANE('',#2378);
#2378 = AXIS2_PLACEMENT_3D('',#2379,#2380,#2381);
#2379 = CARTESIAN_POINT('',(1.473843703412E-17,-1.27,0.));
#2380 = DIRECTION('',(0.,0.,1.));
#2381 = DIRECTION('',(1.,0.,-0.));
#2382 = ADVANCED_FACE('',(#2383,#2474,#2508),#2542,.T.);
#2383 = FACE_BOUND('',#2384,.T.);
#2384 = EDGE_LOOP('',(#2385,#2386,#2387,#2395,#2403,#2411,#2419,#2427,
    #2435,#2443,#2451,#2459,#2467,#2473));
#2385 = ORIENTED_EDGE('',*,*,#2129,.T.);
#2386 = ORIENTED_EDGE('',*,*,#2191,.T.);
#2387 = ORIENTED_EDGE('',*,*,#2388,.T.);
#2388 = EDGE_CURVE('',#2192,#2389,#2391,.T.);
#2389 = VERTEX_POINT('',#2390);
#2390 = CARTESIAN_POINT('',(-1.016,-1.27,2.54));
#2391 = LINE('',#2392,#2393);
#2392 = CARTESIAN_POINT('',(-1.27,-1.016,2.54));
#2393 = VECTOR('',#2394,1.);
#2394 = DIRECTION('',(0.707106781187,-0.707106781187,0.));
#2395 = ORIENTED_EDGE('',*,*,#2396,.T.);
#2396 = EDGE_CURVE('',#2389,#2397,#2399,.T.);
#2397 = VERTEX_POINT('',#2398);
#2398 = CARTESIAN_POINT('',(-1.27,-1.524,2.54));
#2399 = LINE('',#2400,#2401);
#2400 = CARTESIAN_POINT('',(-1.016,-1.27,2.54));
#2401 = VECTOR('',#2402,1.);
#2402 = DIRECTION('',(-0.707106781187,-0.707106781187,0.));
#2403 = ORIENTED_EDGE('',*,*,#2404,.T.);
#2404 = EDGE_CURVE('',#2397,#2405,#2407,.T.);
#2405 = VERTEX_POINT('',#2406);
#2406 = CARTESIAN_POINT('',(-1.27,-3.556,2.54));
#2407 = LINE('',#2408,#2409);
#2408 = CARTESIAN_POINT('',(-1.27,-1.524,2.54));
#2409 = VECTOR('',#2410,1.);
#2410 = DIRECTION('',(0.,-1.,0.));
#2411 = ORIENTED_EDGE('',*,*,#2412,.T.);
#2412 = EDGE_CURVE('',#2405,#2413,#2415,.T.);
#2413 = VERTEX_POINT('',#2414);
#2414 = CARTESIAN_POINT('',(-1.016,-3.81,2.54));
#2415 = LINE('',#2416,#2417);
#2416 = CARTESIAN_POINT('',(-1.27,-3.556,2.54));
#2417 = VECTOR('',#2418,1.);
#2418 = DIRECTION('',(0.707106781187,-0.707106781187,0.));
#2419 = ORIENTED_EDGE('',*,*,#2420,.T.);
#2420 = EDGE_CURVE('',#2413,#2421,#2423,.T.);
#2421 = VERTEX_POINT('',#2422);
#2422 = CARTESIAN_POINT('',(1.016,-3.81,2.54));
#2423 = LINE('',#2424,#2425);
#2424 = CARTESIAN_POINT('',(-1.016,-3.81,2.54));
#2425 = VECTOR('',#2426,1.);
#2426 = DIRECTION('',(1.,0.,0.));
#2427 = ORIENTED_EDGE('',*,*,#2428,.T.);
#2428 = EDGE_CURVE('',#2421,#2429,#2431,.T.);
#2429 = VERTEX_POINT('',#2430);
#2430 = CARTESIAN_POINT('',(1.27,-3.556,2.54));
#2431 = LINE('',#2432,#2433);
#2432 = CARTESIAN_POINT('',(1.016,-3.81,2.54));
#2433 = VECTOR('',#2434,1.);
#2434 = DIRECTION('',(0.707106781187,0.707106781187,0.));
#2435 = ORIENTED_EDGE('',*,*,#2436,.T.);
#2436 = EDGE_CURVE('',#2429,#2437,#2439,.T.);
#2437 = VERTEX_POINT('',#2438);
#2438 = CARTESIAN_POINT('',(1.27,-1.524,2.54));
#2439 = LINE('',#2440,#2441);
#2440 = CARTESIAN_POINT('',(1.27,-3.556,2.54));
#2441 = VECTOR('',#2442,1.);
#2442 = DIRECTION('',(0.,1.,0.));
#2443 = ORIENTED_EDGE('',*,*,#2444,.T.);
#2444 = EDGE_CURVE('',#2437,#2445,#2447,.T.);
#2445 = VERTEX_POINT('',#2446);
#2446 = CARTESIAN_POINT('',(1.016,-1.27,2.54));
#2447 = LINE('',#2448,#2449);
#2448 = CARTESIAN_POINT('',(1.27,-1.524,2.54));
#2449 = VECTOR('',#2450,1.);
#2450 = DIRECTION('',(-0.707106781187,0.707106781187,0.));
#2451 = ORIENTED_EDGE('',*,*,#2452,.T.);
#2452 = EDGE_CURVE('',#2445,#2453,#2455,.T.);
#2453 = VERTEX_POINT('',#2454);
#2454 = CARTESIAN_POINT('',(1.27,-1.016,2.54));
#2455 = LINE('',#2456,#2457);
#2456 = CARTESIAN_POINT('',(1.016,-1.27,2.54));
#2457 = VECTOR('',#2458,1.);
#2458 = DIRECTION('',(0.707106781187,0.707106781187,0.));
#2459 = ORIENTED_EDGE('',*,*,#2460,.T.);
#2460 = EDGE_CURVE('',#2453,#2461,#2463,.T.);
#2461 = VERTEX_POINT('',#2462);
#2462 = CARTESIAN_POINT('',(1.27,1.016,2.54));
#2463 = LINE('',#2464,#2465);
#2464 = CARTESIAN_POINT('',(1.27,-1.016,2.54));
#2465 = VECTOR('',#2466,1.);
#2466 = DIRECTION('',(0.,1.,0.));
#2467 = ORIENTED_EDGE('',*,*,#2468,.T.);
#2468 = EDGE_CURVE('',#2461,#2162,#2469,.T.);
#2469 = LINE('',#2470,#2471);
#2470 = CARTESIAN_POINT('',(1.27,1.016,2.54));
#2471 = VECTOR('',#2472,1.);
#2472 = DIRECTION('',(-0.707106781187,0.707106781187,0.));
#2473 = ORIENTED_EDGE('',*,*,#2169,.T.);
#2474 = FACE_BOUND('',#2475,.T.);
#2475 = EDGE_LOOP('',(#2476,#2486,#2494,#2502));
#2476 = ORIENTED_EDGE('',*,*,#2477,.T.);
#2477 = EDGE_CURVE('',#2478,#2480,#2482,.T.);
#2478 = VERTEX_POINT('',#2479);
#2479 = CARTESIAN_POINT('',(0.32,-0.32,2.54));
#2480 = VERTEX_POINT('',#2481);
#2481 = CARTESIAN_POINT('',(-0.32,-0.32,2.54));
#2482 = LINE('',#2483,#2484);
#2483 = CARTESIAN_POINT('',(-0.16,-0.32,2.54));
#2484 = VECTOR('',#2485,1.);
#2485 = DIRECTION('',(-1.,0.,0.));
#2486 = ORIENTED_EDGE('',*,*,#2487,.T.);
#2487 = EDGE_CURVE('',#2480,#2488,#2490,.T.);
#2488 = VERTEX_POINT('',#2489);
#2489 = CARTESIAN_POINT('',(-0.32,0.32,2.54));
#2490 = LINE('',#2491,#2492);
#2491 = CARTESIAN_POINT('',(-0.32,-0.795,2.54));
#2492 = VECTOR('',#2493,1.);
#2493 = DIRECTION('',(0.,1.,0.));
#2494 = ORIENTED_EDGE('',*,*,#2495,.F.);
#2495 = EDGE_CURVE('',#2496,#2488,#2498,.T.);
#2496 = VERTEX_POINT('',#2497);
#2497 = CARTESIAN_POINT('',(0.32,0.32,2.54));
#2498 = LINE('',#2499,#2500);
#2499 = CARTESIAN_POINT('',(-0.16,0.32,2.54));
#2500 = VECTOR('',#2501,1.);
#2501 = DIRECTION('',(-1.,0.,0.));
#2502 = ORIENTED_EDGE('',*,*,#2503,.F.);
#2503 = EDGE_CURVE('',#2478,#2496,#2504,.T.);
#2504 = LINE('',#2505,#2506);
#2505 = CARTESIAN_POINT('',(0.32,-0.795,2.54));
#2506 = VECTOR('',#2507,1.);
#2507 = DIRECTION('',(0.,1.,0.));
#2508 = FACE_BOUND('',#2509,.T.);
#2509 = EDGE_LOOP('',(#2510,#2520,#2528,#2536));
#2510 = ORIENTED_EDGE('',*,*,#2511,.T.);
#2511 = EDGE_CURVE('',#2512,#2514,#2516,.T.);
#2512 = VERTEX_POINT('',#2513);
#2513 = CARTESIAN_POINT('',(0.32,-2.86,2.54));
#2514 = VERTEX_POINT('',#2515);
#2515 = CARTESIAN_POINT('',(-0.32,-2.86,2.54));
#2516 = LINE('',#2517,#2518);
#2517 = CARTESIAN_POINT('',(-0.16,-2.86,2.54));
#2518 = VECTOR('',#2519,1.);
#2519 = DIRECTION('',(-1.,0.,0.));
#2520 = ORIENTED_EDGE('',*,*,#2521,.T.);
#2521 = EDGE_CURVE('',#2514,#2522,#2524,.T.);
#2522 = VERTEX_POINT('',#2523);
#2523 = CARTESIAN_POINT('',(-0.32,-2.22,2.54));
#2524 = LINE('',#2525,#2526);
#2525 = CARTESIAN_POINT('',(-0.32,-2.065,2.54));
#2526 = VECTOR('',#2527,1.);
#2527 = DIRECTION('',(0.,1.,0.));
#2528 = ORIENTED_EDGE('',*,*,#2529,.F.);
#2529 = EDGE_CURVE('',#2530,#2522,#2532,.T.);
#2530 = VERTEX_POINT('',#2531);
#2531 = CARTESIAN_POINT('',(0.32,-2.22,2.54));
#2532 = LINE('',#2533,#2534);
#2533 = CARTESIAN_POINT('',(-0.16,-2.22,2.54));
#2534 = VECTOR('',#2535,1.);
#2535 = DIRECTION('',(-1.,0.,0.));
#2536 = ORIENTED_EDGE('',*,*,#2537,.F.);
#2537 = EDGE_CURVE('',#2512,#2530,#2538,.T.);
#2538 = LINE('',#2539,#2540);
#2539 = CARTESIAN_POINT('',(0.32,-2.065,2.54));
#2540 = VECTOR('',#2541,1.);
#2541 = DIRECTION('',(0.,1.,0.));
#2542 = PLANE('',#2543);
#2543 = AXIS2_PLACEMENT_3D('',#2544,#2545,#2546);
#2544 = CARTESIAN_POINT('',(1.473843703412E-17,-1.27,2.54));
#2545 = DIRECTION('',(0.,0.,1.));
#2546 = DIRECTION('',(1.,0.,-0.));
#2547 = ADVANCED_FACE('',(#2548),#2559,.F.);
#2548 = FACE_BOUND('',#2549,.F.);
#2549 = EDGE_LOOP('',(#2550,#2556,#2557,#2558));
#2550 = ORIENTED_EDGE('',*,*,#2551,.T.);
#2551 = EDGE_CURVE('',#2296,#2461,#2552,.T.);
#2552 = LINE('',#2553,#2554);
#2553 = CARTESIAN_POINT('',(1.27,1.016,0.));
#2554 = VECTOR('',#2555,1.);
#2555 = DIRECTION('',(0.,0.,1.));
#2556 = ORIENTED_EDGE('',*,*,#2468,.T.);
#2557 = ORIENTED_EDGE('',*,*,#2159,.F.);
#2558 = ORIENTED_EDGE('',*,*,#2303,.F.);
#2559 = PLANE('',#2560);
#2560 = AXIS2_PLACEMENT_3D('',#2561,#2562,#2563);
#2561 = CARTESIAN_POINT('',(1.27,1.016,0.));
#2562 = DIRECTION('',(-0.707106781187,-0.707106781187,0.));
#2563 = DIRECTION('',(-0.707106781187,0.707106781187,0.));
#2564 = ADVANCED_FACE('',(#2565),#2576,.F.);
#2565 = FACE_BOUND('',#2566,.F.);
#2566 = EDGE_LOOP('',(#2567,#2568,#2569,#2575));
#2567 = ORIENTED_EDGE('',*,*,#2199,.T.);
#2568 = ORIENTED_EDGE('',*,*,#2388,.T.);
#2569 = ORIENTED_EDGE('',*,*,#2570,.F.);
#2570 = EDGE_CURVE('',#2224,#2389,#2571,.T.);
#2571 = LINE('',#2572,#2573);
#2572 = CARTESIAN_POINT('',(-1.016,-1.27,0.));
#2573 = VECTOR('',#2574,1.);
#2574 = DIRECTION('',(0.,0.,1.));
#2575 = ORIENTED_EDGE('',*,*,#2223,.F.);
#2576 = PLANE('',#2577);
#2577 = AXIS2_PLACEMENT_3D('',#2578,#2579,#2580);
#2578 = CARTESIAN_POINT('',(-1.27,-1.016,0.));
#2579 = DIRECTION('',(0.707106781187,0.707106781187,0.));
#2580 = DIRECTION('',(0.707106781187,-0.707106781187,0.));
#2581 = ADVANCED_FACE('',(#2582),#2593,.F.);
#2582 = FACE_BOUND('',#2583,.F.);
#2583 = EDGE_LOOP('',(#2584,#2590,#2591,#2592));
#2584 = ORIENTED_EDGE('',*,*,#2585,.T.);
#2585 = EDGE_CURVE('',#2288,#2453,#2586,.T.);
#2586 = LINE('',#2587,#2588);
#2587 = CARTESIAN_POINT('',(1.27,-1.016,0.));
#2588 = VECTOR('',#2589,1.);
#2589 = DIRECTION('',(0.,0.,1.));
#2590 = ORIENTED_EDGE('',*,*,#2460,.T.);
#2591 = ORIENTED_EDGE('',*,*,#2551,.F.);
#2592 = ORIENTED_EDGE('',*,*,#2295,.F.);
#2593 = PLANE('',#2594);
#2594 = AXIS2_PLACEMENT_3D('',#2595,#2596,#2597);
#2595 = CARTESIAN_POINT('',(1.27,-1.016,0.));
#2596 = DIRECTION('',(-1.,0.,0.));
#2597 = DIRECTION('',(0.,1.,0.));
#2598 = ADVANCED_FACE('',(#2599),#2610,.F.);
#2599 = FACE_BOUND('',#2600,.F.);
#2600 = EDGE_LOOP('',(#2601,#2602,#2603,#2609));
#2601 = ORIENTED_EDGE('',*,*,#2570,.T.);
#2602 = ORIENTED_EDGE('',*,*,#2396,.T.);
#2603 = ORIENTED_EDGE('',*,*,#2604,.F.);
#2604 = EDGE_CURVE('',#2232,#2397,#2605,.T.);
#2605 = LINE('',#2606,#2607);
#2606 = CARTESIAN_POINT('',(-1.27,-1.524,0.));
#2607 = VECTOR('',#2608,1.);
#2608 = DIRECTION('',(0.,0.,1.));
#2609 = ORIENTED_EDGE('',*,*,#2231,.F.);
#2610 = PLANE('',#2611);
#2611 = AXIS2_PLACEMENT_3D('',#2612,#2613,#2614);
#2612 = CARTESIAN_POINT('',(-1.016,-1.27,0.));
#2613 = DIRECTION('',(0.707106781187,-0.707106781187,0.));
#2614 = DIRECTION('',(-0.707106781187,-0.707106781187,0.));
#2615 = ADVANCED_FACE('',(#2616),#2627,.F.);
#2616 = FACE_BOUND('',#2617,.F.);
#2617 = EDGE_LOOP('',(#2618,#2624,#2625,#2626));
#2618 = ORIENTED_EDGE('',*,*,#2619,.T.);
#2619 = EDGE_CURVE('',#2280,#2445,#2620,.T.);
#2620 = LINE('',#2621,#2622);
#2621 = CARTESIAN_POINT('',(1.016,-1.27,0.));
#2622 = VECTOR('',#2623,1.);
#2623 = DIRECTION('',(0.,0.,1.));
#2624 = ORIENTED_EDGE('',*,*,#2452,.T.);
#2625 = ORIENTED_EDGE('',*,*,#2585,.F.);
#2626 = ORIENTED_EDGE('',*,*,#2287,.F.);
#2627 = PLANE('',#2628);
#2628 = AXIS2_PLACEMENT_3D('',#2629,#2630,#2631);
#2629 = CARTESIAN_POINT('',(1.016,-1.27,0.));
#2630 = DIRECTION('',(-0.707106781187,0.707106781187,0.));
#2631 = DIRECTION('',(0.707106781187,0.707106781187,0.));
#2632 = ADVANCED_FACE('',(#2633),#2644,.F.);
#2633 = FACE_BOUND('',#2634,.F.);
#2634 = EDGE_LOOP('',(#2635,#2636,#2637,#2643));
#2635 = ORIENTED_EDGE('',*,*,#2604,.T.);
#2636 = ORIENTED_EDGE('',*,*,#2404,.T.);
#2637 = ORIENTED_EDGE('',*,*,#2638,.F.);
#2638 = EDGE_CURVE('',#2240,#2405,#2639,.T.);
#2639 = LINE('',#2640,#2641);
#2640 = CARTESIAN_POINT('',(-1.27,-3.556,0.));
#2641 = VECTOR('',#2642,1.);
#2642 = DIRECTION('',(0.,0.,1.));
#2643 = ORIENTED_EDGE('',*,*,#2239,.F.);
#2644 = PLANE('',#2645);
#2645 = AXIS2_PLACEMENT_3D('',#2646,#2647,#2648);
#2646 = CARTESIAN_POINT('',(-1.27,-1.524,0.));
#2647 = DIRECTION('',(1.,0.,0.));
#2648 = DIRECTION('',(0.,-1.,0.));
#2649 = ADVANCED_FACE('',(#2650),#2661,.F.);
#2650 = FACE_BOUND('',#2651,.F.);
#2651 = EDGE_LOOP('',(#2652,#2658,#2659,#2660));
#2652 = ORIENTED_EDGE('',*,*,#2653,.T.);
#2653 = EDGE_CURVE('',#2272,#2437,#2654,.T.);
#2654 = LINE('',#2655,#2656);
#2655 = CARTESIAN_POINT('',(1.27,-1.524,0.));
#2656 = VECTOR('',#2657,1.);
#2657 = DIRECTION('',(0.,0.,1.));
#2658 = ORIENTED_EDGE('',*,*,#2444,.T.);
#2659 = ORIENTED_EDGE('',*,*,#2619,.F.);
#2660 = ORIENTED_EDGE('',*,*,#2279,.F.);
#2661 = PLANE('',#2662);
#2662 = AXIS2_PLACEMENT_3D('',#2663,#2664,#2665);
#2663 = CARTESIAN_POINT('',(1.27,-1.524,0.));
#2664 = DIRECTION('',(-0.707106781187,-0.707106781187,0.));
#2665 = DIRECTION('',(-0.707106781187,0.707106781187,0.));
#2666 = ADVANCED_FACE('',(#2667),#2678,.F.);
#2667 = FACE_BOUND('',#2668,.F.);
#2668 = EDGE_LOOP('',(#2669,#2670,#2671,#2677));
#2669 = ORIENTED_EDGE('',*,*,#2638,.T.);
#2670 = ORIENTED_EDGE('',*,*,#2412,.T.);
#2671 = ORIENTED_EDGE('',*,*,#2672,.F.);
#2672 = EDGE_CURVE('',#2248,#2413,#2673,.T.);
#2673 = LINE('',#2674,#2675);
#2674 = CARTESIAN_POINT('',(-1.016,-3.81,0.));
#2675 = VECTOR('',#2676,1.);
#2676 = DIRECTION('',(0.,0.,1.));
#2677 = ORIENTED_EDGE('',*,*,#2247,.F.);
#2678 = PLANE('',#2679);
#2679 = AXIS2_PLACEMENT_3D('',#2680,#2681,#2682);
#2680 = CARTESIAN_POINT('',(-1.27,-3.556,0.));
#2681 = DIRECTION('',(0.707106781187,0.707106781187,0.));
#2682 = DIRECTION('',(0.707106781187,-0.707106781187,0.));
#2683 = ADVANCED_FACE('',(#2684),#2695,.F.);
#2684 = FACE_BOUND('',#2685,.F.);
#2685 = EDGE_LOOP('',(#2686,#2692,#2693,#2694));
#2686 = ORIENTED_EDGE('',*,*,#2687,.T.);
#2687 = EDGE_CURVE('',#2264,#2429,#2688,.T.);
#2688 = LINE('',#2689,#2690);
#2689 = CARTESIAN_POINT('',(1.27,-3.556,0.));
#2690 = VECTOR('',#2691,1.);
#2691 = DIRECTION('',(0.,0.,1.));
#2692 = ORIENTED_EDGE('',*,*,#2436,.T.);
#2693 = ORIENTED_EDGE('',*,*,#2653,.F.);
#2694 = ORIENTED_EDGE('',*,*,#2271,.F.);
#2695 = PLANE('',#2696);
#2696 = AXIS2_PLACEMENT_3D('',#2697,#2698,#2699);
#2697 = CARTESIAN_POINT('',(1.27,-3.556,0.));
#2698 = DIRECTION('',(-1.,0.,0.));
#2699 = DIRECTION('',(0.,1.,0.));
#2700 = ADVANCED_FACE('',(#2701),#2712,.F.);
#2701 = FACE_BOUND('',#2702,.F.);
#2702 = EDGE_LOOP('',(#2703,#2704,#2705,#2711));
#2703 = ORIENTED_EDGE('',*,*,#2672,.T.);
#2704 = ORIENTED_EDGE('',*,*,#2420,.T.);
#2705 = ORIENTED_EDGE('',*,*,#2706,.F.);
#2706 = EDGE_CURVE('',#2256,#2421,#2707,.T.);
#2707 = LINE('',#2708,#2709);
#2708 = CARTESIAN_POINT('',(1.016,-3.81,0.));
#2709 = VECTOR('',#2710,1.);
#2710 = DIRECTION('',(0.,0.,1.));
#2711 = ORIENTED_EDGE('',*,*,#2255,.F.);
#2712 = PLANE('',#2713);
#2713 = AXIS2_PLACEMENT_3D('',#2714,#2715,#2716);
#2714 = CARTESIAN_POINT('',(-1.016,-3.81,0.));
#2715 = DIRECTION('',(0.,1.,0.));
#2716 = DIRECTION('',(1.,0.,0.));
#2717 = ADVANCED_FACE('',(#2718),#2724,.F.);
#2718 = FACE_BOUND('',#2719,.F.);
#2719 = EDGE_LOOP('',(#2720,#2721,#2722,#2723));
#2720 = ORIENTED_EDGE('',*,*,#2706,.T.);
#2721 = ORIENTED_EDGE('',*,*,#2428,.T.);
#2722 = ORIENTED_EDGE('',*,*,#2687,.F.);
#2723 = ORIENTED_EDGE('',*,*,#2263,.F.);
#2724 = PLANE('',#2725);
#2725 = AXIS2_PLACEMENT_3D('',#2726,#2727,#2728);
#2726 = CARTESIAN_POINT('',(1.016,-3.81,0.));
#2727 = DIRECTION('',(-0.707106781187,0.707106781187,0.));
#2728 = DIRECTION('',(0.707106781187,0.707106781187,0.));
#2729 = ADVANCED_FACE('',(#2730),#2755,.F.);
#2730 = FACE_BOUND('',#2731,.F.);
#2731 = EDGE_LOOP('',(#2732,#2740,#2748,#2754));
#2732 = ORIENTED_EDGE('',*,*,#2733,.F.);
#2733 = EDGE_CURVE('',#2734,#2313,#2736,.T.);
#2734 = VERTEX_POINT('',#2735);
#2735 = CARTESIAN_POINT('',(0.32,-0.32,-2.84));
#2736 = LINE('',#2737,#2738);
#2737 = CARTESIAN_POINT('',(0.32,-0.32,-3.));
#2738 = VECTOR('',#2739,1.);
#2739 = DIRECTION('',(0.,0.,1.));
#2740 = ORIENTED_EDGE('',*,*,#2741,.F.);
#2741 = EDGE_CURVE('',#2742,#2734,#2744,.T.);
#2742 = VERTEX_POINT('',#2743);
#2743 = CARTESIAN_POINT('',(-0.32,-0.32,-2.84));
#2744 = LINE('',#2745,#2746);
#2745 = CARTESIAN_POINT('',(-0.32,-0.32,-2.84));
#2746 = VECTOR('',#2747,1.);
#2747 = DIRECTION('',(1.,0.,0.));
#2748 = ORIENTED_EDGE('',*,*,#2749,.T.);
#2749 = EDGE_CURVE('',#2742,#2315,#2750,.T.);
#2750 = LINE('',#2751,#2752);
#2751 = CARTESIAN_POINT('',(-0.32,-0.32,-3.));
#2752 = VECTOR('',#2753,1.);
#2753 = DIRECTION('',(0.,0.,1.));
#2754 = ORIENTED_EDGE('',*,*,#2312,.F.);
#2755 = PLANE('',#2756);
#2756 = AXIS2_PLACEMENT_3D('',#2757,#2758,#2759);
#2757 = CARTESIAN_POINT('',(-0.32,-0.32,-3.));
#2758 = DIRECTION('',(0.,1.,0.));
#2759 = DIRECTION('',(0.,-0.,1.));
#2760 = ADVANCED_FACE('',(#2761),#2779,.T.);
#2761 = FACE_BOUND('',#2762,.T.);
#2762 = EDGE_LOOP('',(#2763,#2764,#2772,#2778));
#2763 = ORIENTED_EDGE('',*,*,#2733,.F.);
#2764 = ORIENTED_EDGE('',*,*,#2765,.T.);
#2765 = EDGE_CURVE('',#2734,#2766,#2768,.T.);
#2766 = VERTEX_POINT('',#2767);
#2767 = CARTESIAN_POINT('',(0.32,0.32,-2.84));
#2768 = LINE('',#2769,#2770);
#2769 = CARTESIAN_POINT('',(0.32,-0.32,-2.84));
#2770 = VECTOR('',#2771,1.);
#2771 = DIRECTION('',(0.,1.,0.));
#2772 = ORIENTED_EDGE('',*,*,#2773,.T.);
#2773 = EDGE_CURVE('',#2766,#2331,#2774,.T.);
#2774 = LINE('',#2775,#2776);
#2775 = CARTESIAN_POINT('',(0.32,0.32,-3.));
#2776 = VECTOR('',#2777,1.);
#2777 = DIRECTION('',(0.,0.,1.));
#2778 = ORIENTED_EDGE('',*,*,#2338,.F.);
#2779 = PLANE('',#2780);
#2780 = AXIS2_PLACEMENT_3D('',#2781,#2782,#2783);
#2781 = CARTESIAN_POINT('',(0.32,-0.32,-3.));
#2782 = DIRECTION('',(1.,0.,0.));
#2783 = DIRECTION('',(0.,0.,1.));
#2784 = ADVANCED_FACE('',(#2785),#2803,.T.);
#2785 = FACE_BOUND('',#2786,.T.);
#2786 = EDGE_LOOP('',(#2787,#2788,#2796,#2802));
#2787 = ORIENTED_EDGE('',*,*,#2773,.F.);
#2788 = ORIENTED_EDGE('',*,*,#2789,.F.);
#2789 = EDGE_CURVE('',#2790,#2766,#2792,.T.);
#2790 = VERTEX_POINT('',#2791);
#2791 = CARTESIAN_POINT('',(-0.32,0.32,-2.84));
#2792 = LINE('',#2793,#2794);
#2793 = CARTESIAN_POINT('',(-0.32,0.32,-2.84));
#2794 = VECTOR('',#2795,1.);
#2795 = DIRECTION('',(1.,0.,0.));
#2796 = ORIENTED_EDGE('',*,*,#2797,.T.);
#2797 = EDGE_CURVE('',#2790,#2323,#2798,.T.);
#2798 = LINE('',#2799,#2800);
#2799 = CARTESIAN_POINT('',(-0.32,0.32,-3.));
#2800 = VECTOR('',#2801,1.);
#2801 = DIRECTION('',(0.,0.,1.));
#2802 = ORIENTED_EDGE('',*,*,#2330,.F.);
#2803 = PLANE('',#2804);
#2804 = AXIS2_PLACEMENT_3D('',#2805,#2806,#2807);
#2805 = CARTESIAN_POINT('',(-0.32,0.32,-3.));
#2806 = DIRECTION('',(0.,1.,0.));
#2807 = DIRECTION('',(0.,-0.,1.));
#2808 = ADVANCED_FACE('',(#2809),#2820,.F.);
#2809 = FACE_BOUND('',#2810,.F.);
#2810 = EDGE_LOOP('',(#2811,#2812,#2818,#2819));
#2811 = ORIENTED_EDGE('',*,*,#2749,.F.);
#2812 = ORIENTED_EDGE('',*,*,#2813,.T.);
#2813 = EDGE_CURVE('',#2742,#2790,#2814,.T.);
#2814 = LINE('',#2815,#2816);
#2815 = CARTESIAN_POINT('',(-0.32,-0.32,-2.84));
#2816 = VECTOR('',#2817,1.);
#2817 = DIRECTION('',(0.,1.,0.));
#2818 = ORIENTED_EDGE('',*,*,#2797,.T.);
#2819 = ORIENTED_EDGE('',*,*,#2322,.F.);
#2820 = PLANE('',#2821);
#2821 = AXIS2_PLACEMENT_3D('',#2822,#2823,#2824);
#2822 = CARTESIAN_POINT('',(-0.32,-0.32,-3.));
#2823 = DIRECTION('',(1.,0.,0.));
#2824 = DIRECTION('',(0.,0.,1.));
#2825 = ADVANCED_FACE('',(#2826),#2851,.F.);
#2826 = FACE_BOUND('',#2827,.F.);
#2827 = EDGE_LOOP('',(#2828,#2836,#2844,#2850));
#2828 = ORIENTED_EDGE('',*,*,#2829,.F.);
#2829 = EDGE_CURVE('',#2830,#2347,#2832,.T.);
#2830 = VERTEX_POINT('',#2831);
#2831 = CARTESIAN_POINT('',(0.32,-2.86,-2.84));
#2832 = LINE('',#2833,#2834);
#2833 = CARTESIAN_POINT('',(0.32,-2.86,-3.));
#2834 = VECTOR('',#2835,1.);
#2835 = DIRECTION('',(0.,0.,1.));
#2836 = ORIENTED_EDGE('',*,*,#2837,.F.);
#2837 = EDGE_CURVE('',#2838,#2830,#2840,.T.);
#2838 = VERTEX_POINT('',#2839);
#2839 = CARTESIAN_POINT('',(-0.32,-2.86,-2.84));
#2840 = LINE('',#2841,#2842);
#2841 = CARTESIAN_POINT('',(-0.32,-2.86,-2.84));
#2842 = VECTOR('',#2843,1.);
#2843 = DIRECTION('',(1.,0.,0.));
#2844 = ORIENTED_EDGE('',*,*,#2845,.T.);
#2845 = EDGE_CURVE('',#2838,#2349,#2846,.T.);
#2846 = LINE('',#2847,#2848);
#2847 = CARTESIAN_POINT('',(-0.32,-2.86,-3.));
#2848 = VECTOR('',#2849,1.);
#2849 = DIRECTION('',(0.,0.,1.));
#2850 = ORIENTED_EDGE('',*,*,#2346,.F.);
#2851 = PLANE('',#2852);
#2852 = AXIS2_PLACEMENT_3D('',#2853,#2854,#2855);
#2853 = CARTESIAN_POINT('',(-0.32,-2.86,-3.));
#2854 = DIRECTION('',(0.,1.,0.));
#2855 = DIRECTION('',(0.,-0.,1.));
#2856 = ADVANCED_FACE('',(#2857),#2875,.T.);
#2857 = FACE_BOUND('',#2858,.T.);
#2858 = EDGE_LOOP('',(#2859,#2860,#2868,#2874));
#2859 = ORIENTED_EDGE('',*,*,#2829,.F.);
#2860 = ORIENTED_EDGE('',*,*,#2861,.T.);
#2861 = EDGE_CURVE('',#2830,#2862,#2864,.T.);
#2862 = VERTEX_POINT('',#2863);
#2863 = CARTESIAN_POINT('',(0.32,-2.22,-2.84));
#2864 = LINE('',#2865,#2866);
#2865 = CARTESIAN_POINT('',(0.32,-2.86,-2.84));
#2866 = VECTOR('',#2867,1.);
#2867 = DIRECTION('',(0.,1.,0.));
#2868 = ORIENTED_EDGE('',*,*,#2869,.T.);
#2869 = EDGE_CURVE('',#2862,#2365,#2870,.T.);
#2870 = LINE('',#2871,#2872);
#2871 = CARTESIAN_POINT('',(0.32,-2.22,-3.));
#2872 = VECTOR('',#2873,1.);
#2873 = DIRECTION('',(0.,0.,1.));
#2874 = ORIENTED_EDGE('',*,*,#2372,.F.);
#2875 = PLANE('',#2876);
#2876 = AXIS2_PLACEMENT_3D('',#2877,#2878,#2879);
#2877 = CARTESIAN_POINT('',(0.32,-2.86,-3.));
#2878 = DIRECTION('',(1.,0.,0.));
#2879 = DIRECTION('',(0.,0.,1.));
#2880 = ADVANCED_FACE('',(#2881),#2899,.T.);
#2881 = FACE_BOUND('',#2882,.T.);
#2882 = EDGE_LOOP('',(#2883,#2884,#2892,#2898));
#2883 = ORIENTED_EDGE('',*,*,#2869,.F.);
#2884 = ORIENTED_EDGE('',*,*,#2885,.F.);
#2885 = EDGE_CURVE('',#2886,#2862,#2888,.T.);
#2886 = VERTEX_POINT('',#2887);
#2887 = CARTESIAN_POINT('',(-0.32,-2.22,-2.84));
#2888 = LINE('',#2889,#2890);
#2889 = CARTESIAN_POINT('',(-0.32,-2.22,-2.84));
#2890 = VECTOR('',#2891,1.);
#2891 = DIRECTION('',(1.,0.,0.));
#2892 = ORIENTED_EDGE('',*,*,#2893,.T.);
#2893 = EDGE_CURVE('',#2886,#2357,#2894,.T.);
#2894 = LINE('',#2895,#2896);
#2895 = CARTESIAN_POINT('',(-0.32,-2.22,-3.));
#2896 = VECTOR('',#2897,1.);
#2897 = DIRECTION('',(0.,0.,1.));
#2898 = ORIENTED_EDGE('',*,*,#2364,.F.);
#2899 = PLANE('',#2900);
#2900 = AXIS2_PLACEMENT_3D('',#2901,#2902,#2903);
#2901 = CARTESIAN_POINT('',(-0.32,-2.22,-3.));
#2902 = DIRECTION('',(0.,1.,0.));
#2903 = DIRECTION('',(0.,-0.,1.));
#2904 = ADVANCED_FACE('',(#2905),#2916,.F.);
#2905 = FACE_BOUND('',#2906,.F.);
#2906 = EDGE_LOOP('',(#2907,#2908,#2914,#2915));
#2907 = ORIENTED_EDGE('',*,*,#2845,.F.);
#2908 = ORIENTED_EDGE('',*,*,#2909,.T.);
#2909 = EDGE_CURVE('',#2838,#2886,#2910,.T.);
#2910 = LINE('',#2911,#2912);
#2911 = CARTESIAN_POINT('',(-0.32,-2.86,-2.84));
#2912 = VECTOR('',#2913,1.);
#2913 = DIRECTION('',(0.,1.,0.));
#2914 = ORIENTED_EDGE('',*,*,#2893,.T.);
#2915 = ORIENTED_EDGE('',*,*,#2356,.F.);
#2916 = PLANE('',#2917);
#2917 = AXIS2_PLACEMENT_3D('',#2918,#2919,#2920);
#2918 = CARTESIAN_POINT('',(-0.32,-2.86,-3.));
#2919 = DIRECTION('',(1.,0.,0.));
#2920 = DIRECTION('',(0.,0.,1.));
#2921 = ADVANCED_FACE('',(#2922),#2947,.F.);
#2922 = FACE_BOUND('',#2923,.F.);
#2923 = EDGE_LOOP('',(#2924,#2932,#2933,#2941));
#2924 = ORIENTED_EDGE('',*,*,#2925,.F.);
#2925 = EDGE_CURVE('',#2478,#2926,#2928,.T.);
#2926 = VERTEX_POINT('',#2927);
#2927 = CARTESIAN_POINT('',(0.32,-0.32,8.38));
#2928 = LINE('',#2929,#2930);
#2929 = CARTESIAN_POINT('',(0.32,-0.32,-3.));
#2930 = VECTOR('',#2931,1.);
#2931 = DIRECTION('',(0.,0.,1.));
#2932 = ORIENTED_EDGE('',*,*,#2477,.T.);
#2933 = ORIENTED_EDGE('',*,*,#2934,.T.);
#2934 = EDGE_CURVE('',#2480,#2935,#2937,.T.);
#2935 = VERTEX_POINT('',#2936);
#2936 = CARTESIAN_POINT('',(-0.32,-0.32,8.38));
#2937 = LINE('',#2938,#2939);
#2938 = CARTESIAN_POINT('',(-0.32,-0.32,-3.));
#2939 = VECTOR('',#2940,1.);
#2940 = DIRECTION('',(0.,0.,1.));
#2941 = ORIENTED_EDGE('',*,*,#2942,.T.);
#2942 = EDGE_CURVE('',#2935,#2926,#2943,.T.);
#2943 = LINE('',#2944,#2945);
#2944 = CARTESIAN_POINT('',(-0.32,-0.32,8.38));
#2945 = VECTOR('',#2946,1.);
#2946 = DIRECTION('',(1.,0.,0.));
#2947 = PLANE('',#2948);
#2948 = AXIS2_PLACEMENT_3D('',#2949,#2950,#2951);
#2949 = CARTESIAN_POINT('',(-0.32,-0.32,-3.));
#2950 = DIRECTION('',(0.,1.,0.));
#2951 = DIRECTION('',(0.,-0.,1.));
#2952 = ADVANCED_FACE('',(#2953),#2971,.T.);
#2953 = FACE_BOUND('',#2954,.T.);
#2954 = EDGE_LOOP('',(#2955,#2956,#2957,#2965));
#2955 = ORIENTED_EDGE('',*,*,#2925,.F.);
#2956 = ORIENTED_EDGE('',*,*,#2503,.T.);
#2957 = ORIENTED_EDGE('',*,*,#2958,.T.);
#2958 = EDGE_CURVE('',#2496,#2959,#2961,.T.);
#2959 = VERTEX_POINT('',#2960);
#2960 = CARTESIAN_POINT('',(0.32,0.32,8.38));
#2961 = LINE('',#2962,#2963);
#2962 = CARTESIAN_POINT('',(0.32,0.32,-3.));
#2963 = VECTOR('',#2964,1.);
#2964 = DIRECTION('',(0.,0.,1.));
#2965 = ORIENTED_EDGE('',*,*,#2966,.F.);
#2966 = EDGE_CURVE('',#2926,#2959,#2967,.T.);
#2967 = LINE('',#2968,#2969);
#2968 = CARTESIAN_POINT('',(0.32,-0.32,8.38));
#2969 = VECTOR('',#2970,1.);
#2970 = DIRECTION('',(0.,1.,0.));
#2971 = PLANE('',#2972);
#2972 = AXIS2_PLACEMENT_3D('',#2973,#2974,#2975);
#2973 = CARTESIAN_POINT('',(0.32,-0.32,-3.));
#2974 = DIRECTION('',(1.,0.,0.));
#2975 = DIRECTION('',(0.,0.,1.));
#2976 = ADVANCED_FACE('',(#2977),#2995,.T.);
#2977 = FACE_BOUND('',#2978,.T.);
#2978 = EDGE_LOOP('',(#2979,#2980,#2981,#2989));
#2979 = ORIENTED_EDGE('',*,*,#2958,.F.);
#2980 = ORIENTED_EDGE('',*,*,#2495,.T.);
#2981 = ORIENTED_EDGE('',*,*,#2982,.T.);
#2982 = EDGE_CURVE('',#2488,#2983,#2985,.T.);
#2983 = VERTEX_POINT('',#2984);
#2984 = CARTESIAN_POINT('',(-0.32,0.32,8.38));
#2985 = LINE('',#2986,#2987);
#2986 = CARTESIAN_POINT('',(-0.32,0.32,-3.));
#2987 = VECTOR('',#2988,1.);
#2988 = DIRECTION('',(0.,0.,1.));
#2989 = ORIENTED_EDGE('',*,*,#2990,.T.);
#2990 = EDGE_CURVE('',#2983,#2959,#2991,.T.);
#2991 = LINE('',#2992,#2993);
#2992 = CARTESIAN_POINT('',(-0.32,0.32,8.38));
#2993 = VECTOR('',#2994,1.);
#2994 = DIRECTION('',(1.,0.,0.));
#2995 = PLANE('',#2996);
#2996 = AXIS2_PLACEMENT_3D('',#2997,#2998,#2999);
#2997 = CARTESIAN_POINT('',(-0.32,0.32,-3.));
#2998 = DIRECTION('',(0.,1.,0.));
#2999 = DIRECTION('',(0.,-0.,1.));
#3000 = ADVANCED_FACE('',(#3001),#3012,.F.);
#3001 = FACE_BOUND('',#3002,.F.);
#3002 = EDGE_LOOP('',(#3003,#3004,#3005,#3006));
#3003 = ORIENTED_EDGE('',*,*,#2934,.F.);
#3004 = ORIENTED_EDGE('',*,*,#2487,.T.);
#3005 = ORIENTED_EDGE('',*,*,#2982,.T.);
#3006 = ORIENTED_EDGE('',*,*,#3007,.F.);
#3007 = EDGE_CURVE('',#2935,#2983,#3008,.T.);
#3008 = LINE('',#3009,#3010);
#3009 = CARTESIAN_POINT('',(-0.32,-0.32,8.38));
#3010 = VECTOR('',#3011,1.);
#3011 = DIRECTION('',(0.,1.,0.));
#3012 = PLANE('',#3013);
#3013 = AXIS2_PLACEMENT_3D('',#3014,#3015,#3016);
#3014 = CARTESIAN_POINT('',(-0.32,-0.32,-3.));
#3015 = DIRECTION('',(1.,0.,0.));
#3016 = DIRECTION('',(0.,0.,1.));
#3017 = ADVANCED_FACE('',(#3018),#3043,.F.);
#3018 = FACE_BOUND('',#3019,.F.);
#3019 = EDGE_LOOP('',(#3020,#3028,#3029,#3037));
#3020 = ORIENTED_EDGE('',*,*,#3021,.F.);
#3021 = EDGE_CURVE('',#2512,#3022,#3024,.T.);
#3022 = VERTEX_POINT('',#3023);
#3023 = CARTESIAN_POINT('',(0.32,-2.86,8.38));
#3024 = LINE('',#3025,#3026);
#3025 = CARTESIAN_POINT('',(0.32,-2.86,-3.));
#3026 = VECTOR('',#3027,1.);
#3027 = DIRECTION('',(0.,0.,1.));
#3028 = ORIENTED_EDGE('',*,*,#2511,.T.);
#3029 = ORIENTED_EDGE('',*,*,#3030,.T.);
#3030 = EDGE_CURVE('',#2514,#3031,#3033,.T.);
#3031 = VERTEX_POINT('',#3032);
#3032 = CARTESIAN_POINT('',(-0.32,-2.86,8.38));
#3033 = LINE('',#3034,#3035);
#3034 = CARTESIAN_POINT('',(-0.32,-2.86,-3.));
#3035 = VECTOR('',#3036,1.);
#3036 = DIRECTION('',(0.,0.,1.));
#3037 = ORIENTED_EDGE('',*,*,#3038,.T.);
#3038 = EDGE_CURVE('',#3031,#3022,#3039,.T.);
#3039 = LINE('',#3040,#3041);
#3040 = CARTESIAN_POINT('',(-0.32,-2.86,8.38));
#3041 = VECTOR('',#3042,1.);
#3042 = DIRECTION('',(1.,0.,0.));
#3043 = PLANE('',#3044);
#3044 = AXIS2_PLACEMENT_3D('',#3045,#3046,#3047);
#3045 = CARTESIAN_POINT('',(-0.32,-2.86,-3.));
#3046 = DIRECTION('',(0.,1.,0.));
#3047 = DIRECTION('',(0.,-0.,1.));
#3048 = ADVANCED_FACE('',(#3049),#3067,.T.);
#3049 = FACE_BOUND('',#3050,.T.);
#3050 = EDGE_LOOP('',(#3051,#3052,#3053,#3061));
#3051 = ORIENTED_EDGE('',*,*,#3021,.F.);
#3052 = ORIENTED_EDGE('',*,*,#2537,.T.);
#3053 = ORIENTED_EDGE('',*,*,#3054,.T.);
#3054 = EDGE_CURVE('',#2530,#3055,#3057,.T.);
#3055 = VERTEX_POINT('',#3056);
#3056 = CARTESIAN_POINT('',(0.32,-2.22,8.38));
#3057 = LINE('',#3058,#3059);
#3058 = CARTESIAN_POINT('',(0.32,-2.22,-3.));
#3059 = VECTOR('',#3060,1.);
#3060 = DIRECTION('',(0.,0.,1.));
#3061 = ORIENTED_EDGE('',*,*,#3062,.F.);
#3062 = EDGE_CURVE('',#3022,#3055,#3063,.T.);
#3063 = LINE('',#3064,#3065);
#3064 = CARTESIAN_POINT('',(0.32,-2.86,8.38));
#3065 = VECTOR('',#3066,1.);
#3066 = DIRECTION('',(0.,1.,0.));
#3067 = PLANE('',#3068);
#3068 = AXIS2_PLACEMENT_3D('',#3069,#3070,#3071);
#3069 = CARTESIAN_POINT('',(0.32,-2.86,-3.));
#3070 = DIRECTION('',(1.,0.,0.));
#3071 = DIRECTION('',(0.,0.,1.));
#3072 = ADVANCED_FACE('',(#3073),#3091,.T.);
#3073 = FACE_BOUND('',#3074,.T.);
#3074 = EDGE_LOOP('',(#3075,#3076,#3077,#3085));
#3075 = ORIENTED_EDGE('',*,*,#3054,.F.);
#3076 = ORIENTED_EDGE('',*,*,#2529,.T.);
#3077 = ORIENTED_EDGE('',*,*,#3078,.T.);
#3078 = EDGE_CURVE('',#2522,#3079,#3081,.T.);
#3079 = VERTEX_POINT('',#3080);
#3080 = CARTESIAN_POINT('',(-0.32,-2.22,8.38));
#3081 = LINE('',#3082,#3083);
#3082 = CARTESIAN_POINT('',(-0.32,-2.22,-3.));
#3083 = VECTOR('',#3084,1.);
#3084 = DIRECTION('',(0.,0.,1.));
#3085 = ORIENTED_EDGE('',*,*,#3086,.T.);
#3086 = EDGE_CURVE('',#3079,#3055,#3087,.T.);
#3087 = LINE('',#3088,#3089);
#3088 = CARTESIAN_POINT('',(-0.32,-2.22,8.38));
#3089 = VECTOR('',#3090,1.);
#3090 = DIRECTION('',(1.,0.,0.));
#3091 = PLANE('',#3092);
#3092 = AXIS2_PLACEMENT_3D('',#3093,#3094,#3095);
#3093 = CARTESIAN_POINT('',(-0.32,-2.22,-3.));
#3094 = DIRECTION('',(0.,1.,0.));
#3095 = DIRECTION('',(0.,-0.,1.));
#3096 = ADVANCED_FACE('',(#3097),#3108,.F.);
#3097 = FACE_BOUND('',#3098,.F.);
#3098 = EDGE_LOOP('',(#3099,#3100,#3101,#3102));
#3099 = ORIENTED_EDGE('',*,*,#3030,.F.);
#3100 = ORIENTED_EDGE('',*,*,#2521,.T.);
#3101 = ORIENTED_EDGE('',*,*,#3078,.T.);
#3102 = ORIENTED_EDGE('',*,*,#3103,.F.);
#3103 = EDGE_CURVE('',#3031,#3079,#3104,.T.);
#3104 = LINE('',#3105,#3106);
#3105 = CARTESIAN_POINT('',(-0.32,-2.86,8.38));
#3106 = VECTOR('',#3107,1.);
#3107 = DIRECTION('',(0.,1.,0.));
#3108 = PLANE('',#3109);
#3109 = AXIS2_PLACEMENT_3D('',#3110,#3111,#3112);
#3110 = CARTESIAN_POINT('',(-0.32,-2.86,-3.));
#3111 = DIRECTION('',(1.,0.,0.));
#3112 = DIRECTION('',(0.,0.,1.));
#3113 = ADVANCED_FACE('',(#3114),#3139,.T.);
#3114 = FACE_BOUND('',#3115,.F.);
#3115 = EDGE_LOOP('',(#3116,#3124,#3125,#3133));
#3116 = ORIENTED_EDGE('',*,*,#3117,.F.);
#3117 = EDGE_CURVE('',#2742,#3118,#3120,.T.);
#3118 = VERTEX_POINT('',#3119);
#3119 = CARTESIAN_POINT('',(-0.16,-0.16,-3.));
#3120 = LINE('',#3121,#3122);
#3121 = CARTESIAN_POINT('',(-0.266666666667,-0.266666666667,
    -2.893333333333));
#3122 = VECTOR('',#3123,1.);
#3123 = DIRECTION('',(0.57735026919,0.57735026919,-0.57735026919));
#3124 = ORIENTED_EDGE('',*,*,#2741,.T.);
#3125 = ORIENTED_EDGE('',*,*,#3126,.T.);
#3126 = EDGE_CURVE('',#2734,#3127,#3129,.T.);
#3127 = VERTEX_POINT('',#3128);
#3128 = CARTESIAN_POINT('',(0.16,-0.16,-3.));
#3129 = LINE('',#3130,#3131);
#3130 = CARTESIAN_POINT('',(0.16,-0.16,-3.));
#3131 = VECTOR('',#3132,1.);
#3132 = DIRECTION('',(-0.57735026919,0.57735026919,-0.57735026919));
#3133 = ORIENTED_EDGE('',*,*,#3134,.F.);
#3134 = EDGE_CURVE('',#3118,#3127,#3135,.T.);
#3135 = LINE('',#3136,#3137);
#3136 = CARTESIAN_POINT('',(-0.32,-0.16,-3.));
#3137 = VECTOR('',#3138,1.);
#3138 = DIRECTION('',(1.,0.,0.));
#3139 = PLANE('',#3140);
#3140 = AXIS2_PLACEMENT_3D('',#3141,#3142,#3143);
#3141 = CARTESIAN_POINT('',(-0.32,-0.24,-2.92));
#3142 = DIRECTION('',(1.735167508357E-18,-0.707106781187,-0.707106781187
    ));
#3143 = DIRECTION('',(-1.,-1.226948711654E-18,-1.226948711654E-18));
#3144 = ADVANCED_FACE('',(#3145),#3163,.F.);
#3145 = FACE_BOUND('',#3146,.F.);
#3146 = EDGE_LOOP('',(#3147,#3148,#3149,#3157));
#3147 = ORIENTED_EDGE('',*,*,#3126,.F.);
#3148 = ORIENTED_EDGE('',*,*,#2765,.T.);
#3149 = ORIENTED_EDGE('',*,*,#3150,.T.);
#3150 = EDGE_CURVE('',#2766,#3151,#3153,.T.);
#3151 = VERTEX_POINT('',#3152);
#3152 = CARTESIAN_POINT('',(0.16,0.16,-3.));
#3153 = LINE('',#3154,#3155);
#3154 = CARTESIAN_POINT('',(5.333333333333E-02,5.333333333333E-02,
    -3.106666666667));
#3155 = VECTOR('',#3156,1.);
#3156 = DIRECTION('',(-0.57735026919,-0.57735026919,-0.57735026919));
#3157 = ORIENTED_EDGE('',*,*,#3158,.F.);
#3158 = EDGE_CURVE('',#3127,#3151,#3159,.T.);
#3159 = LINE('',#3160,#3161);
#3160 = CARTESIAN_POINT('',(0.16,-0.32,-3.));
#3161 = VECTOR('',#3162,1.);
#3162 = DIRECTION('',(0.,1.,0.));
#3163 = PLANE('',#3164);
#3164 = AXIS2_PLACEMENT_3D('',#3165,#3166,#3167);
#3165 = CARTESIAN_POINT('',(0.24,-0.32,-2.92));
#3166 = DIRECTION('',(-0.707106781187,1.735167508357E-18,0.707106781187)
  );
#3167 = DIRECTION('',(1.226948711654E-18,1.,-1.226948711654E-18));
#3168 = ADVANCED_FACE('',(#3169),#3187,.F.);
#3169 = FACE_BOUND('',#3170,.T.);
#3170 = EDGE_LOOP('',(#3171,#3179,#3180,#3181));
#3171 = ORIENTED_EDGE('',*,*,#3172,.F.);
#3172 = EDGE_CURVE('',#2790,#3173,#3175,.T.);
#3173 = VERTEX_POINT('',#3174);
#3174 = CARTESIAN_POINT('',(-0.16,0.16,-3.));
#3175 = LINE('',#3176,#3177);
#3176 = CARTESIAN_POINT('',(-0.16,0.16,-3.));
#3177 = VECTOR('',#3178,1.);
#3178 = DIRECTION('',(0.57735026919,-0.57735026919,-0.57735026919));
#3179 = ORIENTED_EDGE('',*,*,#2789,.T.);
#3180 = ORIENTED_EDGE('',*,*,#3150,.T.);
#3181 = ORIENTED_EDGE('',*,*,#3182,.F.);
#3182 = EDGE_CURVE('',#3173,#3151,#3183,.T.);
#3183 = LINE('',#3184,#3185);
#3184 = CARTESIAN_POINT('',(-0.32,0.16,-3.));
#3185 = VECTOR('',#3186,1.);
#3186 = DIRECTION('',(1.,0.,0.));
#3187 = PLANE('',#3188);
#3188 = AXIS2_PLACEMENT_3D('',#3189,#3190,#3191);
#3189 = CARTESIAN_POINT('',(-0.32,0.24,-2.92));
#3190 = DIRECTION('',(-1.735167508357E-18,-0.707106781187,0.707106781187
    ));
#3191 = DIRECTION('',(-1.,1.226948711654E-18,-1.226948711654E-18));
#3192 = ADVANCED_FACE('',(#3193),#3204,.T.);
#3193 = FACE_BOUND('',#3194,.T.);
#3194 = EDGE_LOOP('',(#3195,#3196,#3197,#3198));
#3195 = ORIENTED_EDGE('',*,*,#3117,.F.);
#3196 = ORIENTED_EDGE('',*,*,#2813,.T.);
#3197 = ORIENTED_EDGE('',*,*,#3172,.T.);
#3198 = ORIENTED_EDGE('',*,*,#3199,.F.);
#3199 = EDGE_CURVE('',#3118,#3173,#3200,.T.);
#3200 = LINE('',#3201,#3202);
#3201 = CARTESIAN_POINT('',(-0.16,-0.32,-3.));
#3202 = VECTOR('',#3203,1.);
#3203 = DIRECTION('',(0.,1.,0.));
#3204 = PLANE('',#3205);
#3205 = AXIS2_PLACEMENT_3D('',#3206,#3207,#3208);
#3206 = CARTESIAN_POINT('',(-0.24,-0.32,-2.92));
#3207 = DIRECTION('',(-0.707106781187,-1.735167508357E-18,
    -0.707106781187));
#3208 = DIRECTION('',(-1.226948711654E-18,1.,-1.226948711654E-18));
#3209 = ADVANCED_FACE('',(#3210),#3235,.T.);
#3210 = FACE_BOUND('',#3211,.F.);
#3211 = EDGE_LOOP('',(#3212,#3220,#3221,#3229));
#3212 = ORIENTED_EDGE('',*,*,#3213,.F.);
#3213 = EDGE_CURVE('',#2838,#3214,#3216,.T.);
#3214 = VERTEX_POINT('',#3215);
#3215 = CARTESIAN_POINT('',(-0.16,-2.7,-3.));
#3216 = LINE('',#3217,#3218);
#3217 = CARTESIAN_POINT('',(-0.266666666667,-2.806666666667,
    -2.893333333333));
#3218 = VECTOR('',#3219,1.);
#3219 = DIRECTION('',(0.57735026919,0.57735026919,-0.57735026919));
#3220 = ORIENTED_EDGE('',*,*,#2837,.T.);
#3221 = ORIENTED_EDGE('',*,*,#3222,.T.);
#3222 = EDGE_CURVE('',#2830,#3223,#3225,.T.);
#3223 = VERTEX_POINT('',#3224);
#3224 = CARTESIAN_POINT('',(0.16,-2.7,-3.));
#3225 = LINE('',#3226,#3227);
#3226 = CARTESIAN_POINT('',(0.16,-2.7,-3.));
#3227 = VECTOR('',#3228,1.);
#3228 = DIRECTION('',(-0.57735026919,0.57735026919,-0.57735026919));
#3229 = ORIENTED_EDGE('',*,*,#3230,.F.);
#3230 = EDGE_CURVE('',#3214,#3223,#3231,.T.);
#3231 = LINE('',#3232,#3233);
#3232 = CARTESIAN_POINT('',(-0.32,-2.7,-3.));
#3233 = VECTOR('',#3234,1.);
#3234 = DIRECTION('',(1.,0.,0.));
#3235 = PLANE('',#3236);
#3236 = AXIS2_PLACEMENT_3D('',#3237,#3238,#3239);
#3237 = CARTESIAN_POINT('',(-0.32,-2.78,-2.92));
#3238 = DIRECTION('',(1.735167508357E-18,-0.707106781187,-0.707106781187
    ));
#3239 = DIRECTION('',(-1.,-1.226948711654E-18,-1.226948711654E-18));
#3240 = ADVANCED_FACE('',(#3241),#3259,.F.);
#3241 = FACE_BOUND('',#3242,.F.);
#3242 = EDGE_LOOP('',(#3243,#3244,#3245,#3253));
#3243 = ORIENTED_EDGE('',*,*,#3222,.F.);
#3244 = ORIENTED_EDGE('',*,*,#2861,.T.);
#3245 = ORIENTED_EDGE('',*,*,#3246,.T.);
#3246 = EDGE_CURVE('',#2862,#3247,#3249,.T.);
#3247 = VERTEX_POINT('',#3248);
#3248 = CARTESIAN_POINT('',(0.16,-2.38,-3.));
#3249 = LINE('',#3250,#3251);
#3250 = CARTESIAN_POINT('',(5.333333333333E-02,-2.486666666667,
    -3.106666666667));
#3251 = VECTOR('',#3252,1.);
#3252 = DIRECTION('',(-0.57735026919,-0.57735026919,-0.57735026919));
#3253 = ORIENTED_EDGE('',*,*,#3254,.F.);
#3254 = EDGE_CURVE('',#3223,#3247,#3255,.T.);
#3255 = LINE('',#3256,#3257);
#3256 = CARTESIAN_POINT('',(0.16,-2.86,-3.));
#3257 = VECTOR('',#3258,1.);
#3258 = DIRECTION('',(0.,1.,0.));
#3259 = PLANE('',#3260);
#3260 = AXIS2_PLACEMENT_3D('',#3261,#3262,#3263);
#3261 = CARTESIAN_POINT('',(0.24,-2.86,-2.92));
#3262 = DIRECTION('',(-0.707106781187,1.735167508357E-18,0.707106781187)
  );
#3263 = DIRECTION('',(1.226948711654E-18,1.,-1.226948711654E-18));
#3264 = ADVANCED_FACE('',(#3265),#3283,.F.);
#3265 = FACE_BOUND('',#3266,.T.);
#3266 = EDGE_LOOP('',(#3267,#3275,#3276,#3277));
#3267 = ORIENTED_EDGE('',*,*,#3268,.F.);
#3268 = EDGE_CURVE('',#2886,#3269,#3271,.T.);
#3269 = VERTEX_POINT('',#3270);
#3270 = CARTESIAN_POINT('',(-0.16,-2.38,-3.));
#3271 = LINE('',#3272,#3273);
#3272 = CARTESIAN_POINT('',(-0.16,-2.38,-3.));
#3273 = VECTOR('',#3274,1.);
#3274 = DIRECTION('',(0.57735026919,-0.57735026919,-0.57735026919));
#3275 = ORIENTED_EDGE('',*,*,#2885,.T.);
#3276 = ORIENTED_EDGE('',*,*,#3246,.T.);
#3277 = ORIENTED_EDGE('',*,*,#3278,.F.);
#3278 = EDGE_CURVE('',#3269,#3247,#3279,.T.);
#3279 = LINE('',#3280,#3281);
#3280 = CARTESIAN_POINT('',(-0.32,-2.38,-3.));
#3281 = VECTOR('',#3282,1.);
#3282 = DIRECTION('',(1.,0.,0.));
#3283 = PLANE('',#3284);
#3284 = AXIS2_PLACEMENT_3D('',#3285,#3286,#3287);
#3285 = CARTESIAN_POINT('',(-0.32,-2.3,-2.92));
#3286 = DIRECTION('',(-1.735167508357E-18,-0.707106781187,0.707106781187
    ));
#3287 = DIRECTION('',(-1.,1.226948711654E-18,-1.226948711654E-18));
#3288 = ADVANCED_FACE('',(#3289),#3300,.T.);
#3289 = FACE_BOUND('',#3290,.T.);
#3290 = EDGE_LOOP('',(#3291,#3292,#3293,#3294));
#3291 = ORIENTED_EDGE('',*,*,#3213,.F.);
#3292 = ORIENTED_EDGE('',*,*,#2909,.T.);
#3293 = ORIENTED_EDGE('',*,*,#3268,.T.);
#3294 = ORIENTED_EDGE('',*,*,#3295,.F.);
#3295 = EDGE_CURVE('',#3214,#3269,#3296,.T.);
#3296 = LINE('',#3297,#3298);
#3297 = CARTESIAN_POINT('',(-0.16,-2.86,-3.));
#3298 = VECTOR('',#3299,1.);
#3299 = DIRECTION('',(0.,1.,0.));
#3300 = PLANE('',#3301);
#3301 = AXIS2_PLACEMENT_3D('',#3302,#3303,#3304);
#3302 = CARTESIAN_POINT('',(-0.24,-2.86,-2.92));
#3303 = DIRECTION('',(-0.707106781187,-1.735167508357E-18,
    -0.707106781187));
#3304 = DIRECTION('',(-1.226948711654E-18,1.,-1.226948711654E-18));
#3305 = ADVANCED_FACE('',(#3306),#3331,.F.);
#3306 = FACE_BOUND('',#3307,.T.);
#3307 = EDGE_LOOP('',(#3308,#3316,#3317,#3325));
#3308 = ORIENTED_EDGE('',*,*,#3309,.F.);
#3309 = EDGE_CURVE('',#2935,#3310,#3312,.T.);
#3310 = VERTEX_POINT('',#3311);
#3311 = CARTESIAN_POINT('',(-0.16,-0.16,8.54));
#3312 = LINE('',#3313,#3314);
#3313 = CARTESIAN_POINT('',(-0.266666666667,-0.266666666667,
    8.433333333333));
#3314 = VECTOR('',#3315,1.);
#3315 = DIRECTION('',(0.57735026919,0.57735026919,0.57735026919));
#3316 = ORIENTED_EDGE('',*,*,#2942,.T.);
#3317 = ORIENTED_EDGE('',*,*,#3318,.T.);
#3318 = EDGE_CURVE('',#2926,#3319,#3321,.T.);
#3319 = VERTEX_POINT('',#3320);
#3320 = CARTESIAN_POINT('',(0.16,-0.16,8.54));
#3321 = LINE('',#3322,#3323);
#3322 = CARTESIAN_POINT('',(0.16,-0.16,8.54));
#3323 = VECTOR('',#3324,1.);
#3324 = DIRECTION('',(-0.57735026919,0.57735026919,0.57735026919));
#3325 = ORIENTED_EDGE('',*,*,#3326,.F.);
#3326 = EDGE_CURVE('',#3310,#3319,#3327,.T.);
#3327 = LINE('',#3328,#3329);
#3328 = CARTESIAN_POINT('',(-0.32,-0.16,8.54));
#3329 = VECTOR('',#3330,1.);
#3330 = DIRECTION('',(1.,0.,0.));
#3331 = PLANE('',#3332);
#3332 = AXIS2_PLACEMENT_3D('',#3333,#3334,#3335);
#3333 = CARTESIAN_POINT('',(-0.32,-0.24,8.46));
#3334 = DIRECTION('',(-1.735167508357E-18,0.707106781187,-0.707106781187
    ));
#3335 = DIRECTION('',(-1.,-1.226948711654E-18,1.226948711654E-18));
#3336 = ADVANCED_FACE('',(#3337),#3355,.T.);
#3337 = FACE_BOUND('',#3338,.T.);
#3338 = EDGE_LOOP('',(#3339,#3340,#3341,#3349));
#3339 = ORIENTED_EDGE('',*,*,#3318,.F.);
#3340 = ORIENTED_EDGE('',*,*,#2966,.T.);
#3341 = ORIENTED_EDGE('',*,*,#3342,.T.);
#3342 = EDGE_CURVE('',#2959,#3343,#3345,.T.);
#3343 = VERTEX_POINT('',#3344);
#3344 = CARTESIAN_POINT('',(0.16,0.16,8.54));
#3345 = LINE('',#3346,#3347);
#3346 = CARTESIAN_POINT('',(5.333333333333E-02,5.333333333333E-02,
    8.646666666667));
#3347 = VECTOR('',#3348,1.);
#3348 = DIRECTION('',(-0.57735026919,-0.57735026919,0.57735026919));
#3349 = ORIENTED_EDGE('',*,*,#3350,.F.);
#3350 = EDGE_CURVE('',#3319,#3343,#3351,.T.);
#3351 = LINE('',#3352,#3353);
#3352 = CARTESIAN_POINT('',(0.16,-0.32,8.54));
#3353 = VECTOR('',#3354,1.);
#3354 = DIRECTION('',(0.,1.,0.));
#3355 = PLANE('',#3356);
#3356 = AXIS2_PLACEMENT_3D('',#3357,#3358,#3359);
#3357 = CARTESIAN_POINT('',(0.24,-0.32,8.46));
#3358 = DIRECTION('',(0.707106781187,-1.735167508357E-18,0.707106781187)
  );
#3359 = DIRECTION('',(1.226948711654E-18,1.,1.226948711654E-18));
#3360 = ADVANCED_FACE('',(#3361),#3379,.T.);
#3361 = FACE_BOUND('',#3362,.F.);
#3362 = EDGE_LOOP('',(#3363,#3371,#3372,#3373));
#3363 = ORIENTED_EDGE('',*,*,#3364,.F.);
#3364 = EDGE_CURVE('',#2983,#3365,#3367,.T.);
#3365 = VERTEX_POINT('',#3366);
#3366 = CARTESIAN_POINT('',(-0.16,0.16,8.54));
#3367 = LINE('',#3368,#3369);
#3368 = CARTESIAN_POINT('',(-0.16,0.16,8.54));
#3369 = VECTOR('',#3370,1.);
#3370 = DIRECTION('',(0.57735026919,-0.57735026919,0.57735026919));
#3371 = ORIENTED_EDGE('',*,*,#2990,.T.);
#3372 = ORIENTED_EDGE('',*,*,#3342,.T.);
#3373 = ORIENTED_EDGE('',*,*,#3374,.F.);
#3374 = EDGE_CURVE('',#3365,#3343,#3375,.T.);
#3375 = LINE('',#3376,#3377);
#3376 = CARTESIAN_POINT('',(-0.32,0.16,8.54));
#3377 = VECTOR('',#3378,1.);
#3378 = DIRECTION('',(1.,0.,0.));
#3379 = PLANE('',#3380);
#3380 = AXIS2_PLACEMENT_3D('',#3381,#3382,#3383);
#3381 = CARTESIAN_POINT('',(-0.32,0.24,8.46));
#3382 = DIRECTION('',(1.735167508357E-18,0.707106781187,0.707106781187)
  );
#3383 = DIRECTION('',(-1.,1.226948711654E-18,1.226948711654E-18));
#3384 = ADVANCED_FACE('',(#3385),#3396,.F.);
#3385 = FACE_BOUND('',#3386,.F.);
#3386 = EDGE_LOOP('',(#3387,#3388,#3389,#3390));
#3387 = ORIENTED_EDGE('',*,*,#3309,.F.);
#3388 = ORIENTED_EDGE('',*,*,#3007,.T.);
#3389 = ORIENTED_EDGE('',*,*,#3364,.T.);
#3390 = ORIENTED_EDGE('',*,*,#3391,.F.);
#3391 = EDGE_CURVE('',#3310,#3365,#3392,.T.);
#3392 = LINE('',#3393,#3394);
#3393 = CARTESIAN_POINT('',(-0.16,-0.32,8.54));
#3394 = VECTOR('',#3395,1.);
#3395 = DIRECTION('',(0.,1.,0.));
#3396 = PLANE('',#3397);
#3397 = AXIS2_PLACEMENT_3D('',#3398,#3399,#3400);
#3398 = CARTESIAN_POINT('',(-0.24,-0.32,8.46));
#3399 = DIRECTION('',(0.707106781187,1.735167508357E-18,-0.707106781187)
  );
#3400 = DIRECTION('',(-1.226948711654E-18,1.,1.226948711654E-18));
#3401 = ADVANCED_FACE('',(#3402),#3427,.F.);
#3402 = FACE_BOUND('',#3403,.T.);
#3403 = EDGE_LOOP('',(#3404,#3412,#3413,#3421));
#3404 = ORIENTED_EDGE('',*,*,#3405,.F.);
#3405 = EDGE_CURVE('',#3031,#3406,#3408,.T.);
#3406 = VERTEX_POINT('',#3407);
#3407 = CARTESIAN_POINT('',(-0.16,-2.7,8.54));
#3408 = LINE('',#3409,#3410);
#3409 = CARTESIAN_POINT('',(-0.266666666667,-2.806666666667,
    8.433333333333));
#3410 = VECTOR('',#3411,1.);
#3411 = DIRECTION('',(0.57735026919,0.57735026919,0.57735026919));
#3412 = ORIENTED_EDGE('',*,*,#3038,.T.);
#3413 = ORIENTED_EDGE('',*,*,#3414,.T.);
#3414 = EDGE_CURVE('',#3022,#3415,#3417,.T.);
#3415 = VERTEX_POINT('',#3416);
#3416 = CARTESIAN_POINT('',(0.16,-2.7,8.54));
#3417 = LINE('',#3418,#3419);
#3418 = CARTESIAN_POINT('',(0.16,-2.7,8.54));
#3419 = VECTOR('',#3420,1.);
#3420 = DIRECTION('',(-0.57735026919,0.57735026919,0.57735026919));
#3421 = ORIENTED_EDGE('',*,*,#3422,.F.);
#3422 = EDGE_CURVE('',#3406,#3415,#3423,.T.);
#3423 = LINE('',#3424,#3425);
#3424 = CARTESIAN_POINT('',(-0.32,-2.7,8.54));
#3425 = VECTOR('',#3426,1.);
#3426 = DIRECTION('',(1.,0.,0.));
#3427 = PLANE('',#3428);
#3428 = AXIS2_PLACEMENT_3D('',#3429,#3430,#3431);
#3429 = CARTESIAN_POINT('',(-0.32,-2.78,8.46));
#3430 = DIRECTION('',(-1.735167508357E-18,0.707106781187,-0.707106781187
    ));
#3431 = DIRECTION('',(-1.,-1.226948711654E-18,1.226948711654E-18));
#3432 = ADVANCED_FACE('',(#3433),#3451,.T.);
#3433 = FACE_BOUND('',#3434,.T.);
#3434 = EDGE_LOOP('',(#3435,#3436,#3437,#3445));
#3435 = ORIENTED_EDGE('',*,*,#3414,.F.);
#3436 = ORIENTED_EDGE('',*,*,#3062,.T.);
#3437 = ORIENTED_EDGE('',*,*,#3438,.T.);
#3438 = EDGE_CURVE('',#3055,#3439,#3441,.T.);
#3439 = VERTEX_POINT('',#3440);
#3440 = CARTESIAN_POINT('',(0.16,-2.38,8.54));
#3441 = LINE('',#3442,#3443);
#3442 = CARTESIAN_POINT('',(5.333333333333E-02,-2.486666666667,
    8.646666666667));
#3443 = VECTOR('',#3444,1.);
#3444 = DIRECTION('',(-0.57735026919,-0.57735026919,0.57735026919));
#3445 = ORIENTED_EDGE('',*,*,#3446,.F.);
#3446 = EDGE_CURVE('',#3415,#3439,#3447,.T.);
#3447 = LINE('',#3448,#3449);
#3448 = CARTESIAN_POINT('',(0.16,-2.86,8.54));
#3449 = VECTOR('',#3450,1.);
#3450 = DIRECTION('',(0.,1.,0.));
#3451 = PLANE('',#3452);
#3452 = AXIS2_PLACEMENT_3D('',#3453,#3454,#3455);
#3453 = CARTESIAN_POINT('',(0.24,-2.86,8.46));
#3454 = DIRECTION('',(0.707106781187,-1.735167508357E-18,0.707106781187)
  );
#3455 = DIRECTION('',(1.226948711654E-18,1.,1.226948711654E-18));
#3456 = ADVANCED_FACE('',(#3457),#3475,.T.);
#3457 = FACE_BOUND('',#3458,.F.);
#3458 = EDGE_LOOP('',(#3459,#3467,#3468,#3469));
#3459 = ORIENTED_EDGE('',*,*,#3460,.F.);
#3460 = EDGE_CURVE('',#3079,#3461,#3463,.T.);
#3461 = VERTEX_POINT('',#3462);
#3462 = CARTESIAN_POINT('',(-0.16,-2.38,8.54));
#3463 = LINE('',#3464,#3465);
#3464 = CARTESIAN_POINT('',(-0.16,-2.38,8.54));
#3465 = VECTOR('',#3466,1.);
#3466 = DIRECTION('',(0.57735026919,-0.57735026919,0.57735026919));
#3467 = ORIENTED_EDGE('',*,*,#3086,.T.);
#3468 = ORIENTED_EDGE('',*,*,#3438,.T.);
#3469 = ORIENTED_EDGE('',*,*,#3470,.F.);
#3470 = EDGE_CURVE('',#3461,#3439,#3471,.T.);
#3471 = LINE('',#3472,#3473);
#3472 = CARTESIAN_POINT('',(-0.32,-2.38,8.54));
#3473 = VECTOR('',#3474,1.);
#3474 = DIRECTION('',(1.,0.,0.));
#3475 = PLANE('',#3476);
#3476 = AXIS2_PLACEMENT_3D('',#3477,#3478,#3479);
#3477 = CARTESIAN_POINT('',(-0.32,-2.3,8.46));
#3478 = DIRECTION('',(1.735167508357E-18,0.707106781187,0.707106781187)
  );
#3479 = DIRECTION('',(-1.,1.226948711654E-18,1.226948711654E-18));
#3480 = ADVANCED_FACE('',(#3481),#3492,.F.);
#3481 = FACE_BOUND('',#3482,.F.);
#3482 = EDGE_LOOP('',(#3483,#3484,#3485,#3486));
#3483 = ORIENTED_EDGE('',*,*,#3405,.F.);
#3484 = ORIENTED_EDGE('',*,*,#3103,.T.);
#3485 = ORIENTED_EDGE('',*,*,#3460,.T.);
#3486 = ORIENTED_EDGE('',*,*,#3487,.F.);
#3487 = EDGE_CURVE('',#3406,#3461,#3488,.T.);
#3488 = LINE('',#3489,#3490);
#3489 = CARTESIAN_POINT('',(-0.16,-2.86,8.54));
#3490 = VECTOR('',#3491,1.);
#3491 = DIRECTION('',(0.,1.,0.));
#3492 = PLANE('',#3493);
#3493 = AXIS2_PLACEMENT_3D('',#3494,#3495,#3496);
#3494 = CARTESIAN_POINT('',(-0.24,-2.86,8.46));
#3495 = DIRECTION('',(0.707106781187,1.735167508357E-18,-0.707106781187)
  );
#3496 = DIRECTION('',(-1.226948711654E-18,1.,1.226948711654E-18));
#3497 = ADVANCED_FACE('',(#3498),#3504,.F.);
#3498 = FACE_BOUND('',#3499,.F.);
#3499 = EDGE_LOOP('',(#3500,#3501,#3502,#3503));
#3500 = ORIENTED_EDGE('',*,*,#3199,.F.);
#3501 = ORIENTED_EDGE('',*,*,#3134,.T.);
#3502 = ORIENTED_EDGE('',*,*,#3158,.T.);
#3503 = ORIENTED_EDGE('',*,*,#3182,.F.);
#3504 = PLANE('',#3505);
#3505 = AXIS2_PLACEMENT_3D('',#3506,#3507,#3508);
#3506 = CARTESIAN_POINT('',(-0.32,-0.32,-3.));
#3507 = DIRECTION('',(0.,0.,1.));
#3508 = DIRECTION('',(1.,0.,-0.));
#3509 = ADVANCED_FACE('',(#3510),#3516,.F.);
#3510 = FACE_BOUND('',#3511,.F.);
#3511 = EDGE_LOOP('',(#3512,#3513,#3514,#3515));
#3512 = ORIENTED_EDGE('',*,*,#3295,.F.);
#3513 = ORIENTED_EDGE('',*,*,#3230,.T.);
#3514 = ORIENTED_EDGE('',*,*,#3254,.T.);
#3515 = ORIENTED_EDGE('',*,*,#3278,.F.);
#3516 = PLANE('',#3517);
#3517 = AXIS2_PLACEMENT_3D('',#3518,#3519,#3520);
#3518 = CARTESIAN_POINT('',(-0.32,-2.86,-3.));
#3519 = DIRECTION('',(0.,0.,1.));
#3520 = DIRECTION('',(1.,0.,-0.));
#3521 = ADVANCED_FACE('',(#3522),#3528,.T.);
#3522 = FACE_BOUND('',#3523,.T.);
#3523 = EDGE_LOOP('',(#3524,#3525,#3526,#3527));
#3524 = ORIENTED_EDGE('',*,*,#3374,.F.);
#3525 = ORIENTED_EDGE('',*,*,#3391,.F.);
#3526 = ORIENTED_EDGE('',*,*,#3326,.T.);
#3527 = ORIENTED_EDGE('',*,*,#3350,.T.);
#3528 = PLANE('',#3529);
#3529 = AXIS2_PLACEMENT_3D('',#3530,#3531,#3532);
#3530 = CARTESIAN_POINT('',(-0.32,-0.32,8.54));
#3531 = DIRECTION('',(0.,0.,1.));
#3532 = DIRECTION('',(1.,0.,-0.));
#3533 = ADVANCED_FACE('',(#3534),#3540,.T.);
#3534 = FACE_BOUND('',#3535,.T.);
#3535 = EDGE_LOOP('',(#3536,#3537,#3538,#3539));
#3536 = ORIENTED_EDGE('',*,*,#3470,.F.);
#3537 = ORIENTED_EDGE('',*,*,#3487,.F.);
#3538 = ORIENTED_EDGE('',*,*,#3422,.T.);
#3539 = ORIENTED_EDGE('',*,*,#3446,.T.);
#3540 = PLANE('',#3541);
#3541 = AXIS2_PLACEMENT_3D('',#3542,#3543,#3544);
#3542 = CARTESIAN_POINT('',(-0.32,-2.86,8.54));
#3543 = DIRECTION('',(0.,0.,1.));
#3544 = DIRECTION('',(1.,0.,-0.));
#3545 = ( GEOMETRIC_REPRESENTATION_CONTEXT(3) 
GLOBAL_UNCERTAINTY_ASSIGNED_CONTEXT((#3549)) 
GLOBAL_UNIT_ASSIGNED_CONTEXT((#3546,#3547,#3548)) REPRESENTATION_CONTEXT
('Context #1','3D Context with UNIT and UNCERTAINTY') );
#3546 = ( LENGTH_UNIT() NAMED_UNIT(*) SI_UNIT(.MILLI.,.METRE.) );
#3547 = ( NAMED_UNIT(*) PLANE_ANGLE_UNIT() SI_UNIT($,.RADIAN.) );
#3548 = ( NAMED_UNIT(*) SI_UNIT($,.STERADIAN.) SOLID_ANGLE_UNIT() );
#3549 = UNCERTAINTY_MEASURE_WITH_UNIT(LENGTH_MEASURE(1.E-07),#3546,
  'distance_accuracy_value','confusion accuracy');
#3550 = CONTEXT_DEPENDENT_SHAPE_REPRESENTATION(#3551,#3553);
#3551 = ( REPRESENTATION_RELATIONSHIP('','',#2112,#2089) 
REPRESENTATION_RELATIONSHIP_WITH_TRANSFORMATION(#3552) 
SHAPE_REPRESENTATION_RELATIONSHIP() );
#3552 = ITEM_DEFINED_TRANSFORMATION('','',#11,#2090);
#3553 = PRODUCT_DEFINITION_SHAPE('Placement','Placement of an item',
  #3554);
#3554 = NEXT_ASSEMBLY_USAGE_OCCURRENCE('5','=>[0:1:1:7]','',#2084,#2107,
  $);
#3555 = PRODUCT_RELATED_PRODUCT_CATEGORY('part',$,(#2109));
#3556 = SHAPE_DEFINITION_REPRESENTATION(#3557,#3563);
#3557 = PRODUCT_DEFINITION_SHAPE('','',#3558);
#3558 = PRODUCT_DEFINITION('design','',#3559,#3562);
#3559 = PRODUCT_DEFINITION_FORMATION('','',#3560);
#3560 = PRODUCT('SW_PUSH_6mm','SW_PUSH_6mm','',(#3561));
#3561 = PRODUCT_CONTEXT('',#2,'mechanical');
#3562 = PRODUCT_DEFINITION_CONTEXT('part definition',#2,'design');
#3563 = SHAPE_REPRESENTATION('',(#11,#3564),#3568);
#3564 = AXIS2_PLACEMENT_3D('',#3565,#3566,#3567);
#3565 = CARTESIAN_POINT('',(0.,0.,0.));
#3566 = DIRECTION('',(0.,0.,1.));
#3567 = DIRECTION('',(1.,0.,-0.));
#3568 = ( GEOMETRIC_REPRESENTATION_CONTEXT(3) 
GLOBAL_UNCERTAINTY_ASSIGNED_CONTEXT((#3572)) 
GLOBAL_UNIT_ASSIGNED_CONTEXT((#3569,#3570,#3571)) REPRESENTATION_CONTEXT
('Context #1','3D Context with UNIT and UNCERTAINTY') );
#3569 = ( LENGTH_UNIT() NAMED_UNIT(*) SI_UNIT(.MILLI.,.METRE.) );
#3570 = ( NAMED_UNIT(*) PLANE_ANGLE_UNIT() SI_UNIT($,.RADIAN.) );
#3571 = ( NAMED_UNIT(*) SI_UNIT($,.STERADIAN.) SOLID_ANGLE_UNIT() );
#3572 = UNCERTAINTY_MEASURE_WITH_UNIT(LENGTH_MEASURE(1.E-07),#3569,
  'distance_accuracy_value','confusion accuracy');
#3573 = CONTEXT_DEPENDENT_SHAPE_REPRESENTATION(#3574,#3576);
#3574 = ( REPRESENTATION_RELATIONSHIP('','',#3563,#10) 
REPRESENTATION_RELATIONSHIP_WITH_TRANSFORMATION(#3575) 
SHAPE_REPRESENTATION_RELATIONSHIP() );
#3575 = ITEM_DEFINED_TRANSFORMATION('','',#11,#27);
#3576 = PRODUCT_DEFINITION_SHAPE('Placement','Placement of an item',
  #3577);
#3577 = NEXT_ASSEMBLY_USAGE_OCCURRENCE('8','','',#5,#3558,$);
#3578 = PRODUCT_RELATED_PRODUCT_CATEGORY('part',$,(#3560));
#3579 = SHAPE_DEFINITION_REPRESENTATION(#3580,#3586);
#3580 = PRODUCT_DEFINITION_SHAPE('','',#3581);
#3581 = PRODUCT_DEFINITION('design','',#3582,#3585);
#3582 = PRODUCT_DEFINITION_FORMATION('','',#3583);
#3583 = PRODUCT('SW_PUSH_6mm','SW_PUSH_6mm','',(#3584));
#3584 = PRODUCT_CONTEXT('',#2,'mechanical');
#3585 = PRODUCT_DEFINITION_CONTEXT('part definition',#2,'design');
#3586 = ADVANCED_BREP_SHAPE_REPRESENTATION('',(#11,#3587),#6816);
#3587 = MANIFOLD_SOLID_BREP('',#3588);
#3588 = CLOSED_SHELL('',(#3589,#3606,#3631,#3754,#3785,#3810,#3835,#3859
    ,#3883,#3908,#3933,#3950,#3975,#4000,#4025,#4050,#4081,#4106,#4131,
    #4219,#4307,#4332,#4357,#4374,#4383,#4409,#4418,#4427,#4471,#4621,
    #4645,#4788,#4938,#5088,#5105,#5255,#5279,#5422,#5572,#5722,#5739,
    #5748,#5765,#5782,#5799,#5816,#5838,#5855,#5872,#5889,#5906,#5918,
    #5935,#5952,#5969,#5986,#6003,#6020,#6037,#6054,#6066,#6088,#6105,
    #6122,#6139,#6156,#6168,#6185,#6202,#6219,#6236,#6253,#6270,#6287,
    #6304,#6316,#6338,#6355,#6372,#6389,#6406,#6418,#6435,#6452,#6469,
    #6486,#6503,#6520,#6537,#6554,#6566,#6588,#6605,#6622,#6639,#6656,
    #6668,#6685,#6702,#6719,#6736,#6753,#6770,#6787,#6804));
#3589 = ADVANCED_FACE('',(#3590),#3601,.F.);
#3590 = FACE_BOUND('',#3591,.T.);
#3591 = EDGE_LOOP('',(#3592));
#3592 = ORIENTED_EDGE('',*,*,#3593,.T.);
#3593 = EDGE_CURVE('',#3594,#3594,#3596,.T.);
#3594 = VERTEX_POINT('',#3595);
#3595 = CARTESIAN_POINT('',(1.65,-4.25,4.1));
#3596 = CIRCLE('',#3597,0.5);
#3597 = AXIS2_PLACEMENT_3D('',#3598,#3599,#3600);
#3598 = CARTESIAN_POINT('',(1.15,-4.25,4.1));
#3599 = DIRECTION('',(0.,0.,1.));
#3600 = DIRECTION('',(1.,0.,-0.));
#3601 = PLANE('',#3602);
#3602 = AXIS2_PLACEMENT_3D('',#3603,#3604,#3605);
#3603 = CARTESIAN_POINT('',(1.65,-4.25,4.1));
#3604 = DIRECTION('',(0.,0.,-1.));
#3605 = DIRECTION('',(-1.,0.,0.));
#3606 = ADVANCED_FACE('',(#3607),#3626,.T.);
#3607 = FACE_BOUND('',#3608,.T.);
#3608 = EDGE_LOOP('',(#3609,#3617,#3618,#3619));
#3609 = ORIENTED_EDGE('',*,*,#3610,.T.);
#3610 = EDGE_CURVE('',#3611,#3594,#3613,.T.);
#3611 = VERTEX_POINT('',#3612);
#3612 = CARTESIAN_POINT('',(1.65,-4.25,3.6));
#3613 = LINE('',#3614,#3615);
#3614 = CARTESIAN_POINT('',(1.65,-4.25,3.5));
#3615 = VECTOR('',#3616,1.);
#3616 = DIRECTION('',(0.,0.,1.));
#3617 = ORIENTED_EDGE('',*,*,#3593,.F.);
#3618 = ORIENTED_EDGE('',*,*,#3610,.F.);
#3619 = ORIENTED_EDGE('',*,*,#3620,.F.);
#3620 = EDGE_CURVE('',#3611,#3611,#3621,.T.);
#3621 = CIRCLE('',#3622,0.5);
#3622 = AXIS2_PLACEMENT_3D('',#3623,#3624,#3625);
#3623 = CARTESIAN_POINT('',(1.15,-4.25,3.6));
#3624 = DIRECTION('',(0.,0.,-1.));
#3625 = DIRECTION('',(1.,0.,0.));
#3626 = CYLINDRICAL_SURFACE('',#3627,0.5);
#3627 = AXIS2_PLACEMENT_3D('',#3628,#3629,#3630);
#3628 = CARTESIAN_POINT('',(1.15,-4.25,3.5));
#3629 = DIRECTION('',(-0.,-0.,-1.));
#3630 = DIRECTION('',(1.,0.,0.));
#3631 = ADVANCED_FACE('',(#3632,#3702,#3713,#3724,#3735,#3746),#3749,.F.
  );
#3632 = FACE_BOUND('',#3633,.F.);
#3633 = EDGE_LOOP('',(#3634,#3644,#3653,#3661,#3670,#3678,#3687,#3695));
#3634 = ORIENTED_EDGE('',*,*,#3635,.F.);
#3635 = EDGE_CURVE('',#3636,#3638,#3640,.T.);
#3636 = VERTEX_POINT('',#3637);
#3637 = CARTESIAN_POINT('',(0.45,-5.25,3.6));
#3638 = VERTEX_POINT('',#3639);
#3639 = CARTESIAN_POINT('',(5.85,-5.25,3.6));
#3640 = LINE('',#3641,#3642);
#3641 = CARTESIAN_POINT('',(0.15,-5.25,3.6));
#3642 = VECTOR('',#3643,1.);
#3643 = DIRECTION('',(1.,0.,0.));
#3644 = ORIENTED_EDGE('',*,*,#3645,.T.);
#3645 = EDGE_CURVE('',#3636,#3646,#3648,.T.);
#3646 = VERTEX_POINT('',#3647);
#3647 = CARTESIAN_POINT('',(0.15,-4.95,3.6));
#3648 = CIRCLE('',#3649,0.3);
#3649 = AXIS2_PLACEMENT_3D('',#3650,#3651,#3652);
#3650 = CARTESIAN_POINT('',(0.45,-4.95,3.6));
#3651 = DIRECTION('',(-0.,-0.,-1.));
#3652 = DIRECTION('',(0.,-1.,0.));
#3653 = ORIENTED_EDGE('',*,*,#3654,.F.);
#3654 = EDGE_CURVE('',#3655,#3646,#3657,.T.);
#3655 = VERTEX_POINT('',#3656);
#3656 = CARTESIAN_POINT('',(0.15,0.45,3.6));
#3657 = LINE('',#3658,#3659);
#3658 = CARTESIAN_POINT('',(0.15,0.75,3.6));
#3659 = VECTOR('',#3660,1.);
#3660 = DIRECTION('',(0.,-1.,0.));
#3661 = ORIENTED_EDGE('',*,*,#3662,.F.);
#3662 = EDGE_CURVE('',#3663,#3655,#3665,.T.);
#3663 = VERTEX_POINT('',#3664);
#3664 = CARTESIAN_POINT('',(0.45,0.75,3.6));
#3665 = CIRCLE('',#3666,0.3);
#3666 = AXIS2_PLACEMENT_3D('',#3667,#3668,#3669);
#3667 = CARTESIAN_POINT('',(0.45,0.45,3.6));
#3668 = DIRECTION('',(-0.,0.,1.));
#3669 = DIRECTION('',(0.,-1.,0.));
#3670 = ORIENTED_EDGE('',*,*,#3671,.F.);
#3671 = EDGE_CURVE('',#3672,#3663,#3674,.T.);
#3672 = VERTEX_POINT('',#3673);
#3673 = CARTESIAN_POINT('',(5.85,0.75,3.6));
#3674 = LINE('',#3675,#3676);
#3675 = CARTESIAN_POINT('',(6.15,0.75,3.6));
#3676 = VECTOR('',#3677,1.);
#3677 = DIRECTION('',(-1.,0.,0.));
#3678 = ORIENTED_EDGE('',*,*,#3679,.F.);
#3679 = EDGE_CURVE('',#3680,#3672,#3682,.T.);
#3680 = VERTEX_POINT('',#3681);
#3681 = CARTESIAN_POINT('',(6.15,0.45,3.6));
#3682 = CIRCLE('',#3683,0.3);
#3683 = AXIS2_PLACEMENT_3D('',#3684,#3685,#3686);
#3684 = CARTESIAN_POINT('',(5.85,0.45,3.6));
#3685 = DIRECTION('',(-0.,0.,1.));
#3686 = DIRECTION('',(0.,-1.,0.));
#3687 = ORIENTED_EDGE('',*,*,#3688,.F.);
#3688 = EDGE_CURVE('',#3689,#3680,#3691,.T.);
#3689 = VERTEX_POINT('',#3690);
#3690 = CARTESIAN_POINT('',(6.15,-4.95,3.6));
#3691 = LINE('',#3692,#3693);
#3692 = CARTESIAN_POINT('',(6.15,-5.25,3.6));
#3693 = VECTOR('',#3694,1.);
#3694 = DIRECTION('',(0.,1.,0.));
#3695 = ORIENTED_EDGE('',*,*,#3696,.F.);
#3696 = EDGE_CURVE('',#3638,#3689,#3697,.T.);
#3697 = CIRCLE('',#3698,0.3);
#3698 = AXIS2_PLACEMENT_3D('',#3699,#3700,#3701);
#3699 = CARTESIAN_POINT('',(5.85,-4.95,3.6));
#3700 = DIRECTION('',(-0.,0.,1.));
#3701 = DIRECTION('',(0.,-1.,0.));
#3702 = FACE_BOUND('',#3703,.F.);
#3703 = EDGE_LOOP('',(#3704));
#3704 = ORIENTED_EDGE('',*,*,#3705,.F.);
#3705 = EDGE_CURVE('',#3706,#3706,#3708,.T.);
#3706 = VERTEX_POINT('',#3707);
#3707 = CARTESIAN_POINT('',(5.65,-4.25,3.6));
#3708 = CIRCLE('',#3709,0.5);
#3709 = AXIS2_PLACEMENT_3D('',#3710,#3711,#3712);
#3710 = CARTESIAN_POINT('',(5.15,-4.25,3.6));
#3711 = DIRECTION('',(0.,0.,-1.));
#3712 = DIRECTION('',(1.,0.,0.));
#3713 = FACE_BOUND('',#3714,.F.);
#3714 = EDGE_LOOP('',(#3715));
#3715 = ORIENTED_EDGE('',*,*,#3716,.F.);
#3716 = EDGE_CURVE('',#3717,#3717,#3719,.T.);
#3717 = VERTEX_POINT('',#3718);
#3718 = CARTESIAN_POINT('',(4.9,-2.25,3.6));
#3719 = CIRCLE('',#3720,1.75);
#3720 = AXIS2_PLACEMENT_3D('',#3721,#3722,#3723);
#3721 = CARTESIAN_POINT('',(3.15,-2.25,3.6));
#3722 = DIRECTION('',(0.,0.,-1.));
#3723 = DIRECTION('',(1.,0.,0.));
#3724 = FACE_BOUND('',#3725,.F.);
#3725 = EDGE_LOOP('',(#3726));
#3726 = ORIENTED_EDGE('',*,*,#3727,.F.);
#3727 = EDGE_CURVE('',#3728,#3728,#3730,.T.);
#3728 = VERTEX_POINT('',#3729);
#3729 = CARTESIAN_POINT('',(1.65,-0.25,3.6));
#3730 = CIRCLE('',#3731,0.5);
#3731 = AXIS2_PLACEMENT_3D('',#3732,#3733,#3734);
#3732 = CARTESIAN_POINT('',(1.15,-0.25,3.6));
#3733 = DIRECTION('',(0.,0.,-1.));
#3734 = DIRECTION('',(1.,0.,0.));
#3735 = FACE_BOUND('',#3736,.F.);
#3736 = EDGE_LOOP('',(#3737));
#3737 = ORIENTED_EDGE('',*,*,#3738,.F.);
#3738 = EDGE_CURVE('',#3739,#3739,#3741,.T.);
#3739 = VERTEX_POINT('',#3740);
#3740 = CARTESIAN_POINT('',(5.65,-0.25,3.6));
#3741 = CIRCLE('',#3742,0.5);
#3742 = AXIS2_PLACEMENT_3D('',#3743,#3744,#3745);
#3743 = CARTESIAN_POINT('',(5.15,-0.25,3.6));
#3744 = DIRECTION('',(0.,0.,-1.));
#3745 = DIRECTION('',(1.,0.,0.));
#3746 = FACE_BOUND('',#3747,.F.);
#3747 = EDGE_LOOP('',(#3748));
#3748 = ORIENTED_EDGE('',*,*,#3620,.F.);
#3749 = PLANE('',#3750);
#3750 = AXIS2_PLACEMENT_3D('',#3751,#3752,#3753);
#3751 = CARTESIAN_POINT('',(0.15,-5.25,3.6));
#3752 = DIRECTION('',(0.,0.,-1.));
#3753 = DIRECTION('',(-1.,0.,0.));
#3754 = ADVANCED_FACE('',(#3755),#3780,.F.);
#3755 = FACE_BOUND('',#3756,.F.);
#3756 = EDGE_LOOP('',(#3757,#3767,#3773,#3774));
#3757 = ORIENTED_EDGE('',*,*,#3758,.F.);
#3758 = EDGE_CURVE('',#3759,#3761,#3763,.T.);
#3759 = VERTEX_POINT('',#3760);
#3760 = CARTESIAN_POINT('',(0.45,-5.25,3.5));
#3761 = VERTEX_POINT('',#3762);
#3762 = CARTESIAN_POINT('',(5.85,-5.25,3.5));
#3763 = LINE('',#3764,#3765);
#3764 = CARTESIAN_POINT('',(0.15,-5.25,3.5));
#3765 = VECTOR('',#3766,1.);
#3766 = DIRECTION('',(1.,0.,0.));
#3767 = ORIENTED_EDGE('',*,*,#3768,.T.);
#3768 = EDGE_CURVE('',#3759,#3636,#3769,.T.);
#3769 = LINE('',#3770,#3771);
#3770 = CARTESIAN_POINT('',(0.45,-5.25,3.5));
#3771 = VECTOR('',#3772,1.);
#3772 = DIRECTION('',(0.,0.,1.));
#3773 = ORIENTED_EDGE('',*,*,#3635,.T.);
#3774 = ORIENTED_EDGE('',*,*,#3775,.F.);
#3775 = EDGE_CURVE('',#3761,#3638,#3776,.T.);
#3776 = LINE('',#3777,#3778);
#3777 = CARTESIAN_POINT('',(5.85,-5.25,3.5));
#3778 = VECTOR('',#3779,1.);
#3779 = DIRECTION('',(0.,0.,1.));
#3780 = PLANE('',#3781);
#3781 = AXIS2_PLACEMENT_3D('',#3782,#3783,#3784);
#3782 = CARTESIAN_POINT('',(0.15,-5.25,3.5));
#3783 = DIRECTION('',(0.,1.,0.));
#3784 = DIRECTION('',(1.,0.,0.));
#3785 = ADVANCED_FACE('',(#3786),#3805,.T.);
#3786 = FACE_BOUND('',#3787,.T.);
#3787 = EDGE_LOOP('',(#3788,#3789,#3790,#3798));
#3788 = ORIENTED_EDGE('',*,*,#3768,.T.);
#3789 = ORIENTED_EDGE('',*,*,#3645,.T.);
#3790 = ORIENTED_EDGE('',*,*,#3791,.F.);
#3791 = EDGE_CURVE('',#3792,#3646,#3794,.T.);
#3792 = VERTEX_POINT('',#3793);
#3793 = CARTESIAN_POINT('',(0.15,-4.95,3.5));
#3794 = LINE('',#3795,#3796);
#3795 = CARTESIAN_POINT('',(0.15,-4.95,3.5));
#3796 = VECTOR('',#3797,1.);
#3797 = DIRECTION('',(0.,0.,1.));
#3798 = ORIENTED_EDGE('',*,*,#3799,.F.);
#3799 = EDGE_CURVE('',#3759,#3792,#3800,.T.);
#3800 = CIRCLE('',#3801,0.3);
#3801 = AXIS2_PLACEMENT_3D('',#3802,#3803,#3804);
#3802 = CARTESIAN_POINT('',(0.45,-4.95,3.5));
#3803 = DIRECTION('',(-0.,-0.,-1.));
#3804 = DIRECTION('',(0.,-1.,0.));
#3805 = CYLINDRICAL_SURFACE('',#3806,0.3);
#3806 = AXIS2_PLACEMENT_3D('',#3807,#3808,#3809);
#3807 = CARTESIAN_POINT('',(0.45,-4.95,3.5));
#3808 = DIRECTION('',(0.,0.,1.));
#3809 = DIRECTION('',(0.,-1.,0.));
#3810 = ADVANCED_FACE('',(#3811),#3830,.T.);
#3811 = FACE_BOUND('',#3812,.T.);
#3812 = EDGE_LOOP('',(#3813,#3822,#3828,#3829));
#3813 = ORIENTED_EDGE('',*,*,#3814,.T.);
#3814 = EDGE_CURVE('',#3761,#3815,#3817,.T.);
#3815 = VERTEX_POINT('',#3816);
#3816 = CARTESIAN_POINT('',(6.15,-4.95,3.5));
#3817 = CIRCLE('',#3818,0.3);
#3818 = AXIS2_PLACEMENT_3D('',#3819,#3820,#3821);
#3819 = CARTESIAN_POINT('',(5.85,-4.95,3.5));
#3820 = DIRECTION('',(-0.,0.,1.));
#3821 = DIRECTION('',(0.,-1.,0.));
#3822 = ORIENTED_EDGE('',*,*,#3823,.T.);
#3823 = EDGE_CURVE('',#3815,#3689,#3824,.T.);
#3824 = LINE('',#3825,#3826);
#3825 = CARTESIAN_POINT('',(6.15,-4.95,3.5));
#3826 = VECTOR('',#3827,1.);
#3827 = DIRECTION('',(0.,0.,1.));
#3828 = ORIENTED_EDGE('',*,*,#3696,.F.);
#3829 = ORIENTED_EDGE('',*,*,#3775,.F.);
#3830 = CYLINDRICAL_SURFACE('',#3831,0.3);
#3831 = AXIS2_PLACEMENT_3D('',#3832,#3833,#3834);
#3832 = CARTESIAN_POINT('',(5.85,-4.95,3.5));
#3833 = DIRECTION('',(0.,0.,1.));
#3834 = DIRECTION('',(0.,-1.,0.));
#3835 = ADVANCED_FACE('',(#3836),#3854,.F.);
#3836 = FACE_BOUND('',#3837,.F.);
#3837 = EDGE_LOOP('',(#3838,#3846,#3852,#3853));
#3838 = ORIENTED_EDGE('',*,*,#3839,.F.);
#3839 = EDGE_CURVE('',#3840,#3792,#3842,.T.);
#3840 = VERTEX_POINT('',#3841);
#3841 = CARTESIAN_POINT('',(0.15,0.45,3.5));
#3842 = LINE('',#3843,#3844);
#3843 = CARTESIAN_POINT('',(0.15,0.75,3.5));
#3844 = VECTOR('',#3845,1.);
#3845 = DIRECTION('',(0.,-1.,0.));
#3846 = ORIENTED_EDGE('',*,*,#3847,.T.);
#3847 = EDGE_CURVE('',#3840,#3655,#3848,.T.);
#3848 = LINE('',#3849,#3850);
#3849 = CARTESIAN_POINT('',(0.15,0.45,3.5));
#3850 = VECTOR('',#3851,1.);
#3851 = DIRECTION('',(0.,0.,1.));
#3852 = ORIENTED_EDGE('',*,*,#3654,.T.);
#3853 = ORIENTED_EDGE('',*,*,#3791,.F.);
#3854 = PLANE('',#3855);
#3855 = AXIS2_PLACEMENT_3D('',#3856,#3857,#3858);
#3856 = CARTESIAN_POINT('',(0.15,0.75,3.5));
#3857 = DIRECTION('',(1.,0.,0.));
#3858 = DIRECTION('',(0.,-1.,0.));
#3859 = ADVANCED_FACE('',(#3860),#3878,.F.);
#3860 = FACE_BOUND('',#3861,.F.);
#3861 = EDGE_LOOP('',(#3862,#3870,#3871,#3872));
#3862 = ORIENTED_EDGE('',*,*,#3863,.F.);
#3863 = EDGE_CURVE('',#3815,#3864,#3866,.T.);
#3864 = VERTEX_POINT('',#3865);
#3865 = CARTESIAN_POINT('',(6.15,0.45,3.5));
#3866 = LINE('',#3867,#3868);
#3867 = CARTESIAN_POINT('',(6.15,-5.25,3.5));
#3868 = VECTOR('',#3869,1.);
#3869 = DIRECTION('',(0.,1.,0.));
#3870 = ORIENTED_EDGE('',*,*,#3823,.T.);
#3871 = ORIENTED_EDGE('',*,*,#3688,.T.);
#3872 = ORIENTED_EDGE('',*,*,#3873,.F.);
#3873 = EDGE_CURVE('',#3864,#3680,#3874,.T.);
#3874 = LINE('',#3875,#3876);
#3875 = CARTESIAN_POINT('',(6.15,0.45,3.5));
#3876 = VECTOR('',#3877,1.);
#3877 = DIRECTION('',(0.,0.,1.));
#3878 = PLANE('',#3879);
#3879 = AXIS2_PLACEMENT_3D('',#3880,#3881,#3882);
#3880 = CARTESIAN_POINT('',(6.15,-5.25,3.5));
#3881 = DIRECTION('',(-1.,0.,0.));
#3882 = DIRECTION('',(0.,1.,0.));
#3883 = ADVANCED_FACE('',(#3884),#3903,.T.);
#3884 = FACE_BOUND('',#3885,.T.);
#3885 = EDGE_LOOP('',(#3886,#3895,#3896,#3897));
#3886 = ORIENTED_EDGE('',*,*,#3887,.T.);
#3887 = EDGE_CURVE('',#3888,#3840,#3890,.T.);
#3888 = VERTEX_POINT('',#3889);
#3889 = CARTESIAN_POINT('',(0.45,0.75,3.5));
#3890 = CIRCLE('',#3891,0.3);
#3891 = AXIS2_PLACEMENT_3D('',#3892,#3893,#3894);
#3892 = CARTESIAN_POINT('',(0.45,0.45,3.5));
#3893 = DIRECTION('',(-0.,0.,1.));
#3894 = DIRECTION('',(0.,-1.,0.));
#3895 = ORIENTED_EDGE('',*,*,#3847,.T.);
#3896 = ORIENTED_EDGE('',*,*,#3662,.F.);
#3897 = ORIENTED_EDGE('',*,*,#3898,.F.);
#3898 = EDGE_CURVE('',#3888,#3663,#3899,.T.);
#3899 = LINE('',#3900,#3901);
#3900 = CARTESIAN_POINT('',(0.45,0.75,3.5));
#3901 = VECTOR('',#3902,1.);
#3902 = DIRECTION('',(0.,0.,1.));
#3903 = CYLINDRICAL_SURFACE('',#3904,0.3);
#3904 = AXIS2_PLACEMENT_3D('',#3905,#3906,#3907);
#3905 = CARTESIAN_POINT('',(0.45,0.45,3.5));
#3906 = DIRECTION('',(0.,0.,1.));
#3907 = DIRECTION('',(0.,1.,0.));
#3908 = ADVANCED_FACE('',(#3909),#3928,.T.);
#3909 = FACE_BOUND('',#3910,.T.);
#3910 = EDGE_LOOP('',(#3911,#3920,#3926,#3927));
#3911 = ORIENTED_EDGE('',*,*,#3912,.T.);
#3912 = EDGE_CURVE('',#3864,#3913,#3915,.T.);
#3913 = VERTEX_POINT('',#3914);
#3914 = CARTESIAN_POINT('',(5.85,0.75,3.5));
#3915 = CIRCLE('',#3916,0.3);
#3916 = AXIS2_PLACEMENT_3D('',#3917,#3918,#3919);
#3917 = CARTESIAN_POINT('',(5.85,0.45,3.5));
#3918 = DIRECTION('',(-0.,0.,1.));
#3919 = DIRECTION('',(0.,-1.,0.));
#3920 = ORIENTED_EDGE('',*,*,#3921,.T.);
#3921 = EDGE_CURVE('',#3913,#3672,#3922,.T.);
#3922 = LINE('',#3923,#3924);
#3923 = CARTESIAN_POINT('',(5.85,0.75,3.5));
#3924 = VECTOR('',#3925,1.);
#3925 = DIRECTION('',(0.,0.,1.));
#3926 = ORIENTED_EDGE('',*,*,#3679,.F.);
#3927 = ORIENTED_EDGE('',*,*,#3873,.F.);
#3928 = CYLINDRICAL_SURFACE('',#3929,0.3);
#3929 = AXIS2_PLACEMENT_3D('',#3930,#3931,#3932);
#3930 = CARTESIAN_POINT('',(5.85,0.45,3.5));
#3931 = DIRECTION('',(0.,0.,1.));
#3932 = DIRECTION('',(1.,0.,-0.));
#3933 = ADVANCED_FACE('',(#3934),#3945,.F.);
#3934 = FACE_BOUND('',#3935,.F.);
#3935 = EDGE_LOOP('',(#3936,#3942,#3943,#3944));
#3936 = ORIENTED_EDGE('',*,*,#3937,.F.);
#3937 = EDGE_CURVE('',#3913,#3888,#3938,.T.);
#3938 = LINE('',#3939,#3940);
#3939 = CARTESIAN_POINT('',(6.15,0.75,3.5));
#3940 = VECTOR('',#3941,1.);
#3941 = DIRECTION('',(-1.,0.,0.));
#3942 = ORIENTED_EDGE('',*,*,#3921,.T.);
#3943 = ORIENTED_EDGE('',*,*,#3671,.T.);
#3944 = ORIENTED_EDGE('',*,*,#3898,.F.);
#3945 = PLANE('',#3946);
#3946 = AXIS2_PLACEMENT_3D('',#3947,#3948,#3949);
#3947 = CARTESIAN_POINT('',(6.15,0.75,3.5));
#3948 = DIRECTION('',(0.,-1.,0.));
#3949 = DIRECTION('',(-1.,0.,0.));
#3950 = ADVANCED_FACE('',(#3951),#3970,.T.);
#3951 = FACE_BOUND('',#3952,.T.);
#3952 = EDGE_LOOP('',(#3953,#3961,#3968,#3969));
#3953 = ORIENTED_EDGE('',*,*,#3954,.T.);
#3954 = EDGE_CURVE('',#3706,#3955,#3957,.T.);
#3955 = VERTEX_POINT('',#3956);
#3956 = CARTESIAN_POINT('',(5.65,-4.25,4.1));
#3957 = LINE('',#3958,#3959);
#3958 = CARTESIAN_POINT('',(5.65,-4.25,3.5));
#3959 = VECTOR('',#3960,1.);
#3960 = DIRECTION('',(0.,0.,1.));
#3961 = ORIENTED_EDGE('',*,*,#3962,.F.);
#3962 = EDGE_CURVE('',#3955,#3955,#3963,.T.);
#3963 = CIRCLE('',#3964,0.5);
#3964 = AXIS2_PLACEMENT_3D('',#3965,#3966,#3967);
#3965 = CARTESIAN_POINT('',(5.15,-4.25,4.1));
#3966 = DIRECTION('',(0.,0.,1.));
#3967 = DIRECTION('',(1.,0.,-0.));
#3968 = ORIENTED_EDGE('',*,*,#3954,.F.);
#3969 = ORIENTED_EDGE('',*,*,#3705,.F.);
#3970 = CYLINDRICAL_SURFACE('',#3971,0.5);
#3971 = AXIS2_PLACEMENT_3D('',#3972,#3973,#3974);
#3972 = CARTESIAN_POINT('',(5.15,-4.25,3.5));
#3973 = DIRECTION('',(-0.,-0.,-1.));
#3974 = DIRECTION('',(1.,0.,0.));
#3975 = ADVANCED_FACE('',(#3976),#3995,.T.);
#3976 = FACE_BOUND('',#3977,.T.);
#3977 = EDGE_LOOP('',(#3978,#3986,#3993,#3994));
#3978 = ORIENTED_EDGE('',*,*,#3979,.T.);
#3979 = EDGE_CURVE('',#3717,#3980,#3982,.T.);
#3980 = VERTEX_POINT('',#3981);
#3981 = CARTESIAN_POINT('',(4.9,-2.25,4.2));
#3982 = LINE('',#3983,#3984);
#3983 = CARTESIAN_POINT('',(4.9,-2.25,3.5));
#3984 = VECTOR('',#3985,1.);
#3985 = DIRECTION('',(0.,0.,1.));
#3986 = ORIENTED_EDGE('',*,*,#3987,.F.);
#3987 = EDGE_CURVE('',#3980,#3980,#3988,.T.);
#3988 = CIRCLE('',#3989,1.75);
#3989 = AXIS2_PLACEMENT_3D('',#3990,#3991,#3992);
#3990 = CARTESIAN_POINT('',(3.15,-2.25,4.2));
#3991 = DIRECTION('',(0.,0.,1.));
#3992 = DIRECTION('',(1.,0.,-0.));
#3993 = ORIENTED_EDGE('',*,*,#3979,.F.);
#3994 = ORIENTED_EDGE('',*,*,#3716,.F.);
#3995 = CYLINDRICAL_SURFACE('',#3996,1.75);
#3996 = AXIS2_PLACEMENT_3D('',#3997,#3998,#3999);
#3997 = CARTESIAN_POINT('',(3.15,-2.25,3.5));
#3998 = DIRECTION('',(-0.,-0.,-1.));
#3999 = DIRECTION('',(1.,0.,0.));
#4000 = ADVANCED_FACE('',(#4001),#4020,.T.);
#4001 = FACE_BOUND('',#4002,.T.);
#4002 = EDGE_LOOP('',(#4003,#4011,#4018,#4019));
#4003 = ORIENTED_EDGE('',*,*,#4004,.T.);
#4004 = EDGE_CURVE('',#3728,#4005,#4007,.T.);
#4005 = VERTEX_POINT('',#4006);
#4006 = CARTESIAN_POINT('',(1.65,-0.25,4.1));
#4007 = LINE('',#4008,#4009);
#4008 = CARTESIAN_POINT('',(1.65,-0.25,3.5));
#4009 = VECTOR('',#4010,1.);
#4010 = DIRECTION('',(0.,0.,1.));
#4011 = ORIENTED_EDGE('',*,*,#4012,.F.);
#4012 = EDGE_CURVE('',#4005,#4005,#4013,.T.);
#4013 = CIRCLE('',#4014,0.5);
#4014 = AXIS2_PLACEMENT_3D('',#4015,#4016,#4017);
#4015 = CARTESIAN_POINT('',(1.15,-0.25,4.1));
#4016 = DIRECTION('',(0.,0.,1.));
#4017 = DIRECTION('',(1.,0.,-0.));
#4018 = ORIENTED_EDGE('',*,*,#4004,.F.);
#4019 = ORIENTED_EDGE('',*,*,#3727,.F.);
#4020 = CYLINDRICAL_SURFACE('',#4021,0.5);
#4021 = AXIS2_PLACEMENT_3D('',#4022,#4023,#4024);
#4022 = CARTESIAN_POINT('',(1.15,-0.25,3.5));
#4023 = DIRECTION('',(-0.,-0.,-1.));
#4024 = DIRECTION('',(1.,0.,0.));
#4025 = ADVANCED_FACE('',(#4026),#4045,.T.);
#4026 = FACE_BOUND('',#4027,.T.);
#4027 = EDGE_LOOP('',(#4028,#4036,#4043,#4044));
#4028 = ORIENTED_EDGE('',*,*,#4029,.T.);
#4029 = EDGE_CURVE('',#3739,#4030,#4032,.T.);
#4030 = VERTEX_POINT('',#4031);
#4031 = CARTESIAN_POINT('',(5.65,-0.25,4.1));
#4032 = LINE('',#4033,#4034);
#4033 = CARTESIAN_POINT('',(5.65,-0.25,3.5));
#4034 = VECTOR('',#4035,1.);
#4035 = DIRECTION('',(0.,0.,1.));
#4036 = ORIENTED_EDGE('',*,*,#4037,.F.);
#4037 = EDGE_CURVE('',#4030,#4030,#4038,.T.);
#4038 = CIRCLE('',#4039,0.5);
#4039 = AXIS2_PLACEMENT_3D('',#4040,#4041,#4042);
#4040 = CARTESIAN_POINT('',(5.15,-0.25,4.1));
#4041 = DIRECTION('',(0.,0.,1.));
#4042 = DIRECTION('',(1.,0.,-0.));
#4043 = ORIENTED_EDGE('',*,*,#4029,.F.);
#4044 = ORIENTED_EDGE('',*,*,#3738,.F.);
#4045 = CYLINDRICAL_SURFACE('',#4046,0.5);
#4046 = AXIS2_PLACEMENT_3D('',#4047,#4048,#4049);
#4047 = CARTESIAN_POINT('',(5.15,-0.25,3.5));
#4048 = DIRECTION('',(-0.,-0.,-1.));
#4049 = DIRECTION('',(1.,0.,0.));
#4050 = ADVANCED_FACE('',(#4051),#4076,.F.);
#4051 = FACE_BOUND('',#4052,.F.);
#4052 = EDGE_LOOP('',(#4053,#4063,#4069,#4070));
#4053 = ORIENTED_EDGE('',*,*,#4054,.F.);
#4054 = EDGE_CURVE('',#4055,#4057,#4059,.T.);
#4055 = VERTEX_POINT('',#4056);
#4056 = CARTESIAN_POINT('',(0.45,-5.25,0.));
#4057 = VERTEX_POINT('',#4058);
#4058 = CARTESIAN_POINT('',(5.85,-5.25,0.));
#4059 = LINE('',#4060,#4061);
#4060 = CARTESIAN_POINT('',(0.15,-5.25,0.));
#4061 = VECTOR('',#4062,1.);
#4062 = DIRECTION('',(1.,0.,0.));
#4063 = ORIENTED_EDGE('',*,*,#4064,.T.);
#4064 = EDGE_CURVE('',#4055,#3759,#4065,.T.);
#4065 = LINE('',#4066,#4067);
#4066 = CARTESIAN_POINT('',(0.45,-5.25,0.));
#4067 = VECTOR('',#4068,1.);
#4068 = DIRECTION('',(0.,0.,1.));
#4069 = ORIENTED_EDGE('',*,*,#3758,.T.);
#4070 = ORIENTED_EDGE('',*,*,#4071,.F.);
#4071 = EDGE_CURVE('',#4057,#3761,#4072,.T.);
#4072 = LINE('',#4073,#4074);
#4073 = CARTESIAN_POINT('',(5.85,-5.25,0.));
#4074 = VECTOR('',#4075,1.);
#4075 = DIRECTION('',(0.,0.,1.));
#4076 = PLANE('',#4077);
#4077 = AXIS2_PLACEMENT_3D('',#4078,#4079,#4080);
#4078 = CARTESIAN_POINT('',(0.15,-5.25,0.));
#4079 = DIRECTION('',(0.,1.,0.));
#4080 = DIRECTION('',(1.,0.,0.));
#4081 = ADVANCED_FACE('',(#4082),#4101,.T.);
#4082 = FACE_BOUND('',#4083,.T.);
#4083 = EDGE_LOOP('',(#4084,#4085,#4086,#4094));
#4084 = ORIENTED_EDGE('',*,*,#4064,.T.);
#4085 = ORIENTED_EDGE('',*,*,#3799,.T.);
#4086 = ORIENTED_EDGE('',*,*,#4087,.F.);
#4087 = EDGE_CURVE('',#4088,#3792,#4090,.T.);
#4088 = VERTEX_POINT('',#4089);
#4089 = CARTESIAN_POINT('',(0.15,-4.95,0.));
#4090 = LINE('',#4091,#4092);
#4091 = CARTESIAN_POINT('',(0.15,-4.95,0.));
#4092 = VECTOR('',#4093,1.);
#4093 = DIRECTION('',(0.,0.,1.));
#4094 = ORIENTED_EDGE('',*,*,#4095,.F.);
#4095 = EDGE_CURVE('',#4055,#4088,#4096,.T.);
#4096 = CIRCLE('',#4097,0.3);
#4097 = AXIS2_PLACEMENT_3D('',#4098,#4099,#4100);
#4098 = CARTESIAN_POINT('',(0.45,-4.95,0.));
#4099 = DIRECTION('',(-0.,-0.,-1.));
#4100 = DIRECTION('',(0.,-1.,0.));
#4101 = CYLINDRICAL_SURFACE('',#4102,0.3);
#4102 = AXIS2_PLACEMENT_3D('',#4103,#4104,#4105);
#4103 = CARTESIAN_POINT('',(0.45,-4.95,0.));
#4104 = DIRECTION('',(0.,0.,1.));
#4105 = DIRECTION('',(0.,-1.,0.));
#4106 = ADVANCED_FACE('',(#4107),#4126,.T.);
#4107 = FACE_BOUND('',#4108,.T.);
#4108 = EDGE_LOOP('',(#4109,#4118,#4124,#4125));
#4109 = ORIENTED_EDGE('',*,*,#4110,.T.);
#4110 = EDGE_CURVE('',#4057,#4111,#4113,.T.);
#4111 = VERTEX_POINT('',#4112);
#4112 = CARTESIAN_POINT('',(6.15,-4.95,0.));
#4113 = CIRCLE('',#4114,0.3);
#4114 = AXIS2_PLACEMENT_3D('',#4115,#4116,#4117);
#4115 = CARTESIAN_POINT('',(5.85,-4.95,0.));
#4116 = DIRECTION('',(-0.,0.,1.));
#4117 = DIRECTION('',(0.,-1.,0.));
#4118 = ORIENTED_EDGE('',*,*,#4119,.T.);
#4119 = EDGE_CURVE('',#4111,#3815,#4120,.T.);
#4120 = LINE('',#4121,#4122);
#4121 = CARTESIAN_POINT('',(6.15,-4.95,0.));
#4122 = VECTOR('',#4123,1.);
#4123 = DIRECTION('',(0.,0.,1.));
#4124 = ORIENTED_EDGE('',*,*,#3814,.F.);
#4125 = ORIENTED_EDGE('',*,*,#4071,.F.);
#4126 = CYLINDRICAL_SURFACE('',#4127,0.3);
#4127 = AXIS2_PLACEMENT_3D('',#4128,#4129,#4130);
#4128 = CARTESIAN_POINT('',(5.85,-4.95,0.));
#4129 = DIRECTION('',(0.,0.,1.));
#4130 = DIRECTION('',(0.,-1.,0.));
#4131 = ADVANCED_FACE('',(#4132),#4214,.F.);
#4132 = FACE_BOUND('',#4133,.F.);
#4133 = EDGE_LOOP('',(#4134,#4144,#4150,#4151,#4152,#4160,#4168,#4176,
    #4184,#4192,#4200,#4208));
#4134 = ORIENTED_EDGE('',*,*,#4135,.F.);
#4135 = EDGE_CURVE('',#4136,#4138,#4140,.T.);
#4136 = VERTEX_POINT('',#4137);
#4137 = CARTESIAN_POINT('',(0.15,0.45,0.));
#4138 = VERTEX_POINT('',#4139);
#4139 = CARTESIAN_POINT('',(0.15,0.35,0.));
#4140 = LINE('',#4141,#4142);
#4141 = CARTESIAN_POINT('',(0.15,0.75,0.));
#4142 = VECTOR('',#4143,1.);
#4143 = DIRECTION('',(0.,-1.,0.));
#4144 = ORIENTED_EDGE('',*,*,#4145,.T.);
#4145 = EDGE_CURVE('',#4136,#3840,#4146,.T.);
#4146 = LINE('',#4147,#4148);
#4147 = CARTESIAN_POINT('',(0.15,0.45,0.));
#4148 = VECTOR('',#4149,1.);
#4149 = DIRECTION('',(0.,0.,1.));
#4150 = ORIENTED_EDGE('',*,*,#3839,.T.);
#4151 = ORIENTED_EDGE('',*,*,#4087,.F.);
#4152 = ORIENTED_EDGE('',*,*,#4153,.F.);
#4153 = EDGE_CURVE('',#4154,#4088,#4156,.T.);
#4154 = VERTEX_POINT('',#4155);
#4155 = CARTESIAN_POINT('',(0.15,-4.85,0.));
#4156 = LINE('',#4157,#4158);
#4157 = CARTESIAN_POINT('',(0.15,0.75,0.));
#4158 = VECTOR('',#4159,1.);
#4159 = DIRECTION('',(0.,-1.,0.));
#4160 = ORIENTED_EDGE('',*,*,#4161,.F.);
#4161 = EDGE_CURVE('',#4162,#4154,#4164,.T.);
#4162 = VERTEX_POINT('',#4163);
#4163 = CARTESIAN_POINT('',(0.15,-4.85,1.5));
#4164 = LINE('',#4165,#4166);
#4165 = CARTESIAN_POINT('',(0.15,-4.85,1.5));
#4166 = VECTOR('',#4167,1.);
#4167 = DIRECTION('',(0.,5.551115123126E-16,-1.));
#4168 = ORIENTED_EDGE('',*,*,#4169,.T.);
#4169 = EDGE_CURVE('',#4162,#4170,#4172,.T.);
#4170 = VERTEX_POINT('',#4171);
#4171 = CARTESIAN_POINT('',(0.15,-4.15,1.5));
#4172 = LINE('',#4173,#4174);
#4173 = CARTESIAN_POINT('',(0.15,-4.85,1.5));
#4174 = VECTOR('',#4175,1.);
#4175 = DIRECTION('',(0.,1.,3.330669073875E-16));
#4176 = ORIENTED_EDGE('',*,*,#4177,.T.);
#4177 = EDGE_CURVE('',#4170,#4178,#4180,.T.);
#4178 = VERTEX_POINT('',#4179);
#4179 = CARTESIAN_POINT('',(0.15,-4.15,0.));
#4180 = LINE('',#4181,#4182);
#4181 = CARTESIAN_POINT('',(0.15,-4.15,1.5));
#4182 = VECTOR('',#4183,1.);
#4183 = DIRECTION('',(0.,5.551115123126E-16,-1.));
#4184 = ORIENTED_EDGE('',*,*,#4185,.F.);
#4185 = EDGE_CURVE('',#4186,#4178,#4188,.T.);
#4186 = VERTEX_POINT('',#4187);
#4187 = CARTESIAN_POINT('',(0.15,-0.35,0.));
#4188 = LINE('',#4189,#4190);
#4189 = CARTESIAN_POINT('',(0.15,0.75,0.));
#4190 = VECTOR('',#4191,1.);
#4191 = DIRECTION('',(0.,-1.,0.));
#4192 = ORIENTED_EDGE('',*,*,#4193,.F.);
#4193 = EDGE_CURVE('',#4194,#4186,#4196,.T.);
#4194 = VERTEX_POINT('',#4195);
#4195 = CARTESIAN_POINT('',(0.15,-0.35,1.5));
#4196 = LINE('',#4197,#4198);
#4197 = CARTESIAN_POINT('',(0.15,-0.35,1.5));
#4198 = VECTOR('',#4199,1.);
#4199 = DIRECTION('',(0.,5.551115123126E-16,-1.));
#4200 = ORIENTED_EDGE('',*,*,#4201,.T.);
#4201 = EDGE_CURVE('',#4194,#4202,#4204,.T.);
#4202 = VERTEX_POINT('',#4203);
#4203 = CARTESIAN_POINT('',(0.15,0.35,1.5));
#4204 = LINE('',#4205,#4206);
#4205 = CARTESIAN_POINT('',(0.15,-0.35,1.5));
#4206 = VECTOR('',#4207,1.);
#4207 = DIRECTION('',(0.,1.,3.330669073875E-16));
#4208 = ORIENTED_EDGE('',*,*,#4209,.T.);
#4209 = EDGE_CURVE('',#4202,#4138,#4210,.T.);
#4210 = LINE('',#4211,#4212);
#4211 = CARTESIAN_POINT('',(0.15,0.35,1.5));
#4212 = VECTOR('',#4213,1.);
#4213 = DIRECTION('',(0.,5.551115123126E-16,-1.));
#4214 = PLANE('',#4215);
#4215 = AXIS2_PLACEMENT_3D('',#4216,#4217,#4218);
#4216 = CARTESIAN_POINT('',(0.15,0.75,0.));
#4217 = DIRECTION('',(1.,0.,0.));
#4218 = DIRECTION('',(0.,-1.,0.));
#4219 = ADVANCED_FACE('',(#4220),#4302,.F.);
#4220 = FACE_BOUND('',#4221,.F.);
#4221 = EDGE_LOOP('',(#4222,#4230,#4231,#4232,#4240,#4248,#4256,#4264,
    #4272,#4280,#4288,#4296));
#4222 = ORIENTED_EDGE('',*,*,#4223,.F.);
#4223 = EDGE_CURVE('',#4111,#4224,#4226,.T.);
#4224 = VERTEX_POINT('',#4225);
#4225 = CARTESIAN_POINT('',(6.15,-4.85,0.));
#4226 = LINE('',#4227,#4228);
#4227 = CARTESIAN_POINT('',(6.15,-5.25,0.));
#4228 = VECTOR('',#4229,1.);
#4229 = DIRECTION('',(0.,1.,0.));
#4230 = ORIENTED_EDGE('',*,*,#4119,.T.);
#4231 = ORIENTED_EDGE('',*,*,#3863,.T.);
#4232 = ORIENTED_EDGE('',*,*,#4233,.F.);
#4233 = EDGE_CURVE('',#4234,#3864,#4236,.T.);
#4234 = VERTEX_POINT('',#4235);
#4235 = CARTESIAN_POINT('',(6.15,0.45,0.));
#4236 = LINE('',#4237,#4238);
#4237 = CARTESIAN_POINT('',(6.15,0.45,0.));
#4238 = VECTOR('',#4239,1.);
#4239 = DIRECTION('',(0.,0.,1.));
#4240 = ORIENTED_EDGE('',*,*,#4241,.F.);
#4241 = EDGE_CURVE('',#4242,#4234,#4244,.T.);
#4242 = VERTEX_POINT('',#4243);
#4243 = CARTESIAN_POINT('',(6.15,0.35,0.));
#4244 = LINE('',#4245,#4246);
#4245 = CARTESIAN_POINT('',(6.15,-5.25,0.));
#4246 = VECTOR('',#4247,1.);
#4247 = DIRECTION('',(0.,1.,0.));
#4248 = ORIENTED_EDGE('',*,*,#4249,.F.);
#4249 = EDGE_CURVE('',#4250,#4242,#4252,.T.);
#4250 = VERTEX_POINT('',#4251);
#4251 = CARTESIAN_POINT('',(6.15,0.35,1.5));
#4252 = LINE('',#4253,#4254);
#4253 = CARTESIAN_POINT('',(6.15,0.35,1.5));
#4254 = VECTOR('',#4255,1.);
#4255 = DIRECTION('',(0.,5.551115123126E-16,-1.));
#4256 = ORIENTED_EDGE('',*,*,#4257,.F.);
#4257 = EDGE_CURVE('',#4258,#4250,#4260,.T.);
#4258 = VERTEX_POINT('',#4259);
#4259 = CARTESIAN_POINT('',(6.15,-0.35,1.5));
#4260 = LINE('',#4261,#4262);
#4261 = CARTESIAN_POINT('',(6.15,-0.35,1.5));
#4262 = VECTOR('',#4263,1.);
#4263 = DIRECTION('',(0.,1.,3.330669073875E-16));
#4264 = ORIENTED_EDGE('',*,*,#4265,.T.);
#4265 = EDGE_CURVE('',#4258,#4266,#4268,.T.);
#4266 = VERTEX_POINT('',#4267);
#4267 = CARTESIAN_POINT('',(6.15,-0.35,0.));
#4268 = LINE('',#4269,#4270);
#4269 = CARTESIAN_POINT('',(6.15,-0.35,1.5));
#4270 = VECTOR('',#4271,1.);
#4271 = DIRECTION('',(0.,5.551115123126E-16,-1.));
#4272 = ORIENTED_EDGE('',*,*,#4273,.F.);
#4273 = EDGE_CURVE('',#4274,#4266,#4276,.T.);
#4274 = VERTEX_POINT('',#4275);
#4275 = CARTESIAN_POINT('',(6.15,-4.15,0.));
#4276 = LINE('',#4277,#4278);
#4277 = CARTESIAN_POINT('',(6.15,-5.25,0.));
#4278 = VECTOR('',#4279,1.);
#4279 = DIRECTION('',(0.,1.,0.));
#4280 = ORIENTED_EDGE('',*,*,#4281,.F.);
#4281 = EDGE_CURVE('',#4282,#4274,#4284,.T.);
#4282 = VERTEX_POINT('',#4283);
#4283 = CARTESIAN_POINT('',(6.15,-4.15,1.5));
#4284 = LINE('',#4285,#4286);
#4285 = CARTESIAN_POINT('',(6.15,-4.15,1.5));
#4286 = VECTOR('',#4287,1.);
#4287 = DIRECTION('',(0.,5.551115123126E-16,-1.));
#4288 = ORIENTED_EDGE('',*,*,#4289,.F.);
#4289 = EDGE_CURVE('',#4290,#4282,#4292,.T.);
#4290 = VERTEX_POINT('',#4291);
#4291 = CARTESIAN_POINT('',(6.15,-4.85,1.5));
#4292 = LINE('',#4293,#4294);
#4293 = CARTESIAN_POINT('',(6.15,-4.85,1.5));
#4294 = VECTOR('',#4295,1.);
#4295 = DIRECTION('',(0.,1.,3.330669073875E-16));
#4296 = ORIENTED_EDGE('',*,*,#4297,.T.);
#4297 = EDGE_CURVE('',#4290,#4224,#4298,.T.);
#4298 = LINE('',#4299,#4300);
#4299 = CARTESIAN_POINT('',(6.15,-4.85,1.5));
#4300 = VECTOR('',#4301,1.);
#4301 = DIRECTION('',(0.,5.551115123126E-16,-1.));
#4302 = PLANE('',#4303);
#4303 = AXIS2_PLACEMENT_3D('',#4304,#4305,#4306);
#4304 = CARTESIAN_POINT('',(6.15,-5.25,0.));
#4305 = DIRECTION('',(-1.,0.,0.));
#4306 = DIRECTION('',(0.,1.,0.));
#4307 = ADVANCED_FACE('',(#4308),#4327,.T.);
#4308 = FACE_BOUND('',#4309,.T.);
#4309 = EDGE_LOOP('',(#4310,#4319,#4320,#4321));
#4310 = ORIENTED_EDGE('',*,*,#4311,.T.);
#4311 = EDGE_CURVE('',#4312,#4136,#4314,.T.);
#4312 = VERTEX_POINT('',#4313);
#4313 = CARTESIAN_POINT('',(0.45,0.75,0.));
#4314 = CIRCLE('',#4315,0.3);
#4315 = AXIS2_PLACEMENT_3D('',#4316,#4317,#4318);
#4316 = CARTESIAN_POINT('',(0.45,0.45,0.));
#4317 = DIRECTION('',(-0.,0.,1.));
#4318 = DIRECTION('',(0.,-1.,0.));
#4319 = ORIENTED_EDGE('',*,*,#4145,.T.);
#4320 = ORIENTED_EDGE('',*,*,#3887,.F.);
#4321 = ORIENTED_EDGE('',*,*,#4322,.F.);
#4322 = EDGE_CURVE('',#4312,#3888,#4323,.T.);
#4323 = LINE('',#4324,#4325);
#4324 = CARTESIAN_POINT('',(0.45,0.75,0.));
#4325 = VECTOR('',#4326,1.);
#4326 = DIRECTION('',(0.,0.,1.));
#4327 = CYLINDRICAL_SURFACE('',#4328,0.3);
#4328 = AXIS2_PLACEMENT_3D('',#4329,#4330,#4331);
#4329 = CARTESIAN_POINT('',(0.45,0.45,0.));
#4330 = DIRECTION('',(0.,0.,1.));
#4331 = DIRECTION('',(0.,1.,0.));
#4332 = ADVANCED_FACE('',(#4333),#4352,.T.);
#4333 = FACE_BOUND('',#4334,.T.);
#4334 = EDGE_LOOP('',(#4335,#4344,#4350,#4351));
#4335 = ORIENTED_EDGE('',*,*,#4336,.T.);
#4336 = EDGE_CURVE('',#4234,#4337,#4339,.T.);
#4337 = VERTEX_POINT('',#4338);
#4338 = CARTESIAN_POINT('',(5.85,0.75,0.));
#4339 = CIRCLE('',#4340,0.3);
#4340 = AXIS2_PLACEMENT_3D('',#4341,#4342,#4343);
#4341 = CARTESIAN_POINT('',(5.85,0.45,0.));
#4342 = DIRECTION('',(-0.,0.,1.));
#4343 = DIRECTION('',(0.,-1.,0.));
#4344 = ORIENTED_EDGE('',*,*,#4345,.T.);
#4345 = EDGE_CURVE('',#4337,#3913,#4346,.T.);
#4346 = LINE('',#4347,#4348);
#4347 = CARTESIAN_POINT('',(5.85,0.75,0.));
#4348 = VECTOR('',#4349,1.);
#4349 = DIRECTION('',(0.,0.,1.));
#4350 = ORIENTED_EDGE('',*,*,#3912,.F.);
#4351 = ORIENTED_EDGE('',*,*,#4233,.F.);
#4352 = CYLINDRICAL_SURFACE('',#4353,0.3);
#4353 = AXIS2_PLACEMENT_3D('',#4354,#4355,#4356);
#4354 = CARTESIAN_POINT('',(5.85,0.45,0.));
#4355 = DIRECTION('',(0.,0.,1.));
#4356 = DIRECTION('',(1.,0.,-0.));
#4357 = ADVANCED_FACE('',(#4358),#4369,.F.);
#4358 = FACE_BOUND('',#4359,.F.);
#4359 = EDGE_LOOP('',(#4360,#4366,#4367,#4368));
#4360 = ORIENTED_EDGE('',*,*,#4361,.F.);
#4361 = EDGE_CURVE('',#4337,#4312,#4362,.T.);
#4362 = LINE('',#4363,#4364);
#4363 = CARTESIAN_POINT('',(6.15,0.75,0.));
#4364 = VECTOR('',#4365,1.);
#4365 = DIRECTION('',(-1.,0.,0.));
#4366 = ORIENTED_EDGE('',*,*,#4345,.T.);
#4367 = ORIENTED_EDGE('',*,*,#3937,.T.);
#4368 = ORIENTED_EDGE('',*,*,#4322,.F.);
#4369 = PLANE('',#4370);
#4370 = AXIS2_PLACEMENT_3D('',#4371,#4372,#4373);
#4371 = CARTESIAN_POINT('',(6.15,0.75,0.));
#4372 = DIRECTION('',(0.,-1.,0.));
#4373 = DIRECTION('',(-1.,0.,0.));
#4374 = ADVANCED_FACE('',(#4375),#4378,.F.);
#4375 = FACE_BOUND('',#4376,.T.);
#4376 = EDGE_LOOP('',(#4377));
#4377 = ORIENTED_EDGE('',*,*,#3962,.T.);
#4378 = PLANE('',#4379);
#4379 = AXIS2_PLACEMENT_3D('',#4380,#4381,#4382);
#4380 = CARTESIAN_POINT('',(5.65,-4.25,4.1));
#4381 = DIRECTION('',(0.,0.,-1.));
#4382 = DIRECTION('',(-1.,0.,0.));
#4383 = ADVANCED_FACE('',(#4384),#4404,.T.);
#4384 = FACE_BOUND('',#4385,.T.);
#4385 = EDGE_LOOP('',(#4386,#4387,#4396,#4403));
#4386 = ORIENTED_EDGE('',*,*,#3987,.T.);
#4387 = ORIENTED_EDGE('',*,*,#4388,.F.);
#4388 = EDGE_CURVE('',#4389,#3980,#4391,.T.);
#4389 = VERTEX_POINT('',#4390);
#4390 = CARTESIAN_POINT('',(4.8,-2.25,4.3));
#4391 = CIRCLE('',#4392,0.1);
#4392 = AXIS2_PLACEMENT_3D('',#4393,#4394,#4395);
#4393 = CARTESIAN_POINT('',(4.8,-2.25,4.2));
#4394 = DIRECTION('',(-0.,1.,0.));
#4395 = DIRECTION('',(1.,0.,0.));
#4396 = ORIENTED_EDGE('',*,*,#4397,.F.);
#4397 = EDGE_CURVE('',#4389,#4389,#4398,.T.);
#4398 = CIRCLE('',#4399,1.65);
#4399 = AXIS2_PLACEMENT_3D('',#4400,#4401,#4402);
#4400 = CARTESIAN_POINT('',(3.15,-2.25,4.3));
#4401 = DIRECTION('',(0.,0.,1.));
#4402 = DIRECTION('',(1.,0.,-0.));
#4403 = ORIENTED_EDGE('',*,*,#4388,.T.);
#4404 = TOROIDAL_SURFACE('',#4405,1.65,0.1);
#4405 = AXIS2_PLACEMENT_3D('',#4406,#4407,#4408);
#4406 = CARTESIAN_POINT('',(3.15,-2.25,4.2));
#4407 = DIRECTION('',(0.,0.,-1.));
#4408 = DIRECTION('',(1.,0.,0.));
#4409 = ADVANCED_FACE('',(#4410),#4413,.F.);
#4410 = FACE_BOUND('',#4411,.T.);
#4411 = EDGE_LOOP('',(#4412));
#4412 = ORIENTED_EDGE('',*,*,#4012,.T.);
#4413 = PLANE('',#4414);
#4414 = AXIS2_PLACEMENT_3D('',#4415,#4416,#4417);
#4415 = CARTESIAN_POINT('',(1.65,-0.25,4.1));
#4416 = DIRECTION('',(0.,0.,-1.));
#4417 = DIRECTION('',(-1.,0.,0.));
#4418 = ADVANCED_FACE('',(#4419),#4422,.F.);
#4419 = FACE_BOUND('',#4420,.T.);
#4420 = EDGE_LOOP('',(#4421));
#4421 = ORIENTED_EDGE('',*,*,#4037,.T.);
#4422 = PLANE('',#4423);
#4423 = AXIS2_PLACEMENT_3D('',#4424,#4425,#4426);
#4424 = CARTESIAN_POINT('',(5.65,-0.25,4.1));
#4425 = DIRECTION('',(0.,0.,-1.));
#4426 = DIRECTION('',(-1.,0.,0.));
#4427 = ADVANCED_FACE('',(#4428),#4466,.T.);
#4428 = FACE_BOUND('',#4429,.T.);
#4429 = EDGE_LOOP('',(#4430,#4431,#4432,#4433,#4439,#4440,#4446,#4447,
    #4448,#4449,#4450,#4451,#4457,#4458,#4464,#4465));
#4430 = ORIENTED_EDGE('',*,*,#4054,.F.);
#4431 = ORIENTED_EDGE('',*,*,#4095,.T.);
#4432 = ORIENTED_EDGE('',*,*,#4153,.F.);
#4433 = ORIENTED_EDGE('',*,*,#4434,.F.);
#4434 = EDGE_CURVE('',#4178,#4154,#4435,.T.);
#4435 = LINE('',#4436,#4437);
#4436 = CARTESIAN_POINT('',(0.15,0.75,0.));
#4437 = VECTOR('',#4438,1.);
#4438 = DIRECTION('',(0.,-1.,0.));
#4439 = ORIENTED_EDGE('',*,*,#4185,.F.);
#4440 = ORIENTED_EDGE('',*,*,#4441,.F.);
#4441 = EDGE_CURVE('',#4138,#4186,#4442,.T.);
#4442 = LINE('',#4443,#4444);
#4443 = CARTESIAN_POINT('',(0.15,0.75,0.));
#4444 = VECTOR('',#4445,1.);
#4445 = DIRECTION('',(0.,-1.,0.));
#4446 = ORIENTED_EDGE('',*,*,#4135,.F.);
#4447 = ORIENTED_EDGE('',*,*,#4311,.F.);
#4448 = ORIENTED_EDGE('',*,*,#4361,.F.);
#4449 = ORIENTED_EDGE('',*,*,#4336,.F.);
#4450 = ORIENTED_EDGE('',*,*,#4241,.F.);
#4451 = ORIENTED_EDGE('',*,*,#4452,.F.);
#4452 = EDGE_CURVE('',#4266,#4242,#4453,.T.);
#4453 = LINE('',#4454,#4455);
#4454 = CARTESIAN_POINT('',(6.15,-5.25,0.));
#4455 = VECTOR('',#4456,1.);
#4456 = DIRECTION('',(0.,1.,0.));
#4457 = ORIENTED_EDGE('',*,*,#4273,.F.);
#4458 = ORIENTED_EDGE('',*,*,#4459,.F.);
#4459 = EDGE_CURVE('',#4224,#4274,#4460,.T.);
#4460 = LINE('',#4461,#4462);
#4461 = CARTESIAN_POINT('',(6.15,-5.25,0.));
#4462 = VECTOR('',#4463,1.);
#4463 = DIRECTION('',(0.,1.,0.));
#4464 = ORIENTED_EDGE('',*,*,#4223,.F.);
#4465 = ORIENTED_EDGE('',*,*,#4110,.F.);
#4466 = PLANE('',#4467);
#4467 = AXIS2_PLACEMENT_3D('',#4468,#4469,#4470);
#4468 = CARTESIAN_POINT('',(0.15,-5.25,0.));
#4469 = DIRECTION('',(0.,0.,-1.));
#4470 = DIRECTION('',(-1.,0.,0.));
#4471 = ADVANCED_FACE('',(#4472),#4616,.F.);
#4472 = FACE_BOUND('',#4473,.F.);
#4473 = EDGE_LOOP('',(#4474,#4484,#4493,#4501,#4510,#4518,#4526,#4534,
    #4543,#4551,#4560,#4568,#4577,#4583,#4584,#4592,#4601,#4609));
#4474 = ORIENTED_EDGE('',*,*,#4475,.T.);
#4475 = EDGE_CURVE('',#4476,#4478,#4480,.T.);
#4476 = VERTEX_POINT('',#4477);
#4477 = CARTESIAN_POINT('',(-0.162230377286,0.35,-0.540767924286));
#4478 = VERTEX_POINT('',#4479);
#4479 = CARTESIAN_POINT('',(-0.425000733956,0.35,-1.416669113186));
#4480 = LINE('',#4481,#4482);
#4481 = CARTESIAN_POINT('',(-0.15,0.35,-0.5));
#4482 = VECTOR('',#4483,1.);
#4483 = DIRECTION('',(-0.287347885566,5.31700397722E-16,-0.957826285221)
  );
#4484 = ORIENTED_EDGE('',*,*,#4485,.T.);
#4485 = EDGE_CURVE('',#4478,#4486,#4488,.T.);
#4486 = VERTEX_POINT('',#4487);
#4487 = CARTESIAN_POINT('',(-0.425000733956,0.35,-1.583330886814));
#4488 = CIRCLE('',#4489,0.29);
#4489 = AXIS2_PLACEMENT_3D('',#4490,#4491,#4492);
#4490 = CARTESIAN_POINT('',(-0.147231111242,0.35,-1.5));
#4491 = DIRECTION('',(0.,-1.,-3.330669073875E-16));
#4492 = DIRECTION('',(0.,-3.330669073875E-16,1.));
#4493 = ORIENTED_EDGE('',*,*,#4494,.T.);
#4494 = EDGE_CURVE('',#4486,#4495,#4497,.T.);
#4495 = VERTEX_POINT('',#4496);
#4496 = CARTESIAN_POINT('',(-0.162230377286,0.35,-2.459232075714));
#4497 = LINE('',#4498,#4499);
#4498 = CARTESIAN_POINT('',(-0.45,0.35,-1.5));
#4499 = VECTOR('',#4500,1.);
#4500 = DIRECTION('',(0.287347885566,5.31700397722E-16,-0.957826285221)
  );
#4501 = ORIENTED_EDGE('',*,*,#4502,.F.);
#4502 = EDGE_CURVE('',#4503,#4495,#4505,.T.);
#4503 = VERTEX_POINT('',#4504);
#4504 = CARTESIAN_POINT('',(-0.15,0.35,-2.542562962528));
#4505 = CIRCLE('',#4506,0.29);
#4506 = AXIS2_PLACEMENT_3D('',#4507,#4508,#4509);
#4507 = CARTESIAN_POINT('',(-0.44,0.35,-2.542562962528));
#4508 = DIRECTION('',(0.,-1.,-3.330669073875E-16));
#4509 = DIRECTION('',(0.,-3.330669073875E-16,1.));
#4510 = ORIENTED_EDGE('',*,*,#4511,.F.);
#4511 = EDGE_CURVE('',#4512,#4503,#4514,.T.);
#4512 = VERTEX_POINT('',#4513);
#4513 = CARTESIAN_POINT('',(-0.15,0.35,-3.5));
#4514 = LINE('',#4515,#4516);
#4515 = CARTESIAN_POINT('',(-0.15,0.35,-3.5));
#4516 = VECTOR('',#4517,1.);
#4517 = DIRECTION('',(0.,-5.551115123126E-16,1.));
#4518 = ORIENTED_EDGE('',*,*,#4519,.F.);
#4519 = EDGE_CURVE('',#4520,#4512,#4522,.T.);
#4520 = VERTEX_POINT('',#4521);
#4521 = CARTESIAN_POINT('',(0.15,0.35,-3.5));
#4522 = LINE('',#4523,#4524);
#4523 = CARTESIAN_POINT('',(0.15,0.35,-3.5));
#4524 = VECTOR('',#4525,1.);
#4525 = DIRECTION('',(-1.,-0.,0.));
#4526 = ORIENTED_EDGE('',*,*,#4527,.F.);
#4527 = EDGE_CURVE('',#4528,#4520,#4530,.T.);
#4528 = VERTEX_POINT('',#4529);
#4529 = CARTESIAN_POINT('',(0.15,0.35,-2.542562962528));
#4530 = LINE('',#4531,#4532);
#4531 = CARTESIAN_POINT('',(0.15,0.35,-2.5));
#4532 = VECTOR('',#4533,1.);
#4533 = DIRECTION('',(0.,5.551115123126E-16,-1.));
#4534 = ORIENTED_EDGE('',*,*,#4535,.F.);
#4535 = EDGE_CURVE('',#4536,#4528,#4538,.T.);
#4536 = VERTEX_POINT('',#4537);
#4537 = CARTESIAN_POINT('',(0.137769622714,0.35,-2.459232075714));
#4538 = CIRCLE('',#4539,0.29);
#4539 = AXIS2_PLACEMENT_3D('',#4540,#4541,#4542);
#4540 = CARTESIAN_POINT('',(-0.14,0.35,-2.542562962528));
#4541 = DIRECTION('',(-0.,1.,3.330669073875E-16));
#4542 = DIRECTION('',(0.,-3.330669073875E-16,1.));
#4543 = ORIENTED_EDGE('',*,*,#4544,.T.);
#4544 = EDGE_CURVE('',#4536,#4545,#4547,.T.);
#4545 = VERTEX_POINT('',#4546);
#4546 = CARTESIAN_POINT('',(-0.125000733956,0.35,-1.583330886814));
#4547 = LINE('',#4548,#4549);
#4548 = CARTESIAN_POINT('',(0.15,0.35,-2.5));
#4549 = VECTOR('',#4550,1.);
#4550 = DIRECTION('',(-0.287347885566,-5.31700397722E-16,0.957826285221)
  );
#4551 = ORIENTED_EDGE('',*,*,#4552,.F.);
#4552 = EDGE_CURVE('',#4553,#4545,#4555,.T.);
#4553 = VERTEX_POINT('',#4554);
#4554 = CARTESIAN_POINT('',(-0.125000733956,0.35,-1.416669113186));
#4555 = CIRCLE('',#4556,0.29);
#4556 = AXIS2_PLACEMENT_3D('',#4557,#4558,#4559);
#4557 = CARTESIAN_POINT('',(0.152768888758,0.35,-1.5));
#4558 = DIRECTION('',(0.,-1.,-3.330669073875E-16));
#4559 = DIRECTION('',(0.,-3.330669073875E-16,1.));
#4560 = ORIENTED_EDGE('',*,*,#4561,.T.);
#4561 = EDGE_CURVE('',#4553,#4562,#4564,.T.);
#4562 = VERTEX_POINT('',#4563);
#4563 = CARTESIAN_POINT('',(0.137769622714,0.35,-0.540767924286));
#4564 = LINE('',#4565,#4566);
#4565 = CARTESIAN_POINT('',(-0.15,0.35,-1.5));
#4566 = VECTOR('',#4567,1.);
#4567 = DIRECTION('',(0.287347885566,-5.31700397722E-16,0.957826285221)
  );
#4568 = ORIENTED_EDGE('',*,*,#4569,.F.);
#4569 = EDGE_CURVE('',#4570,#4562,#4572,.T.);
#4570 = VERTEX_POINT('',#4571);
#4571 = CARTESIAN_POINT('',(0.15,0.35,-0.457437037472));
#4572 = CIRCLE('',#4573,0.29);
#4573 = AXIS2_PLACEMENT_3D('',#4574,#4575,#4576);
#4574 = CARTESIAN_POINT('',(-0.14,0.35,-0.457437037472));
#4575 = DIRECTION('',(-0.,1.,3.330669073875E-16));
#4576 = DIRECTION('',(0.,-3.330669073875E-16,1.));
#4577 = ORIENTED_EDGE('',*,*,#4578,.F.);
#4578 = EDGE_CURVE('',#4138,#4570,#4579,.T.);
#4579 = LINE('',#4580,#4581);
#4580 = CARTESIAN_POINT('',(0.15,0.35,1.5));
#4581 = VECTOR('',#4582,1.);
#4582 = DIRECTION('',(0.,5.551115123126E-16,-1.));
#4583 = ORIENTED_EDGE('',*,*,#4209,.F.);
#4584 = ORIENTED_EDGE('',*,*,#4585,.F.);
#4585 = EDGE_CURVE('',#4586,#4202,#4588,.T.);
#4586 = VERTEX_POINT('',#4587);
#4587 = CARTESIAN_POINT('',(0.14,0.35,1.5));
#4588 = LINE('',#4589,#4590);
#4589 = CARTESIAN_POINT('',(-0.15,0.35,1.5));
#4590 = VECTOR('',#4591,1.);
#4591 = DIRECTION('',(1.,0.,0.));
#4592 = ORIENTED_EDGE('',*,*,#4593,.F.);
#4593 = EDGE_CURVE('',#4594,#4586,#4596,.T.);
#4594 = VERTEX_POINT('',#4595);
#4595 = CARTESIAN_POINT('',(-0.15,0.35,1.21));
#4596 = CIRCLE('',#4597,0.29);
#4597 = AXIS2_PLACEMENT_3D('',#4598,#4599,#4600);
#4598 = CARTESIAN_POINT('',(0.14,0.35,1.21));
#4599 = DIRECTION('',(-0.,1.,3.330669073875E-16));
#4600 = DIRECTION('',(0.,-3.330669073875E-16,1.));
#4601 = ORIENTED_EDGE('',*,*,#4602,.F.);
#4602 = EDGE_CURVE('',#4603,#4594,#4605,.T.);
#4603 = VERTEX_POINT('',#4604);
#4604 = CARTESIAN_POINT('',(-0.15,0.35,-0.457437037472));
#4605 = LINE('',#4606,#4607);
#4606 = CARTESIAN_POINT('',(-0.15,0.35,-0.5));
#4607 = VECTOR('',#4608,1.);
#4608 = DIRECTION('',(0.,-5.551115123126E-16,1.));
#4609 = ORIENTED_EDGE('',*,*,#4610,.F.);
#4610 = EDGE_CURVE('',#4476,#4603,#4611,.T.);
#4611 = CIRCLE('',#4612,0.29);
#4612 = AXIS2_PLACEMENT_3D('',#4613,#4614,#4615);
#4613 = CARTESIAN_POINT('',(-0.44,0.35,-0.457437037472));
#4614 = DIRECTION('',(0.,-1.,-3.330669073875E-16));
#4615 = DIRECTION('',(0.,-3.330669073875E-16,1.));
#4616 = PLANE('',#4617);
#4617 = AXIS2_PLACEMENT_3D('',#4618,#4619,#4620);
#4618 = CARTESIAN_POINT('',(-0.15,0.35,-0.5));
#4619 = DIRECTION('',(1.64346021921E-31,-1.,-5.551115123126E-16));
#4620 = DIRECTION('',(0.,5.551115123126E-16,-1.));
#4621 = ADVANCED_FACE('',(#4622),#4640,.F.);
#4622 = FACE_BOUND('',#4623,.F.);
#4623 = EDGE_LOOP('',(#4624,#4632,#4638,#4639));
#4624 = ORIENTED_EDGE('',*,*,#4625,.F.);
#4625 = EDGE_CURVE('',#4626,#4194,#4628,.T.);
#4626 = VERTEX_POINT('',#4627);
#4627 = CARTESIAN_POINT('',(0.14,-0.35,1.5));
#4628 = LINE('',#4629,#4630);
#4629 = CARTESIAN_POINT('',(-0.15,-0.35,1.5));
#4630 = VECTOR('',#4631,1.);
#4631 = DIRECTION('',(1.,0.,0.));
#4632 = ORIENTED_EDGE('',*,*,#4633,.T.);
#4633 = EDGE_CURVE('',#4626,#4586,#4634,.T.);
#4634 = LINE('',#4635,#4636);
#4635 = CARTESIAN_POINT('',(0.14,-0.35,1.5));
#4636 = VECTOR('',#4637,1.);
#4637 = DIRECTION('',(0.,1.,3.330669073875E-16));
#4638 = ORIENTED_EDGE('',*,*,#4585,.T.);
#4639 = ORIENTED_EDGE('',*,*,#4201,.F.);
#4640 = PLANE('',#4641);
#4641 = AXIS2_PLACEMENT_3D('',#4642,#4643,#4644);
#4642 = CARTESIAN_POINT('',(-0.15,-0.35,1.5));
#4643 = DIRECTION('',(0.,3.330669073875E-16,-1.));
#4644 = DIRECTION('',(1.,0.,0.));
#4645 = ADVANCED_FACE('',(#4646),#4783,.T.);
#4646 = FACE_BOUND('',#4647,.T.);
#4647 = EDGE_LOOP('',(#4648,#4658,#4667,#4675,#4684,#4692,#4700,#4708,
    #4717,#4725,#4734,#4742,#4751,#4757,#4758,#4759,#4768,#4776));
#4648 = ORIENTED_EDGE('',*,*,#4649,.T.);
#4649 = EDGE_CURVE('',#4650,#4652,#4654,.T.);
#4650 = VERTEX_POINT('',#4651);
#4651 = CARTESIAN_POINT('',(-0.162230377286,-0.35,-0.540767924286));
#4652 = VERTEX_POINT('',#4653);
#4653 = CARTESIAN_POINT('',(-0.425000733956,-0.35,-1.416669113186));
#4654 = LINE('',#4655,#4656);
#4655 = CARTESIAN_POINT('',(-0.15,-0.35,-0.5));
#4656 = VECTOR('',#4657,1.);
#4657 = DIRECTION('',(-0.287347885566,5.31700397722E-16,-0.957826285221)
  );
#4658 = ORIENTED_EDGE('',*,*,#4659,.T.);
#4659 = EDGE_CURVE('',#4652,#4660,#4662,.T.);
#4660 = VERTEX_POINT('',#4661);
#4661 = CARTESIAN_POINT('',(-0.425000733956,-0.35,-1.583330886814));
#4662 = CIRCLE('',#4663,0.29);
#4663 = AXIS2_PLACEMENT_3D('',#4664,#4665,#4666);
#4664 = CARTESIAN_POINT('',(-0.147231111242,-0.35,-1.5));
#4665 = DIRECTION('',(0.,-1.,-3.330669073875E-16));
#4666 = DIRECTION('',(0.,-3.330669073875E-16,1.));
#4667 = ORIENTED_EDGE('',*,*,#4668,.T.);
#4668 = EDGE_CURVE('',#4660,#4669,#4671,.T.);
#4669 = VERTEX_POINT('',#4670);
#4670 = CARTESIAN_POINT('',(-0.162230377286,-0.35,-2.459232075714));
#4671 = LINE('',#4672,#4673);
#4672 = CARTESIAN_POINT('',(-0.45,-0.35,-1.5));
#4673 = VECTOR('',#4674,1.);
#4674 = DIRECTION('',(0.287347885566,5.31700397722E-16,-0.957826285221)
  );
#4675 = ORIENTED_EDGE('',*,*,#4676,.F.);
#4676 = EDGE_CURVE('',#4677,#4669,#4679,.T.);
#4677 = VERTEX_POINT('',#4678);
#4678 = CARTESIAN_POINT('',(-0.15,-0.35,-2.542562962528));
#4679 = CIRCLE('',#4680,0.29);
#4680 = AXIS2_PLACEMENT_3D('',#4681,#4682,#4683);
#4681 = CARTESIAN_POINT('',(-0.44,-0.35,-2.542562962528));
#4682 = DIRECTION('',(0.,-1.,-3.330669073875E-16));
#4683 = DIRECTION('',(0.,-3.330669073875E-16,1.));
#4684 = ORIENTED_EDGE('',*,*,#4685,.F.);
#4685 = EDGE_CURVE('',#4686,#4677,#4688,.T.);
#4686 = VERTEX_POINT('',#4687);
#4687 = CARTESIAN_POINT('',(-0.15,-0.35,-3.5));
#4688 = LINE('',#4689,#4690);
#4689 = CARTESIAN_POINT('',(-0.15,-0.35,-3.5));
#4690 = VECTOR('',#4691,1.);
#4691 = DIRECTION('',(0.,-5.551115123126E-16,1.));
#4692 = ORIENTED_EDGE('',*,*,#4693,.F.);
#4693 = EDGE_CURVE('',#4694,#4686,#4696,.T.);
#4694 = VERTEX_POINT('',#4695);
#4695 = CARTESIAN_POINT('',(0.15,-0.35,-3.5));
#4696 = LINE('',#4697,#4698);
#4697 = CARTESIAN_POINT('',(0.15,-0.35,-3.5));
#4698 = VECTOR('',#4699,1.);
#4699 = DIRECTION('',(-1.,-0.,0.));
#4700 = ORIENTED_EDGE('',*,*,#4701,.F.);
#4701 = EDGE_CURVE('',#4702,#4694,#4704,.T.);
#4702 = VERTEX_POINT('',#4703);
#4703 = CARTESIAN_POINT('',(0.15,-0.35,-2.542562962528));
#4704 = LINE('',#4705,#4706);
#4705 = CARTESIAN_POINT('',(0.15,-0.35,-2.5));
#4706 = VECTOR('',#4707,1.);
#4707 = DIRECTION('',(0.,5.551115123126E-16,-1.));
#4708 = ORIENTED_EDGE('',*,*,#4709,.F.);
#4709 = EDGE_CURVE('',#4710,#4702,#4712,.T.);
#4710 = VERTEX_POINT('',#4711);
#4711 = CARTESIAN_POINT('',(0.137769622714,-0.35,-2.459232075714));
#4712 = CIRCLE('',#4713,0.29);
#4713 = AXIS2_PLACEMENT_3D('',#4714,#4715,#4716);
#4714 = CARTESIAN_POINT('',(-0.14,-0.35,-2.542562962528));
#4715 = DIRECTION('',(-0.,1.,3.330669073875E-16));
#4716 = DIRECTION('',(0.,-3.330669073875E-16,1.));
#4717 = ORIENTED_EDGE('',*,*,#4718,.T.);
#4718 = EDGE_CURVE('',#4710,#4719,#4721,.T.);
#4719 = VERTEX_POINT('',#4720);
#4720 = CARTESIAN_POINT('',(-0.125000733956,-0.35,-1.583330886814));
#4721 = LINE('',#4722,#4723);
#4722 = CARTESIAN_POINT('',(0.15,-0.35,-2.5));
#4723 = VECTOR('',#4724,1.);
#4724 = DIRECTION('',(-0.287347885566,-5.31700397722E-16,0.957826285221)
  );
#4725 = ORIENTED_EDGE('',*,*,#4726,.F.);
#4726 = EDGE_CURVE('',#4727,#4719,#4729,.T.);
#4727 = VERTEX_POINT('',#4728);
#4728 = CARTESIAN_POINT('',(-0.125000733956,-0.35,-1.416669113186));
#4729 = CIRCLE('',#4730,0.29);
#4730 = AXIS2_PLACEMENT_3D('',#4731,#4732,#4733);
#4731 = CARTESIAN_POINT('',(0.152768888758,-0.35,-1.5));
#4732 = DIRECTION('',(0.,-1.,-3.330669073875E-16));
#4733 = DIRECTION('',(0.,-3.330669073875E-16,1.));
#4734 = ORIENTED_EDGE('',*,*,#4735,.T.);
#4735 = EDGE_CURVE('',#4727,#4736,#4738,.T.);
#4736 = VERTEX_POINT('',#4737);
#4737 = CARTESIAN_POINT('',(0.137769622714,-0.35,-0.540767924286));
#4738 = LINE('',#4739,#4740);
#4739 = CARTESIAN_POINT('',(-0.15,-0.35,-1.5));
#4740 = VECTOR('',#4741,1.);
#4741 = DIRECTION('',(0.287347885566,-5.31700397722E-16,0.957826285221)
  );
#4742 = ORIENTED_EDGE('',*,*,#4743,.F.);
#4743 = EDGE_CURVE('',#4744,#4736,#4746,.T.);
#4744 = VERTEX_POINT('',#4745);
#4745 = CARTESIAN_POINT('',(0.15,-0.35,-0.457437037472));
#4746 = CIRCLE('',#4747,0.29);
#4747 = AXIS2_PLACEMENT_3D('',#4748,#4749,#4750);
#4748 = CARTESIAN_POINT('',(-0.14,-0.35,-0.457437037472));
#4749 = DIRECTION('',(-0.,1.,3.330669073875E-16));
#4750 = DIRECTION('',(0.,-3.330669073875E-16,1.));
#4751 = ORIENTED_EDGE('',*,*,#4752,.F.);
#4752 = EDGE_CURVE('',#4186,#4744,#4753,.T.);
#4753 = LINE('',#4754,#4755);
#4754 = CARTESIAN_POINT('',(0.15,-0.35,1.5));
#4755 = VECTOR('',#4756,1.);
#4756 = DIRECTION('',(0.,5.551115123126E-16,-1.));
#4757 = ORIENTED_EDGE('',*,*,#4193,.F.);
#4758 = ORIENTED_EDGE('',*,*,#4625,.F.);
#4759 = ORIENTED_EDGE('',*,*,#4760,.F.);
#4760 = EDGE_CURVE('',#4761,#4626,#4763,.T.);
#4761 = VERTEX_POINT('',#4762);
#4762 = CARTESIAN_POINT('',(-0.15,-0.35,1.21));
#4763 = CIRCLE('',#4764,0.29);
#4764 = AXIS2_PLACEMENT_3D('',#4765,#4766,#4767);
#4765 = CARTESIAN_POINT('',(0.14,-0.35,1.21));
#4766 = DIRECTION('',(-0.,1.,3.330669073875E-16));
#4767 = DIRECTION('',(0.,-3.330669073875E-16,1.));
#4768 = ORIENTED_EDGE('',*,*,#4769,.F.);
#4769 = EDGE_CURVE('',#4770,#4761,#4772,.T.);
#4770 = VERTEX_POINT('',#4771);
#4771 = CARTESIAN_POINT('',(-0.15,-0.35,-0.457437037472));
#4772 = LINE('',#4773,#4774);
#4773 = CARTESIAN_POINT('',(-0.15,-0.35,-0.5));
#4774 = VECTOR('',#4775,1.);
#4775 = DIRECTION('',(0.,-5.551115123126E-16,1.));
#4776 = ORIENTED_EDGE('',*,*,#4777,.F.);
#4777 = EDGE_CURVE('',#4650,#4770,#4778,.T.);
#4778 = CIRCLE('',#4779,0.29);
#4779 = AXIS2_PLACEMENT_3D('',#4780,#4781,#4782);
#4780 = CARTESIAN_POINT('',(-0.44,-0.35,-0.457437037472));
#4781 = DIRECTION('',(0.,-1.,-3.330669073875E-16));
#4782 = DIRECTION('',(0.,-3.330669073875E-16,1.));
#4783 = PLANE('',#4784);
#4784 = AXIS2_PLACEMENT_3D('',#4785,#4786,#4787);
#4785 = CARTESIAN_POINT('',(-0.15,-0.35,-0.5));
#4786 = DIRECTION('',(1.64346021921E-31,-1.,-5.551115123126E-16));
#4787 = DIRECTION('',(0.,5.551115123126E-16,-1.));
#4788 = ADVANCED_FACE('',(#4789),#4933,.T.);
#4789 = FACE_BOUND('',#4790,.T.);
#4790 = EDGE_LOOP('',(#4791,#4801,#4810,#4818,#4827,#4835,#4843,#4851,
    #4860,#4868,#4877,#4885,#4894,#4900,#4901,#4909,#4918,#4926));
#4791 = ORIENTED_EDGE('',*,*,#4792,.T.);
#4792 = EDGE_CURVE('',#4793,#4795,#4797,.T.);
#4793 = VERTEX_POINT('',#4794);
#4794 = CARTESIAN_POINT('',(-0.162230377286,-4.85,-0.540767924286));
#4795 = VERTEX_POINT('',#4796);
#4796 = CARTESIAN_POINT('',(-0.425000733956,-4.85,-1.416669113186));
#4797 = LINE('',#4798,#4799);
#4798 = CARTESIAN_POINT('',(-0.15,-4.85,-0.5));
#4799 = VECTOR('',#4800,1.);
#4800 = DIRECTION('',(-0.287347885566,5.31700397722E-16,-0.957826285221)
  );
#4801 = ORIENTED_EDGE('',*,*,#4802,.T.);
#4802 = EDGE_CURVE('',#4795,#4803,#4805,.T.);
#4803 = VERTEX_POINT('',#4804);
#4804 = CARTESIAN_POINT('',(-0.425000733956,-4.85,-1.583330886814));
#4805 = CIRCLE('',#4806,0.29);
#4806 = AXIS2_PLACEMENT_3D('',#4807,#4808,#4809);
#4807 = CARTESIAN_POINT('',(-0.147231111242,-4.85,-1.5));
#4808 = DIRECTION('',(0.,-1.,-3.330669073875E-16));
#4809 = DIRECTION('',(0.,-3.330669073875E-16,1.));
#4810 = ORIENTED_EDGE('',*,*,#4811,.T.);
#4811 = EDGE_CURVE('',#4803,#4812,#4814,.T.);
#4812 = VERTEX_POINT('',#4813);
#4813 = CARTESIAN_POINT('',(-0.162230377286,-4.85,-2.459232075714));
#4814 = LINE('',#4815,#4816);
#4815 = CARTESIAN_POINT('',(-0.45,-4.85,-1.5));
#4816 = VECTOR('',#4817,1.);
#4817 = DIRECTION('',(0.287347885566,5.31700397722E-16,-0.957826285221)
  );
#4818 = ORIENTED_EDGE('',*,*,#4819,.F.);
#4819 = EDGE_CURVE('',#4820,#4812,#4822,.T.);
#4820 = VERTEX_POINT('',#4821);
#4821 = CARTESIAN_POINT('',(-0.15,-4.85,-2.542562962528));
#4822 = CIRCLE('',#4823,0.29);
#4823 = AXIS2_PLACEMENT_3D('',#4824,#4825,#4826);
#4824 = CARTESIAN_POINT('',(-0.44,-4.85,-2.542562962528));
#4825 = DIRECTION('',(0.,-1.,-3.330669073875E-16));
#4826 = DIRECTION('',(0.,-3.330669073875E-16,1.));
#4827 = ORIENTED_EDGE('',*,*,#4828,.F.);
#4828 = EDGE_CURVE('',#4829,#4820,#4831,.T.);
#4829 = VERTEX_POINT('',#4830);
#4830 = CARTESIAN_POINT('',(-0.15,-4.85,-3.5));
#4831 = LINE('',#4832,#4833);
#4832 = CARTESIAN_POINT('',(-0.15,-4.85,-3.5));
#4833 = VECTOR('',#4834,1.);
#4834 = DIRECTION('',(0.,-5.551115123126E-16,1.));
#4835 = ORIENTED_EDGE('',*,*,#4836,.F.);
#4836 = EDGE_CURVE('',#4837,#4829,#4839,.T.);
#4837 = VERTEX_POINT('',#4838);
#4838 = CARTESIAN_POINT('',(0.15,-4.85,-3.5));
#4839 = LINE('',#4840,#4841);
#4840 = CARTESIAN_POINT('',(0.15,-4.85,-3.5));
#4841 = VECTOR('',#4842,1.);
#4842 = DIRECTION('',(-1.,-0.,0.));
#4843 = ORIENTED_EDGE('',*,*,#4844,.F.);
#4844 = EDGE_CURVE('',#4845,#4837,#4847,.T.);
#4845 = VERTEX_POINT('',#4846);
#4846 = CARTESIAN_POINT('',(0.15,-4.85,-2.542562962528));
#4847 = LINE('',#4848,#4849);
#4848 = CARTESIAN_POINT('',(0.15,-4.85,-2.5));
#4849 = VECTOR('',#4850,1.);
#4850 = DIRECTION('',(0.,5.551115123126E-16,-1.));
#4851 = ORIENTED_EDGE('',*,*,#4852,.F.);
#4852 = EDGE_CURVE('',#4853,#4845,#4855,.T.);
#4853 = VERTEX_POINT('',#4854);
#4854 = CARTESIAN_POINT('',(0.137769622714,-4.85,-2.459232075714));
#4855 = CIRCLE('',#4856,0.29);
#4856 = AXIS2_PLACEMENT_3D('',#4857,#4858,#4859);
#4857 = CARTESIAN_POINT('',(-0.14,-4.85,-2.542562962528));
#4858 = DIRECTION('',(-0.,1.,3.330669073875E-16));
#4859 = DIRECTION('',(0.,-3.330669073875E-16,1.));
#4860 = ORIENTED_EDGE('',*,*,#4861,.T.);
#4861 = EDGE_CURVE('',#4853,#4862,#4864,.T.);
#4862 = VERTEX_POINT('',#4863);
#4863 = CARTESIAN_POINT('',(-0.125000733956,-4.85,-1.583330886814));
#4864 = LINE('',#4865,#4866);
#4865 = CARTESIAN_POINT('',(0.15,-4.85,-2.5));
#4866 = VECTOR('',#4867,1.);
#4867 = DIRECTION('',(-0.287347885566,-5.31700397722E-16,0.957826285221)
  );
#4868 = ORIENTED_EDGE('',*,*,#4869,.F.);
#4869 = EDGE_CURVE('',#4870,#4862,#4872,.T.);
#4870 = VERTEX_POINT('',#4871);
#4871 = CARTESIAN_POINT('',(-0.125000733956,-4.85,-1.416669113186));
#4872 = CIRCLE('',#4873,0.29);
#4873 = AXIS2_PLACEMENT_3D('',#4874,#4875,#4876);
#4874 = CARTESIAN_POINT('',(0.152768888758,-4.85,-1.5));
#4875 = DIRECTION('',(0.,-1.,-3.330669073875E-16));
#4876 = DIRECTION('',(0.,-3.330669073875E-16,1.));
#4877 = ORIENTED_EDGE('',*,*,#4878,.T.);
#4878 = EDGE_CURVE('',#4870,#4879,#4881,.T.);
#4879 = VERTEX_POINT('',#4880);
#4880 = CARTESIAN_POINT('',(0.137769622714,-4.85,-0.540767924286));
#4881 = LINE('',#4882,#4883);
#4882 = CARTESIAN_POINT('',(-0.15,-4.85,-1.5));
#4883 = VECTOR('',#4884,1.);
#4884 = DIRECTION('',(0.287347885566,-5.31700397722E-16,0.957826285221)
  );
#4885 = ORIENTED_EDGE('',*,*,#4886,.F.);
#4886 = EDGE_CURVE('',#4887,#4879,#4889,.T.);
#4887 = VERTEX_POINT('',#4888);
#4888 = CARTESIAN_POINT('',(0.15,-4.85,-0.457437037472));
#4889 = CIRCLE('',#4890,0.29);
#4890 = AXIS2_PLACEMENT_3D('',#4891,#4892,#4893);
#4891 = CARTESIAN_POINT('',(-0.14,-4.85,-0.457437037472));
#4892 = DIRECTION('',(-0.,1.,3.330669073875E-16));
#4893 = DIRECTION('',(0.,-3.330669073875E-16,1.));
#4894 = ORIENTED_EDGE('',*,*,#4895,.F.);
#4895 = EDGE_CURVE('',#4154,#4887,#4896,.T.);
#4896 = LINE('',#4897,#4898);
#4897 = CARTESIAN_POINT('',(0.15,-4.85,1.5));
#4898 = VECTOR('',#4899,1.);
#4899 = DIRECTION('',(0.,5.551115123126E-16,-1.));
#4900 = ORIENTED_EDGE('',*,*,#4161,.F.);
#4901 = ORIENTED_EDGE('',*,*,#4902,.F.);
#4902 = EDGE_CURVE('',#4903,#4162,#4905,.T.);
#4903 = VERTEX_POINT('',#4904);
#4904 = CARTESIAN_POINT('',(0.14,-4.85,1.5));
#4905 = LINE('',#4906,#4907);
#4906 = CARTESIAN_POINT('',(-0.15,-4.85,1.5));
#4907 = VECTOR('',#4908,1.);
#4908 = DIRECTION('',(1.,0.,0.));
#4909 = ORIENTED_EDGE('',*,*,#4910,.F.);
#4910 = EDGE_CURVE('',#4911,#4903,#4913,.T.);
#4911 = VERTEX_POINT('',#4912);
#4912 = CARTESIAN_POINT('',(-0.15,-4.85,1.21));
#4913 = CIRCLE('',#4914,0.29);
#4914 = AXIS2_PLACEMENT_3D('',#4915,#4916,#4917);
#4915 = CARTESIAN_POINT('',(0.14,-4.85,1.21));
#4916 = DIRECTION('',(-0.,1.,3.330669073875E-16));
#4917 = DIRECTION('',(0.,-3.330669073875E-16,1.));
#4918 = ORIENTED_EDGE('',*,*,#4919,.F.);
#4919 = EDGE_CURVE('',#4920,#4911,#4922,.T.);
#4920 = VERTEX_POINT('',#4921);
#4921 = CARTESIAN_POINT('',(-0.15,-4.85,-0.457437037472));
#4922 = LINE('',#4923,#4924);
#4923 = CARTESIAN_POINT('',(-0.15,-4.85,-0.5));
#4924 = VECTOR('',#4925,1.);
#4925 = DIRECTION('',(0.,-5.551115123126E-16,1.));
#4926 = ORIENTED_EDGE('',*,*,#4927,.F.);
#4927 = EDGE_CURVE('',#4793,#4920,#4928,.T.);
#4928 = CIRCLE('',#4929,0.29);
#4929 = AXIS2_PLACEMENT_3D('',#4930,#4931,#4932);
#4930 = CARTESIAN_POINT('',(-0.44,-4.85,-0.457437037472));
#4931 = DIRECTION('',(0.,-1.,-3.330669073875E-16));
#4932 = DIRECTION('',(0.,-3.330669073875E-16,1.));
#4933 = PLANE('',#4934);
#4934 = AXIS2_PLACEMENT_3D('',#4935,#4936,#4937);
#4935 = CARTESIAN_POINT('',(-0.15,-4.85,-0.5));
#4936 = DIRECTION('',(0.,-1.,-3.330669073875E-16));
#4937 = DIRECTION('',(0.,3.330669073875E-16,-1.));
#4938 = ADVANCED_FACE('',(#4939),#5083,.F.);
#4939 = FACE_BOUND('',#4940,.F.);
#4940 = EDGE_LOOP('',(#4941,#4951,#4960,#4968,#4977,#4985,#4993,#5001,
    #5010,#5018,#5027,#5035,#5044,#5050,#5051,#5059,#5068,#5076));
#4941 = ORIENTED_EDGE('',*,*,#4942,.T.);
#4942 = EDGE_CURVE('',#4943,#4945,#4947,.T.);
#4943 = VERTEX_POINT('',#4944);
#4944 = CARTESIAN_POINT('',(-0.162230377286,-4.15,-0.540767924286));
#4945 = VERTEX_POINT('',#4946);
#4946 = CARTESIAN_POINT('',(-0.425000733956,-4.15,-1.416669113186));
#4947 = LINE('',#4948,#4949);
#4948 = CARTESIAN_POINT('',(-0.15,-4.15,-0.5));
#4949 = VECTOR('',#4950,1.);
#4950 = DIRECTION('',(-0.287347885566,5.31700397722E-16,-0.957826285221)
  );
#4951 = ORIENTED_EDGE('',*,*,#4952,.T.);
#4952 = EDGE_CURVE('',#4945,#4953,#4955,.T.);
#4953 = VERTEX_POINT('',#4954);
#4954 = CARTESIAN_POINT('',(-0.425000733956,-4.15,-1.583330886814));
#4955 = CIRCLE('',#4956,0.29);
#4956 = AXIS2_PLACEMENT_3D('',#4957,#4958,#4959);
#4957 = CARTESIAN_POINT('',(-0.147231111242,-4.15,-1.5));
#4958 = DIRECTION('',(0.,-1.,-3.330669073875E-16));
#4959 = DIRECTION('',(0.,-3.330669073875E-16,1.));
#4960 = ORIENTED_EDGE('',*,*,#4961,.T.);
#4961 = EDGE_CURVE('',#4953,#4962,#4964,.T.);
#4962 = VERTEX_POINT('',#4963);
#4963 = CARTESIAN_POINT('',(-0.162230377286,-4.15,-2.459232075714));
#4964 = LINE('',#4965,#4966);
#4965 = CARTESIAN_POINT('',(-0.45,-4.15,-1.5));
#4966 = VECTOR('',#4967,1.);
#4967 = DIRECTION('',(0.287347885566,5.31700397722E-16,-0.957826285221)
  );
#4968 = ORIENTED_EDGE('',*,*,#4969,.F.);
#4969 = EDGE_CURVE('',#4970,#4962,#4972,.T.);
#4970 = VERTEX_POINT('',#4971);
#4971 = CARTESIAN_POINT('',(-0.15,-4.15,-2.542562962528));
#4972 = CIRCLE('',#4973,0.29);
#4973 = AXIS2_PLACEMENT_3D('',#4974,#4975,#4976);
#4974 = CARTESIAN_POINT('',(-0.44,-4.15,-2.542562962528));
#4975 = DIRECTION('',(0.,-1.,-3.330669073875E-16));
#4976 = DIRECTION('',(0.,-3.330669073875E-16,1.));
#4977 = ORIENTED_EDGE('',*,*,#4978,.F.);
#4978 = EDGE_CURVE('',#4979,#4970,#4981,.T.);
#4979 = VERTEX_POINT('',#4980);
#4980 = CARTESIAN_POINT('',(-0.15,-4.15,-3.5));
#4981 = LINE('',#4982,#4983);
#4982 = CARTESIAN_POINT('',(-0.15,-4.15,-3.5));
#4983 = VECTOR('',#4984,1.);
#4984 = DIRECTION('',(0.,-5.551115123126E-16,1.));
#4985 = ORIENTED_EDGE('',*,*,#4986,.F.);
#4986 = EDGE_CURVE('',#4987,#4979,#4989,.T.);
#4987 = VERTEX_POINT('',#4988);
#4988 = CARTESIAN_POINT('',(0.15,-4.15,-3.5));
#4989 = LINE('',#4990,#4991);
#4990 = CARTESIAN_POINT('',(0.15,-4.15,-3.5));
#4991 = VECTOR('',#4992,1.);
#4992 = DIRECTION('',(-1.,-0.,0.));
#4993 = ORIENTED_EDGE('',*,*,#4994,.F.);
#4994 = EDGE_CURVE('',#4995,#4987,#4997,.T.);
#4995 = VERTEX_POINT('',#4996);
#4996 = CARTESIAN_POINT('',(0.15,-4.15,-2.542562962528));
#4997 = LINE('',#4998,#4999);
#4998 = CARTESIAN_POINT('',(0.15,-4.15,-2.5));
#4999 = VECTOR('',#5000,1.);
#5000 = DIRECTION('',(0.,5.551115123126E-16,-1.));
#5001 = ORIENTED_EDGE('',*,*,#5002,.F.);
#5002 = EDGE_CURVE('',#5003,#4995,#5005,.T.);
#5003 = VERTEX_POINT('',#5004);
#5004 = CARTESIAN_POINT('',(0.137769622714,-4.15,-2.459232075714));
#5005 = CIRCLE('',#5006,0.29);
#5006 = AXIS2_PLACEMENT_3D('',#5007,#5008,#5009);
#5007 = CARTESIAN_POINT('',(-0.14,-4.15,-2.542562962528));
#5008 = DIRECTION('',(-0.,1.,3.330669073875E-16));
#5009 = DIRECTION('',(0.,-3.330669073875E-16,1.));
#5010 = ORIENTED_EDGE('',*,*,#5011,.T.);
#5011 = EDGE_CURVE('',#5003,#5012,#5014,.T.);
#5012 = VERTEX_POINT('',#5013);
#5013 = CARTESIAN_POINT('',(-0.125000733956,-4.15,-1.583330886814));
#5014 = LINE('',#5015,#5016);
#5015 = CARTESIAN_POINT('',(0.15,-4.15,-2.5));
#5016 = VECTOR('',#5017,1.);
#5017 = DIRECTION('',(-0.287347885566,-5.31700397722E-16,0.957826285221)
  );
#5018 = ORIENTED_EDGE('',*,*,#5019,.F.);
#5019 = EDGE_CURVE('',#5020,#5012,#5022,.T.);
#5020 = VERTEX_POINT('',#5021);
#5021 = CARTESIAN_POINT('',(-0.125000733956,-4.15,-1.416669113186));
#5022 = CIRCLE('',#5023,0.29);
#5023 = AXIS2_PLACEMENT_3D('',#5024,#5025,#5026);
#5024 = CARTESIAN_POINT('',(0.152768888758,-4.15,-1.5));
#5025 = DIRECTION('',(0.,-1.,-3.330669073875E-16));
#5026 = DIRECTION('',(0.,-3.330669073875E-16,1.));
#5027 = ORIENTED_EDGE('',*,*,#5028,.T.);
#5028 = EDGE_CURVE('',#5020,#5029,#5031,.T.);
#5029 = VERTEX_POINT('',#5030);
#5030 = CARTESIAN_POINT('',(0.137769622714,-4.15,-0.540767924286));
#5031 = LINE('',#5032,#5033);
#5032 = CARTESIAN_POINT('',(-0.15,-4.15,-1.5));
#5033 = VECTOR('',#5034,1.);
#5034 = DIRECTION('',(0.287347885566,-5.31700397722E-16,0.957826285221)
  );
#5035 = ORIENTED_EDGE('',*,*,#5036,.F.);
#5036 = EDGE_CURVE('',#5037,#5029,#5039,.T.);
#5037 = VERTEX_POINT('',#5038);
#5038 = CARTESIAN_POINT('',(0.15,-4.15,-0.457437037472));
#5039 = CIRCLE('',#5040,0.29);
#5040 = AXIS2_PLACEMENT_3D('',#5041,#5042,#5043);
#5041 = CARTESIAN_POINT('',(-0.14,-4.15,-0.457437037472));
#5042 = DIRECTION('',(-0.,1.,3.330669073875E-16));
#5043 = DIRECTION('',(0.,-3.330669073875E-16,1.));
#5044 = ORIENTED_EDGE('',*,*,#5045,.F.);
#5045 = EDGE_CURVE('',#4178,#5037,#5046,.T.);
#5046 = LINE('',#5047,#5048);
#5047 = CARTESIAN_POINT('',(0.15,-4.15,1.5));
#5048 = VECTOR('',#5049,1.);
#5049 = DIRECTION('',(0.,5.551115123126E-16,-1.));
#5050 = ORIENTED_EDGE('',*,*,#4177,.F.);
#5051 = ORIENTED_EDGE('',*,*,#5052,.F.);
#5052 = EDGE_CURVE('',#5053,#4170,#5055,.T.);
#5053 = VERTEX_POINT('',#5054);
#5054 = CARTESIAN_POINT('',(0.14,-4.15,1.5));
#5055 = LINE('',#5056,#5057);
#5056 = CARTESIAN_POINT('',(-0.15,-4.15,1.5));
#5057 = VECTOR('',#5058,1.);
#5058 = DIRECTION('',(1.,0.,0.));
#5059 = ORIENTED_EDGE('',*,*,#5060,.F.);
#5060 = EDGE_CURVE('',#5061,#5053,#5063,.T.);
#5061 = VERTEX_POINT('',#5062);
#5062 = CARTESIAN_POINT('',(-0.15,-4.15,1.21));
#5063 = CIRCLE('',#5064,0.29);
#5064 = AXIS2_PLACEMENT_3D('',#5065,#5066,#5067);
#5065 = CARTESIAN_POINT('',(0.14,-4.15,1.21));
#5066 = DIRECTION('',(-0.,1.,3.330669073875E-16));
#5067 = DIRECTION('',(0.,-3.330669073875E-16,1.));
#5068 = ORIENTED_EDGE('',*,*,#5069,.F.);
#5069 = EDGE_CURVE('',#5070,#5061,#5072,.T.);
#5070 = VERTEX_POINT('',#5071);
#5071 = CARTESIAN_POINT('',(-0.15,-4.15,-0.457437037472));
#5072 = LINE('',#5073,#5074);
#5073 = CARTESIAN_POINT('',(-0.15,-4.15,-0.5));
#5074 = VECTOR('',#5075,1.);
#5075 = DIRECTION('',(0.,-5.551115123126E-16,1.));
#5076 = ORIENTED_EDGE('',*,*,#5077,.F.);
#5077 = EDGE_CURVE('',#4943,#5070,#5078,.T.);
#5078 = CIRCLE('',#5079,0.29);
#5079 = AXIS2_PLACEMENT_3D('',#5080,#5081,#5082);
#5080 = CARTESIAN_POINT('',(-0.44,-4.15,-0.457437037472));
#5081 = DIRECTION('',(0.,-1.,-3.330669073875E-16));
#5082 = DIRECTION('',(0.,-3.330669073875E-16,1.));
#5083 = PLANE('',#5084);
#5084 = AXIS2_PLACEMENT_3D('',#5085,#5086,#5087);
#5085 = CARTESIAN_POINT('',(-0.15,-4.15,-0.5));
#5086 = DIRECTION('',(0.,-1.,-3.330669073875E-16));
#5087 = DIRECTION('',(0.,3.330669073875E-16,-1.));
#5088 = ADVANCED_FACE('',(#5089),#5100,.F.);
#5089 = FACE_BOUND('',#5090,.F.);
#5090 = EDGE_LOOP('',(#5091,#5092,#5098,#5099));
#5091 = ORIENTED_EDGE('',*,*,#4902,.F.);
#5092 = ORIENTED_EDGE('',*,*,#5093,.T.);
#5093 = EDGE_CURVE('',#4903,#5053,#5094,.T.);
#5094 = LINE('',#5095,#5096);
#5095 = CARTESIAN_POINT('',(0.14,-4.85,1.5));
#5096 = VECTOR('',#5097,1.);
#5097 = DIRECTION('',(0.,1.,3.330669073875E-16));
#5098 = ORIENTED_EDGE('',*,*,#5052,.T.);
#5099 = ORIENTED_EDGE('',*,*,#4169,.F.);
#5100 = PLANE('',#5101);
#5101 = AXIS2_PLACEMENT_3D('',#5102,#5103,#5104);
#5102 = CARTESIAN_POINT('',(-0.15,-4.85,1.5));
#5103 = DIRECTION('',(0.,3.330669073875E-16,-1.));
#5104 = DIRECTION('',(1.,0.,0.));
#5105 = ADVANCED_FACE('',(#5106),#5250,.F.);
#5106 = FACE_BOUND('',#5107,.F.);
#5107 = EDGE_LOOP('',(#5108,#5118,#5127,#5135,#5144,#5152,#5160,#5168,
    #5177,#5185,#5194,#5202,#5211,#5217,#5218,#5226,#5235,#5243));
#5108 = ORIENTED_EDGE('',*,*,#5109,.T.);
#5109 = EDGE_CURVE('',#5110,#5112,#5114,.T.);
#5110 = VERTEX_POINT('',#5111);
#5111 = CARTESIAN_POINT('',(6.462230377286,-4.85,-0.540767924286));
#5112 = VERTEX_POINT('',#5113);
#5113 = CARTESIAN_POINT('',(6.725000733956,-4.85,-1.416669113186));
#5114 = LINE('',#5115,#5116);
#5115 = CARTESIAN_POINT('',(6.45,-4.85,-0.5));
#5116 = VECTOR('',#5117,1.);
#5117 = DIRECTION('',(0.287347885566,5.31700397722E-16,-0.957826285221)
  );
#5118 = ORIENTED_EDGE('',*,*,#5119,.T.);
#5119 = EDGE_CURVE('',#5112,#5120,#5122,.T.);
#5120 = VERTEX_POINT('',#5121);
#5121 = CARTESIAN_POINT('',(6.725000733956,-4.85,-1.583330886814));
#5122 = CIRCLE('',#5123,0.29);
#5123 = AXIS2_PLACEMENT_3D('',#5124,#5125,#5126);
#5124 = CARTESIAN_POINT('',(6.447231111242,-4.85,-1.5));
#5125 = DIRECTION('',(-0.,1.,3.330669073875E-16));
#5126 = DIRECTION('',(0.,-3.330669073875E-16,1.));
#5127 = ORIENTED_EDGE('',*,*,#5128,.T.);
#5128 = EDGE_CURVE('',#5120,#5129,#5131,.T.);
#5129 = VERTEX_POINT('',#5130);
#5130 = CARTESIAN_POINT('',(6.462230377286,-4.85,-2.459232075714));
#5131 = LINE('',#5132,#5133);
#5132 = CARTESIAN_POINT('',(6.75,-4.85,-1.5));
#5133 = VECTOR('',#5134,1.);
#5134 = DIRECTION('',(-0.287347885566,5.31700397722E-16,-0.957826285221)
  );
#5135 = ORIENTED_EDGE('',*,*,#5136,.F.);
#5136 = EDGE_CURVE('',#5137,#5129,#5139,.T.);
#5137 = VERTEX_POINT('',#5138);
#5138 = CARTESIAN_POINT('',(6.45,-4.85,-2.542562962528));
#5139 = CIRCLE('',#5140,0.29);
#5140 = AXIS2_PLACEMENT_3D('',#5141,#5142,#5143);
#5141 = CARTESIAN_POINT('',(6.74,-4.85,-2.542562962528));
#5142 = DIRECTION('',(-0.,1.,3.330669073875E-16));
#5143 = DIRECTION('',(0.,-3.330669073875E-16,1.));
#5144 = ORIENTED_EDGE('',*,*,#5145,.F.);
#5145 = EDGE_CURVE('',#5146,#5137,#5148,.T.);
#5146 = VERTEX_POINT('',#5147);
#5147 = CARTESIAN_POINT('',(6.45,-4.85,-3.5));
#5148 = LINE('',#5149,#5150);
#5149 = CARTESIAN_POINT('',(6.45,-4.85,-3.5));
#5150 = VECTOR('',#5151,1.);
#5151 = DIRECTION('',(0.,-5.551115123126E-16,1.));
#5152 = ORIENTED_EDGE('',*,*,#5153,.F.);
#5153 = EDGE_CURVE('',#5154,#5146,#5156,.T.);
#5154 = VERTEX_POINT('',#5155);
#5155 = CARTESIAN_POINT('',(6.15,-4.85,-3.5));
#5156 = LINE('',#5157,#5158);
#5157 = CARTESIAN_POINT('',(6.15,-4.85,-3.5));
#5158 = VECTOR('',#5159,1.);
#5159 = DIRECTION('',(1.,0.,0.));
#5160 = ORIENTED_EDGE('',*,*,#5161,.F.);
#5161 = EDGE_CURVE('',#5162,#5154,#5164,.T.);
#5162 = VERTEX_POINT('',#5163);
#5163 = CARTESIAN_POINT('',(6.15,-4.85,-2.542562962528));
#5164 = LINE('',#5165,#5166);
#5165 = CARTESIAN_POINT('',(6.15,-4.85,-2.5));
#5166 = VECTOR('',#5167,1.);
#5167 = DIRECTION('',(0.,5.551115123126E-16,-1.));
#5168 = ORIENTED_EDGE('',*,*,#5169,.F.);
#5169 = EDGE_CURVE('',#5170,#5162,#5172,.T.);
#5170 = VERTEX_POINT('',#5171);
#5171 = CARTESIAN_POINT('',(6.162230377286,-4.85,-2.459232075714));
#5172 = CIRCLE('',#5173,0.29);
#5173 = AXIS2_PLACEMENT_3D('',#5174,#5175,#5176);
#5174 = CARTESIAN_POINT('',(6.44,-4.85,-2.542562962528));
#5175 = DIRECTION('',(0.,-1.,-3.330669073875E-16));
#5176 = DIRECTION('',(0.,-3.330669073875E-16,1.));
#5177 = ORIENTED_EDGE('',*,*,#5178,.T.);
#5178 = EDGE_CURVE('',#5170,#5179,#5181,.T.);
#5179 = VERTEX_POINT('',#5180);
#5180 = CARTESIAN_POINT('',(6.425000733956,-4.85,-1.583330886814));
#5181 = LINE('',#5182,#5183);
#5182 = CARTESIAN_POINT('',(6.15,-4.85,-2.5));
#5183 = VECTOR('',#5184,1.);
#5184 = DIRECTION('',(0.287347885566,-5.31700397722E-16,0.957826285221)
  );
#5185 = ORIENTED_EDGE('',*,*,#5186,.F.);
#5186 = EDGE_CURVE('',#5187,#5179,#5189,.T.);
#5187 = VERTEX_POINT('',#5188);
#5188 = CARTESIAN_POINT('',(6.425000733956,-4.85,-1.416669113186));
#5189 = CIRCLE('',#5190,0.29);
#5190 = AXIS2_PLACEMENT_3D('',#5191,#5192,#5193);
#5191 = CARTESIAN_POINT('',(6.147231111242,-4.85,-1.5));
#5192 = DIRECTION('',(-0.,1.,3.330669073875E-16));
#5193 = DIRECTION('',(0.,-3.330669073875E-16,1.));
#5194 = ORIENTED_EDGE('',*,*,#5195,.T.);
#5195 = EDGE_CURVE('',#5187,#5196,#5198,.T.);
#5196 = VERTEX_POINT('',#5197);
#5197 = CARTESIAN_POINT('',(6.162230377286,-4.85,-0.540767924286));
#5198 = LINE('',#5199,#5200);
#5199 = CARTESIAN_POINT('',(6.45,-4.85,-1.5));
#5200 = VECTOR('',#5201,1.);
#5201 = DIRECTION('',(-0.287347885566,-5.31700397722E-16,0.957826285221)
  );
#5202 = ORIENTED_EDGE('',*,*,#5203,.F.);
#5203 = EDGE_CURVE('',#5204,#5196,#5206,.T.);
#5204 = VERTEX_POINT('',#5205);
#5205 = CARTESIAN_POINT('',(6.15,-4.85,-0.457437037472));
#5206 = CIRCLE('',#5207,0.29);
#5207 = AXIS2_PLACEMENT_3D('',#5208,#5209,#5210);
#5208 = CARTESIAN_POINT('',(6.44,-4.85,-0.457437037472));
#5209 = DIRECTION('',(0.,-1.,-3.330669073875E-16));
#5210 = DIRECTION('',(0.,-3.330669073875E-16,1.));
#5211 = ORIENTED_EDGE('',*,*,#5212,.F.);
#5212 = EDGE_CURVE('',#4224,#5204,#5213,.T.);
#5213 = LINE('',#5214,#5215);
#5214 = CARTESIAN_POINT('',(6.15,-4.85,1.5));
#5215 = VECTOR('',#5216,1.);
#5216 = DIRECTION('',(0.,5.551115123126E-16,-1.));
#5217 = ORIENTED_EDGE('',*,*,#4297,.F.);
#5218 = ORIENTED_EDGE('',*,*,#5219,.F.);
#5219 = EDGE_CURVE('',#5220,#4290,#5222,.T.);
#5220 = VERTEX_POINT('',#5221);
#5221 = CARTESIAN_POINT('',(6.16,-4.85,1.5));
#5222 = LINE('',#5223,#5224);
#5223 = CARTESIAN_POINT('',(6.45,-4.85,1.5));
#5224 = VECTOR('',#5225,1.);
#5225 = DIRECTION('',(-1.,-0.,0.));
#5226 = ORIENTED_EDGE('',*,*,#5227,.F.);
#5227 = EDGE_CURVE('',#5228,#5220,#5230,.T.);
#5228 = VERTEX_POINT('',#5229);
#5229 = CARTESIAN_POINT('',(6.45,-4.85,1.21));
#5230 = CIRCLE('',#5231,0.29);
#5231 = AXIS2_PLACEMENT_3D('',#5232,#5233,#5234);
#5232 = CARTESIAN_POINT('',(6.16,-4.85,1.21));
#5233 = DIRECTION('',(0.,-1.,-3.330669073875E-16));
#5234 = DIRECTION('',(0.,-3.330669073875E-16,1.));
#5235 = ORIENTED_EDGE('',*,*,#5236,.F.);
#5236 = EDGE_CURVE('',#5237,#5228,#5239,.T.);
#5237 = VERTEX_POINT('',#5238);
#5238 = CARTESIAN_POINT('',(6.45,-4.85,-0.457437037472));
#5239 = LINE('',#5240,#5241);
#5240 = CARTESIAN_POINT('',(6.45,-4.85,-0.5));
#5241 = VECTOR('',#5242,1.);
#5242 = DIRECTION('',(0.,-5.551115123126E-16,1.));
#5243 = ORIENTED_EDGE('',*,*,#5244,.F.);
#5244 = EDGE_CURVE('',#5110,#5237,#5245,.T.);
#5245 = CIRCLE('',#5246,0.29);
#5246 = AXIS2_PLACEMENT_3D('',#5247,#5248,#5249);
#5247 = CARTESIAN_POINT('',(6.74,-4.85,-0.457437037472));
#5248 = DIRECTION('',(-0.,1.,3.330669073875E-16));
#5249 = DIRECTION('',(0.,-3.330669073875E-16,1.));
#5250 = PLANE('',#5251);
#5251 = AXIS2_PLACEMENT_3D('',#5252,#5253,#5254);
#5252 = CARTESIAN_POINT('',(6.45,-4.85,-0.5));
#5253 = DIRECTION('',(0.,1.,3.330669073875E-16));
#5254 = DIRECTION('',(0.,-3.330669073875E-16,1.));
#5255 = ADVANCED_FACE('',(#5256),#5274,.T.);
#5256 = FACE_BOUND('',#5257,.T.);
#5257 = EDGE_LOOP('',(#5258,#5259,#5267,#5273));
#5258 = ORIENTED_EDGE('',*,*,#5219,.F.);
#5259 = ORIENTED_EDGE('',*,*,#5260,.T.);
#5260 = EDGE_CURVE('',#5220,#5261,#5263,.T.);
#5261 = VERTEX_POINT('',#5262);
#5262 = CARTESIAN_POINT('',(6.16,-4.15,1.5));
#5263 = LINE('',#5264,#5265);
#5264 = CARTESIAN_POINT('',(6.16,-4.85,1.5));
#5265 = VECTOR('',#5266,1.);
#5266 = DIRECTION('',(0.,1.,3.330669073875E-16));
#5267 = ORIENTED_EDGE('',*,*,#5268,.T.);
#5268 = EDGE_CURVE('',#5261,#4282,#5269,.T.);
#5269 = LINE('',#5270,#5271);
#5270 = CARTESIAN_POINT('',(6.45,-4.15,1.5));
#5271 = VECTOR('',#5272,1.);
#5272 = DIRECTION('',(-1.,-0.,0.));
#5273 = ORIENTED_EDGE('',*,*,#4289,.F.);
#5274 = PLANE('',#5275);
#5275 = AXIS2_PLACEMENT_3D('',#5276,#5277,#5278);
#5276 = CARTESIAN_POINT('',(6.45,-4.85,1.5));
#5277 = DIRECTION('',(0.,-3.330669073875E-16,1.));
#5278 = DIRECTION('',(-1.,0.,0.));
#5279 = ADVANCED_FACE('',(#5280),#5417,.T.);
#5280 = FACE_BOUND('',#5281,.T.);
#5281 = EDGE_LOOP('',(#5282,#5292,#5301,#5309,#5318,#5326,#5334,#5342,
    #5351,#5359,#5368,#5376,#5385,#5391,#5392,#5393,#5402,#5410));
#5282 = ORIENTED_EDGE('',*,*,#5283,.T.);
#5283 = EDGE_CURVE('',#5284,#5286,#5288,.T.);
#5284 = VERTEX_POINT('',#5285);
#5285 = CARTESIAN_POINT('',(6.462230377286,-4.15,-0.540767924286));
#5286 = VERTEX_POINT('',#5287);
#5287 = CARTESIAN_POINT('',(6.725000733956,-4.15,-1.416669113186));
#5288 = LINE('',#5289,#5290);
#5289 = CARTESIAN_POINT('',(6.45,-4.15,-0.5));
#5290 = VECTOR('',#5291,1.);
#5291 = DIRECTION('',(0.287347885566,5.31700397722E-16,-0.957826285221)
  );
#5292 = ORIENTED_EDGE('',*,*,#5293,.T.);
#5293 = EDGE_CURVE('',#5286,#5294,#5296,.T.);
#5294 = VERTEX_POINT('',#5295);
#5295 = CARTESIAN_POINT('',(6.725000733956,-4.15,-1.583330886814));
#5296 = CIRCLE('',#5297,0.29);
#5297 = AXIS2_PLACEMENT_3D('',#5298,#5299,#5300);
#5298 = CARTESIAN_POINT('',(6.447231111242,-4.15,-1.5));
#5299 = DIRECTION('',(-0.,1.,3.330669073875E-16));
#5300 = DIRECTION('',(0.,-3.330669073875E-16,1.));
#5301 = ORIENTED_EDGE('',*,*,#5302,.T.);
#5302 = EDGE_CURVE('',#5294,#5303,#5305,.T.);
#5303 = VERTEX_POINT('',#5304);
#5304 = CARTESIAN_POINT('',(6.462230377286,-4.15,-2.459232075714));
#5305 = LINE('',#5306,#5307);
#5306 = CARTESIAN_POINT('',(6.75,-4.15,-1.5));
#5307 = VECTOR('',#5308,1.);
#5308 = DIRECTION('',(-0.287347885566,5.31700397722E-16,-0.957826285221)
  );
#5309 = ORIENTED_EDGE('',*,*,#5310,.F.);
#5310 = EDGE_CURVE('',#5311,#5303,#5313,.T.);
#5311 = VERTEX_POINT('',#5312);
#5312 = CARTESIAN_POINT('',(6.45,-4.15,-2.542562962528));
#5313 = CIRCLE('',#5314,0.29);
#5314 = AXIS2_PLACEMENT_3D('',#5315,#5316,#5317);
#5315 = CARTESIAN_POINT('',(6.74,-4.15,-2.542562962528));
#5316 = DIRECTION('',(-0.,1.,3.330669073875E-16));
#5317 = DIRECTION('',(0.,-3.330669073875E-16,1.));
#5318 = ORIENTED_EDGE('',*,*,#5319,.F.);
#5319 = EDGE_CURVE('',#5320,#5311,#5322,.T.);
#5320 = VERTEX_POINT('',#5321);
#5321 = CARTESIAN_POINT('',(6.45,-4.15,-3.5));
#5322 = LINE('',#5323,#5324);
#5323 = CARTESIAN_POINT('',(6.45,-4.15,-3.5));
#5324 = VECTOR('',#5325,1.);
#5325 = DIRECTION('',(0.,-5.551115123126E-16,1.));
#5326 = ORIENTED_EDGE('',*,*,#5327,.F.);
#5327 = EDGE_CURVE('',#5328,#5320,#5330,.T.);
#5328 = VERTEX_POINT('',#5329);
#5329 = CARTESIAN_POINT('',(6.15,-4.15,-3.5));
#5330 = LINE('',#5331,#5332);
#5331 = CARTESIAN_POINT('',(6.15,-4.15,-3.5));
#5332 = VECTOR('',#5333,1.);
#5333 = DIRECTION('',(1.,0.,0.));
#5334 = ORIENTED_EDGE('',*,*,#5335,.F.);
#5335 = EDGE_CURVE('',#5336,#5328,#5338,.T.);
#5336 = VERTEX_POINT('',#5337);
#5337 = CARTESIAN_POINT('',(6.15,-4.15,-2.542562962528));
#5338 = LINE('',#5339,#5340);
#5339 = CARTESIAN_POINT('',(6.15,-4.15,-2.5));
#5340 = VECTOR('',#5341,1.);
#5341 = DIRECTION('',(0.,5.551115123126E-16,-1.));
#5342 = ORIENTED_EDGE('',*,*,#5343,.F.);
#5343 = EDGE_CURVE('',#5344,#5336,#5346,.T.);
#5344 = VERTEX_POINT('',#5345);
#5345 = CARTESIAN_POINT('',(6.162230377286,-4.15,-2.459232075714));
#5346 = CIRCLE('',#5347,0.29);
#5347 = AXIS2_PLACEMENT_3D('',#5348,#5349,#5350);
#5348 = CARTESIAN_POINT('',(6.44,-4.15,-2.542562962528));
#5349 = DIRECTION('',(0.,-1.,-3.330669073875E-16));
#5350 = DIRECTION('',(0.,-3.330669073875E-16,1.));
#5351 = ORIENTED_EDGE('',*,*,#5352,.T.);
#5352 = EDGE_CURVE('',#5344,#5353,#5355,.T.);
#5353 = VERTEX_POINT('',#5354);
#5354 = CARTESIAN_POINT('',(6.425000733956,-4.15,-1.583330886814));
#5355 = LINE('',#5356,#5357);
#5356 = CARTESIAN_POINT('',(6.15,-4.15,-2.5));
#5357 = VECTOR('',#5358,1.);
#5358 = DIRECTION('',(0.287347885566,-5.31700397722E-16,0.957826285221)
  );
#5359 = ORIENTED_EDGE('',*,*,#5360,.F.);
#5360 = EDGE_CURVE('',#5361,#5353,#5363,.T.);
#5361 = VERTEX_POINT('',#5362);
#5362 = CARTESIAN_POINT('',(6.425000733956,-4.15,-1.416669113186));
#5363 = CIRCLE('',#5364,0.29);
#5364 = AXIS2_PLACEMENT_3D('',#5365,#5366,#5367);
#5365 = CARTESIAN_POINT('',(6.147231111242,-4.15,-1.5));
#5366 = DIRECTION('',(-0.,1.,3.330669073875E-16));
#5367 = DIRECTION('',(0.,-3.330669073875E-16,1.));
#5368 = ORIENTED_EDGE('',*,*,#5369,.T.);
#5369 = EDGE_CURVE('',#5361,#5370,#5372,.T.);
#5370 = VERTEX_POINT('',#5371);
#5371 = CARTESIAN_POINT('',(6.162230377286,-4.15,-0.540767924286));
#5372 = LINE('',#5373,#5374);
#5373 = CARTESIAN_POINT('',(6.45,-4.15,-1.5));
#5374 = VECTOR('',#5375,1.);
#5375 = DIRECTION('',(-0.287347885566,-5.31700397722E-16,0.957826285221)
  );
#5376 = ORIENTED_EDGE('',*,*,#5377,.F.);
#5377 = EDGE_CURVE('',#5378,#5370,#5380,.T.);
#5378 = VERTEX_POINT('',#5379);
#5379 = CARTESIAN_POINT('',(6.15,-4.15,-0.457437037472));
#5380 = CIRCLE('',#5381,0.29);
#5381 = AXIS2_PLACEMENT_3D('',#5382,#5383,#5384);
#5382 = CARTESIAN_POINT('',(6.44,-4.15,-0.457437037472));
#5383 = DIRECTION('',(0.,-1.,-3.330669073875E-16));
#5384 = DIRECTION('',(0.,-3.330669073875E-16,1.));
#5385 = ORIENTED_EDGE('',*,*,#5386,.F.);
#5386 = EDGE_CURVE('',#4274,#5378,#5387,.T.);
#5387 = LINE('',#5388,#5389);
#5388 = CARTESIAN_POINT('',(6.15,-4.15,1.5));
#5389 = VECTOR('',#5390,1.);
#5390 = DIRECTION('',(0.,5.551115123126E-16,-1.));
#5391 = ORIENTED_EDGE('',*,*,#4281,.F.);
#5392 = ORIENTED_EDGE('',*,*,#5268,.F.);
#5393 = ORIENTED_EDGE('',*,*,#5394,.F.);
#5394 = EDGE_CURVE('',#5395,#5261,#5397,.T.);
#5395 = VERTEX_POINT('',#5396);
#5396 = CARTESIAN_POINT('',(6.45,-4.15,1.21));
#5397 = CIRCLE('',#5398,0.29);
#5398 = AXIS2_PLACEMENT_3D('',#5399,#5400,#5401);
#5399 = CARTESIAN_POINT('',(6.16,-4.15,1.21));
#5400 = DIRECTION('',(0.,-1.,-3.330669073875E-16));
#5401 = DIRECTION('',(0.,-3.330669073875E-16,1.));
#5402 = ORIENTED_EDGE('',*,*,#5403,.F.);
#5403 = EDGE_CURVE('',#5404,#5395,#5406,.T.);
#5404 = VERTEX_POINT('',#5405);
#5405 = CARTESIAN_POINT('',(6.45,-4.15,-0.457437037472));
#5406 = LINE('',#5407,#5408);
#5407 = CARTESIAN_POINT('',(6.45,-4.15,-0.5));
#5408 = VECTOR('',#5409,1.);
#5409 = DIRECTION('',(0.,-5.551115123126E-16,1.));
#5410 = ORIENTED_EDGE('',*,*,#5411,.F.);
#5411 = EDGE_CURVE('',#5284,#5404,#5412,.T.);
#5412 = CIRCLE('',#5413,0.29);
#5413 = AXIS2_PLACEMENT_3D('',#5414,#5415,#5416);
#5414 = CARTESIAN_POINT('',(6.74,-4.15,-0.457437037472));
#5415 = DIRECTION('',(-0.,1.,3.330669073875E-16));
#5416 = DIRECTION('',(0.,-3.330669073875E-16,1.));
#5417 = PLANE('',#5418);
#5418 = AXIS2_PLACEMENT_3D('',#5419,#5420,#5421);
#5419 = CARTESIAN_POINT('',(6.45,-4.15,-0.5));
#5420 = DIRECTION('',(0.,1.,3.330669073875E-16));
#5421 = DIRECTION('',(0.,-3.330669073875E-16,1.));
#5422 = ADVANCED_FACE('',(#5423),#5567,.T.);
#5423 = FACE_BOUND('',#5424,.T.);
#5424 = EDGE_LOOP('',(#5425,#5435,#5444,#5452,#5461,#5469,#5477,#5485,
    #5494,#5502,#5511,#5519,#5528,#5534,#5535,#5543,#5552,#5560));
#5425 = ORIENTED_EDGE('',*,*,#5426,.T.);
#5426 = EDGE_CURVE('',#5427,#5429,#5431,.T.);
#5427 = VERTEX_POINT('',#5428);
#5428 = CARTESIAN_POINT('',(6.462230377286,0.35,-0.540767924286));
#5429 = VERTEX_POINT('',#5430);
#5430 = CARTESIAN_POINT('',(6.725000733956,0.35,-1.416669113186));
#5431 = LINE('',#5432,#5433);
#5432 = CARTESIAN_POINT('',(6.45,0.35,-0.5));
#5433 = VECTOR('',#5434,1.);
#5434 = DIRECTION('',(0.287347885566,5.31700397722E-16,-0.957826285221)
  );
#5435 = ORIENTED_EDGE('',*,*,#5436,.T.);
#5436 = EDGE_CURVE('',#5429,#5437,#5439,.T.);
#5437 = VERTEX_POINT('',#5438);
#5438 = CARTESIAN_POINT('',(6.725000733956,0.35,-1.583330886814));
#5439 = CIRCLE('',#5440,0.29);
#5440 = AXIS2_PLACEMENT_3D('',#5441,#5442,#5443);
#5441 = CARTESIAN_POINT('',(6.447231111242,0.35,-1.5));
#5442 = DIRECTION('',(-0.,1.,3.330669073875E-16));
#5443 = DIRECTION('',(0.,-3.330669073875E-16,1.));
#5444 = ORIENTED_EDGE('',*,*,#5445,.T.);
#5445 = EDGE_CURVE('',#5437,#5446,#5448,.T.);
#5446 = VERTEX_POINT('',#5447);
#5447 = CARTESIAN_POINT('',(6.462230377286,0.35,-2.459232075714));
#5448 = LINE('',#5449,#5450);
#5449 = CARTESIAN_POINT('',(6.75,0.35,-1.5));
#5450 = VECTOR('',#5451,1.);
#5451 = DIRECTION('',(-0.287347885566,5.31700397722E-16,-0.957826285221)
  );
#5452 = ORIENTED_EDGE('',*,*,#5453,.F.);
#5453 = EDGE_CURVE('',#5454,#5446,#5456,.T.);
#5454 = VERTEX_POINT('',#5455);
#5455 = CARTESIAN_POINT('',(6.45,0.35,-2.542562962528));
#5456 = CIRCLE('',#5457,0.29);
#5457 = AXIS2_PLACEMENT_3D('',#5458,#5459,#5460);
#5458 = CARTESIAN_POINT('',(6.74,0.35,-2.542562962528));
#5459 = DIRECTION('',(-0.,1.,3.330669073875E-16));
#5460 = DIRECTION('',(0.,-3.330669073875E-16,1.));
#5461 = ORIENTED_EDGE('',*,*,#5462,.F.);
#5462 = EDGE_CURVE('',#5463,#5454,#5465,.T.);
#5463 = VERTEX_POINT('',#5464);
#5464 = CARTESIAN_POINT('',(6.45,0.35,-3.5));
#5465 = LINE('',#5466,#5467);
#5466 = CARTESIAN_POINT('',(6.45,0.35,-3.5));
#5467 = VECTOR('',#5468,1.);
#5468 = DIRECTION('',(0.,-5.551115123126E-16,1.));
#5469 = ORIENTED_EDGE('',*,*,#5470,.F.);
#5470 = EDGE_CURVE('',#5471,#5463,#5473,.T.);
#5471 = VERTEX_POINT('',#5472);
#5472 = CARTESIAN_POINT('',(6.15,0.35,-3.5));
#5473 = LINE('',#5474,#5475);
#5474 = CARTESIAN_POINT('',(6.15,0.35,-3.5));
#5475 = VECTOR('',#5476,1.);
#5476 = DIRECTION('',(1.,0.,0.));
#5477 = ORIENTED_EDGE('',*,*,#5478,.F.);
#5478 = EDGE_CURVE('',#5479,#5471,#5481,.T.);
#5479 = VERTEX_POINT('',#5480);
#5480 = CARTESIAN_POINT('',(6.15,0.35,-2.542562962528));
#5481 = LINE('',#5482,#5483);
#5482 = CARTESIAN_POINT('',(6.15,0.35,-2.5));
#5483 = VECTOR('',#5484,1.);
#5484 = DIRECTION('',(0.,5.551115123126E-16,-1.));
#5485 = ORIENTED_EDGE('',*,*,#5486,.F.);
#5486 = EDGE_CURVE('',#5487,#5479,#5489,.T.);
#5487 = VERTEX_POINT('',#5488);
#5488 = CARTESIAN_POINT('',(6.162230377286,0.35,-2.459232075714));
#5489 = CIRCLE('',#5490,0.29);
#5490 = AXIS2_PLACEMENT_3D('',#5491,#5492,#5493);
#5491 = CARTESIAN_POINT('',(6.44,0.35,-2.542562962528));
#5492 = DIRECTION('',(0.,-1.,-3.330669073875E-16));
#5493 = DIRECTION('',(0.,-3.330669073875E-16,1.));
#5494 = ORIENTED_EDGE('',*,*,#5495,.T.);
#5495 = EDGE_CURVE('',#5487,#5496,#5498,.T.);
#5496 = VERTEX_POINT('',#5497);
#5497 = CARTESIAN_POINT('',(6.425000733956,0.35,-1.583330886814));
#5498 = LINE('',#5499,#5500);
#5499 = CARTESIAN_POINT('',(6.15,0.35,-2.5));
#5500 = VECTOR('',#5501,1.);
#5501 = DIRECTION('',(0.287347885566,-5.31700397722E-16,0.957826285221)
  );
#5502 = ORIENTED_EDGE('',*,*,#5503,.F.);
#5503 = EDGE_CURVE('',#5504,#5496,#5506,.T.);
#5504 = VERTEX_POINT('',#5505);
#5505 = CARTESIAN_POINT('',(6.425000733956,0.35,-1.416669113186));
#5506 = CIRCLE('',#5507,0.29);
#5507 = AXIS2_PLACEMENT_3D('',#5508,#5509,#5510);
#5508 = CARTESIAN_POINT('',(6.147231111242,0.35,-1.5));
#5509 = DIRECTION('',(-0.,1.,3.330669073875E-16));
#5510 = DIRECTION('',(0.,-3.330669073875E-16,1.));
#5511 = ORIENTED_EDGE('',*,*,#5512,.T.);
#5512 = EDGE_CURVE('',#5504,#5513,#5515,.T.);
#5513 = VERTEX_POINT('',#5514);
#5514 = CARTESIAN_POINT('',(6.162230377286,0.35,-0.540767924286));
#5515 = LINE('',#5516,#5517);
#5516 = CARTESIAN_POINT('',(6.45,0.35,-1.5));
#5517 = VECTOR('',#5518,1.);
#5518 = DIRECTION('',(-0.287347885566,-5.31700397722E-16,0.957826285221)
  );
#5519 = ORIENTED_EDGE('',*,*,#5520,.F.);
#5520 = EDGE_CURVE('',#5521,#5513,#5523,.T.);
#5521 = VERTEX_POINT('',#5522);
#5522 = CARTESIAN_POINT('',(6.15,0.35,-0.457437037472));
#5523 = CIRCLE('',#5524,0.29);
#5524 = AXIS2_PLACEMENT_3D('',#5525,#5526,#5527);
#5525 = CARTESIAN_POINT('',(6.44,0.35,-0.457437037472));
#5526 = DIRECTION('',(0.,-1.,-3.330669073875E-16));
#5527 = DIRECTION('',(0.,-3.330669073875E-16,1.));
#5528 = ORIENTED_EDGE('',*,*,#5529,.F.);
#5529 = EDGE_CURVE('',#4242,#5521,#5530,.T.);
#5530 = LINE('',#5531,#5532);
#5531 = CARTESIAN_POINT('',(6.15,0.35,1.5));
#5532 = VECTOR('',#5533,1.);
#5533 = DIRECTION('',(0.,5.551115123126E-16,-1.));
#5534 = ORIENTED_EDGE('',*,*,#4249,.F.);
#5535 = ORIENTED_EDGE('',*,*,#5536,.F.);
#5536 = EDGE_CURVE('',#5537,#4250,#5539,.T.);
#5537 = VERTEX_POINT('',#5538);
#5538 = CARTESIAN_POINT('',(6.16,0.35,1.5));
#5539 = LINE('',#5540,#5541);
#5540 = CARTESIAN_POINT('',(6.45,0.35,1.5));
#5541 = VECTOR('',#5542,1.);
#5542 = DIRECTION('',(-1.,-0.,0.));
#5543 = ORIENTED_EDGE('',*,*,#5544,.F.);
#5544 = EDGE_CURVE('',#5545,#5537,#5547,.T.);
#5545 = VERTEX_POINT('',#5546);
#5546 = CARTESIAN_POINT('',(6.45,0.35,1.21));
#5547 = CIRCLE('',#5548,0.29);
#5548 = AXIS2_PLACEMENT_3D('',#5549,#5550,#5551);
#5549 = CARTESIAN_POINT('',(6.16,0.35,1.21));
#5550 = DIRECTION('',(0.,-1.,-3.330669073875E-16));
#5551 = DIRECTION('',(0.,-3.330669073875E-16,1.));
#5552 = ORIENTED_EDGE('',*,*,#5553,.F.);
#5553 = EDGE_CURVE('',#5554,#5545,#5556,.T.);
#5554 = VERTEX_POINT('',#5555);
#5555 = CARTESIAN_POINT('',(6.45,0.35,-0.457437037472));
#5556 = LINE('',#5557,#5558);
#5557 = CARTESIAN_POINT('',(6.45,0.35,-0.5));
#5558 = VECTOR('',#5559,1.);
#5559 = DIRECTION('',(0.,-5.551115123126E-16,1.));
#5560 = ORIENTED_EDGE('',*,*,#5561,.F.);
#5561 = EDGE_CURVE('',#5427,#5554,#5562,.T.);
#5562 = CIRCLE('',#5563,0.29);
#5563 = AXIS2_PLACEMENT_3D('',#5564,#5565,#5566);
#5564 = CARTESIAN_POINT('',(6.74,0.35,-0.457437037472));
#5565 = DIRECTION('',(-0.,1.,3.330669073875E-16));
#5566 = DIRECTION('',(0.,-3.330669073875E-16,1.));
#5567 = PLANE('',#5568);
#5568 = AXIS2_PLACEMENT_3D('',#5569,#5570,#5571);
#5569 = CARTESIAN_POINT('',(6.45,0.35,-0.5));
#5570 = DIRECTION('',(1.64346021921E-31,1.,5.551115123126E-16));
#5571 = DIRECTION('',(0.,-5.551115123126E-16,1.));
#5572 = ADVANCED_FACE('',(#5573),#5717,.F.);
#5573 = FACE_BOUND('',#5574,.F.);
#5574 = EDGE_LOOP('',(#5575,#5585,#5594,#5602,#5611,#5619,#5627,#5635,
    #5644,#5652,#5661,#5669,#5678,#5684,#5685,#5693,#5702,#5710));
#5575 = ORIENTED_EDGE('',*,*,#5576,.T.);
#5576 = EDGE_CURVE('',#5577,#5579,#5581,.T.);
#5577 = VERTEX_POINT('',#5578);
#5578 = CARTESIAN_POINT('',(6.462230377286,-0.35,-0.540767924286));
#5579 = VERTEX_POINT('',#5580);
#5580 = CARTESIAN_POINT('',(6.725000733956,-0.35,-1.416669113186));
#5581 = LINE('',#5582,#5583);
#5582 = CARTESIAN_POINT('',(6.45,-0.35,-0.5));
#5583 = VECTOR('',#5584,1.);
#5584 = DIRECTION('',(0.287347885566,5.31700397722E-16,-0.957826285221)
  );
#5585 = ORIENTED_EDGE('',*,*,#5586,.T.);
#5586 = EDGE_CURVE('',#5579,#5587,#5589,.T.);
#5587 = VERTEX_POINT('',#5588);
#5588 = CARTESIAN_POINT('',(6.725000733956,-0.35,-1.583330886814));
#5589 = CIRCLE('',#5590,0.29);
#5590 = AXIS2_PLACEMENT_3D('',#5591,#5592,#5593);
#5591 = CARTESIAN_POINT('',(6.447231111242,-0.35,-1.5));
#5592 = DIRECTION('',(-0.,1.,3.330669073875E-16));
#5593 = DIRECTION('',(0.,-3.330669073875E-16,1.));
#5594 = ORIENTED_EDGE('',*,*,#5595,.T.);
#5595 = EDGE_CURVE('',#5587,#5596,#5598,.T.);
#5596 = VERTEX_POINT('',#5597);
#5597 = CARTESIAN_POINT('',(6.462230377286,-0.35,-2.459232075714));
#5598 = LINE('',#5599,#5600);
#5599 = CARTESIAN_POINT('',(6.75,-0.35,-1.5));
#5600 = VECTOR('',#5601,1.);
#5601 = DIRECTION('',(-0.287347885566,5.31700397722E-16,-0.957826285221)
  );
#5602 = ORIENTED_EDGE('',*,*,#5603,.F.);
#5603 = EDGE_CURVE('',#5604,#5596,#5606,.T.);
#5604 = VERTEX_POINT('',#5605);
#5605 = CARTESIAN_POINT('',(6.45,-0.35,-2.542562962528));
#5606 = CIRCLE('',#5607,0.29);
#5607 = AXIS2_PLACEMENT_3D('',#5608,#5609,#5610);
#5608 = CARTESIAN_POINT('',(6.74,-0.35,-2.542562962528));
#5609 = DIRECTION('',(-0.,1.,3.330669073875E-16));
#5610 = DIRECTION('',(0.,-3.330669073875E-16,1.));
#5611 = ORIENTED_EDGE('',*,*,#5612,.F.);
#5612 = EDGE_CURVE('',#5613,#5604,#5615,.T.);
#5613 = VERTEX_POINT('',#5614);
#5614 = CARTESIAN_POINT('',(6.45,-0.35,-3.5));
#5615 = LINE('',#5616,#5617);
#5616 = CARTESIAN_POINT('',(6.45,-0.35,-3.5));
#5617 = VECTOR('',#5618,1.);
#5618 = DIRECTION('',(0.,-5.551115123126E-16,1.));
#5619 = ORIENTED_EDGE('',*,*,#5620,.F.);
#5620 = EDGE_CURVE('',#5621,#5613,#5623,.T.);
#5621 = VERTEX_POINT('',#5622);
#5622 = CARTESIAN_POINT('',(6.15,-0.35,-3.5));
#5623 = LINE('',#5624,#5625);
#5624 = CARTESIAN_POINT('',(6.15,-0.35,-3.5));
#5625 = VECTOR('',#5626,1.);
#5626 = DIRECTION('',(1.,0.,0.));
#5627 = ORIENTED_EDGE('',*,*,#5628,.F.);
#5628 = EDGE_CURVE('',#5629,#5621,#5631,.T.);
#5629 = VERTEX_POINT('',#5630);
#5630 = CARTESIAN_POINT('',(6.15,-0.35,-2.542562962528));
#5631 = LINE('',#5632,#5633);
#5632 = CARTESIAN_POINT('',(6.15,-0.35,-2.5));
#5633 = VECTOR('',#5634,1.);
#5634 = DIRECTION('',(0.,5.551115123126E-16,-1.));
#5635 = ORIENTED_EDGE('',*,*,#5636,.F.);
#5636 = EDGE_CURVE('',#5637,#5629,#5639,.T.);
#5637 = VERTEX_POINT('',#5638);
#5638 = CARTESIAN_POINT('',(6.162230377286,-0.35,-2.459232075714));
#5639 = CIRCLE('',#5640,0.29);
#5640 = AXIS2_PLACEMENT_3D('',#5641,#5642,#5643);
#5641 = CARTESIAN_POINT('',(6.44,-0.35,-2.542562962528));
#5642 = DIRECTION('',(0.,-1.,-3.330669073875E-16));
#5643 = DIRECTION('',(0.,-3.330669073875E-16,1.));
#5644 = ORIENTED_EDGE('',*,*,#5645,.T.);
#5645 = EDGE_CURVE('',#5637,#5646,#5648,.T.);
#5646 = VERTEX_POINT('',#5647);
#5647 = CARTESIAN_POINT('',(6.425000733956,-0.35,-1.583330886814));
#5648 = LINE('',#5649,#5650);
#5649 = CARTESIAN_POINT('',(6.15,-0.35,-2.5));
#5650 = VECTOR('',#5651,1.);
#5651 = DIRECTION('',(0.287347885566,-5.31700397722E-16,0.957826285221)
  );
#5652 = ORIENTED_EDGE('',*,*,#5653,.F.);
#5653 = EDGE_CURVE('',#5654,#5646,#5656,.T.);
#5654 = VERTEX_POINT('',#5655);
#5655 = CARTESIAN_POINT('',(6.425000733956,-0.35,-1.416669113186));
#5656 = CIRCLE('',#5657,0.29);
#5657 = AXIS2_PLACEMENT_3D('',#5658,#5659,#5660);
#5658 = CARTESIAN_POINT('',(6.147231111242,-0.35,-1.5));
#5659 = DIRECTION('',(-0.,1.,3.330669073875E-16));
#5660 = DIRECTION('',(0.,-3.330669073875E-16,1.));
#5661 = ORIENTED_EDGE('',*,*,#5662,.T.);
#5662 = EDGE_CURVE('',#5654,#5663,#5665,.T.);
#5663 = VERTEX_POINT('',#5664);
#5664 = CARTESIAN_POINT('',(6.162230377286,-0.35,-0.540767924286));
#5665 = LINE('',#5666,#5667);
#5666 = CARTESIAN_POINT('',(6.45,-0.35,-1.5));
#5667 = VECTOR('',#5668,1.);
#5668 = DIRECTION('',(-0.287347885566,-5.31700397722E-16,0.957826285221)
  );
#5669 = ORIENTED_EDGE('',*,*,#5670,.F.);
#5670 = EDGE_CURVE('',#5671,#5663,#5673,.T.);
#5671 = VERTEX_POINT('',#5672);
#5672 = CARTESIAN_POINT('',(6.15,-0.35,-0.457437037472));
#5673 = CIRCLE('',#5674,0.29);
#5674 = AXIS2_PLACEMENT_3D('',#5675,#5676,#5677);
#5675 = CARTESIAN_POINT('',(6.44,-0.35,-0.457437037472));
#5676 = DIRECTION('',(0.,-1.,-3.330669073875E-16));
#5677 = DIRECTION('',(0.,-3.330669073875E-16,1.));
#5678 = ORIENTED_EDGE('',*,*,#5679,.F.);
#5679 = EDGE_CURVE('',#4266,#5671,#5680,.T.);
#5680 = LINE('',#5681,#5682);
#5681 = CARTESIAN_POINT('',(6.15,-0.35,1.5));
#5682 = VECTOR('',#5683,1.);
#5683 = DIRECTION('',(0.,5.551115123126E-16,-1.));
#5684 = ORIENTED_EDGE('',*,*,#4265,.F.);
#5685 = ORIENTED_EDGE('',*,*,#5686,.F.);
#5686 = EDGE_CURVE('',#5687,#4258,#5689,.T.);
#5687 = VERTEX_POINT('',#5688);
#5688 = CARTESIAN_POINT('',(6.16,-0.35,1.5));
#5689 = LINE('',#5690,#5691);
#5690 = CARTESIAN_POINT('',(6.45,-0.35,1.5));
#5691 = VECTOR('',#5692,1.);
#5692 = DIRECTION('',(-1.,-0.,0.));
#5693 = ORIENTED_EDGE('',*,*,#5694,.F.);
#5694 = EDGE_CURVE('',#5695,#5687,#5697,.T.);
#5695 = VERTEX_POINT('',#5696);
#5696 = CARTESIAN_POINT('',(6.45,-0.35,1.21));
#5697 = CIRCLE('',#5698,0.29);
#5698 = AXIS2_PLACEMENT_3D('',#5699,#5700,#5701);
#5699 = CARTESIAN_POINT('',(6.16,-0.35,1.21));
#5700 = DIRECTION('',(0.,-1.,-3.330669073875E-16));
#5701 = DIRECTION('',(0.,-3.330669073875E-16,1.));
#5702 = ORIENTED_EDGE('',*,*,#5703,.F.);
#5703 = EDGE_CURVE('',#5704,#5695,#5706,.T.);
#5704 = VERTEX_POINT('',#5705);
#5705 = CARTESIAN_POINT('',(6.45,-0.35,-0.457437037472));
#5706 = LINE('',#5707,#5708);
#5707 = CARTESIAN_POINT('',(6.45,-0.35,-0.5));
#5708 = VECTOR('',#5709,1.);
#5709 = DIRECTION('',(0.,-5.551115123126E-16,1.));
#5710 = ORIENTED_EDGE('',*,*,#5711,.F.);
#5711 = EDGE_CURVE('',#5577,#5704,#5712,.T.);
#5712 = CIRCLE('',#5713,0.29);
#5713 = AXIS2_PLACEMENT_3D('',#5714,#5715,#5716);
#5714 = CARTESIAN_POINT('',(6.74,-0.35,-0.457437037472));
#5715 = DIRECTION('',(-0.,1.,3.330669073875E-16));
#5716 = DIRECTION('',(0.,-3.330669073875E-16,1.));
#5717 = PLANE('',#5718);
#5718 = AXIS2_PLACEMENT_3D('',#5719,#5720,#5721);
#5719 = CARTESIAN_POINT('',(6.45,-0.35,-0.5));
#5720 = DIRECTION('',(1.64346021921E-31,1.,5.551115123126E-16));
#5721 = DIRECTION('',(0.,-5.551115123126E-16,1.));
#5722 = ADVANCED_FACE('',(#5723),#5734,.T.);
#5723 = FACE_BOUND('',#5724,.T.);
#5724 = EDGE_LOOP('',(#5725,#5726,#5732,#5733));
#5725 = ORIENTED_EDGE('',*,*,#5686,.F.);
#5726 = ORIENTED_EDGE('',*,*,#5727,.T.);
#5727 = EDGE_CURVE('',#5687,#5537,#5728,.T.);
#5728 = LINE('',#5729,#5730);
#5729 = CARTESIAN_POINT('',(6.16,-0.35,1.5));
#5730 = VECTOR('',#5731,1.);
#5731 = DIRECTION('',(0.,1.,3.330669073875E-16));
#5732 = ORIENTED_EDGE('',*,*,#5536,.T.);
#5733 = ORIENTED_EDGE('',*,*,#4257,.F.);
#5734 = PLANE('',#5735);
#5735 = AXIS2_PLACEMENT_3D('',#5736,#5737,#5738);
#5736 = CARTESIAN_POINT('',(6.45,-0.35,1.5));
#5737 = DIRECTION('',(0.,-3.330669073875E-16,1.));
#5738 = DIRECTION('',(-1.,0.,0.));
#5739 = ADVANCED_FACE('',(#5740),#5743,.F.);
#5740 = FACE_BOUND('',#5741,.F.);
#5741 = EDGE_LOOP('',(#5742));
#5742 = ORIENTED_EDGE('',*,*,#4397,.F.);
#5743 = PLANE('',#5744);
#5744 = AXIS2_PLACEMENT_3D('',#5745,#5746,#5747);
#5745 = CARTESIAN_POINT('',(4.9,-2.25,4.3));
#5746 = DIRECTION('',(0.,0.,-1.));
#5747 = DIRECTION('',(-1.,0.,0.));
#5748 = ADVANCED_FACE('',(#5749),#5760,.F.);
#5749 = FACE_BOUND('',#5750,.F.);
#5750 = EDGE_LOOP('',(#5751,#5752,#5753,#5754));
#5751 = ORIENTED_EDGE('',*,*,#4895,.F.);
#5752 = ORIENTED_EDGE('',*,*,#4434,.F.);
#5753 = ORIENTED_EDGE('',*,*,#5045,.T.);
#5754 = ORIENTED_EDGE('',*,*,#5755,.F.);
#5755 = EDGE_CURVE('',#4887,#5037,#5756,.T.);
#5756 = LINE('',#5757,#5758);
#5757 = CARTESIAN_POINT('',(0.15,-4.85,-0.457437037472));
#5758 = VECTOR('',#5759,1.);
#5759 = DIRECTION('',(0.,1.,3.330669073875E-16));
#5760 = PLANE('',#5761);
#5761 = AXIS2_PLACEMENT_3D('',#5762,#5763,#5764);
#5762 = CARTESIAN_POINT('',(0.15,-4.85,1.5));
#5763 = DIRECTION('',(-1.,0.,-0.));
#5764 = DIRECTION('',(0.,5.551115123126E-16,-1.));
#5765 = ADVANCED_FACE('',(#5766),#5777,.T.);
#5766 = FACE_BOUND('',#5767,.T.);
#5767 = EDGE_LOOP('',(#5768,#5769,#5770,#5771));
#5768 = ORIENTED_EDGE('',*,*,#5212,.F.);
#5769 = ORIENTED_EDGE('',*,*,#4459,.T.);
#5770 = ORIENTED_EDGE('',*,*,#5386,.T.);
#5771 = ORIENTED_EDGE('',*,*,#5772,.F.);
#5772 = EDGE_CURVE('',#5204,#5378,#5773,.T.);
#5773 = LINE('',#5774,#5775);
#5774 = CARTESIAN_POINT('',(6.15,-4.85,-0.457437037472));
#5775 = VECTOR('',#5776,1.);
#5776 = DIRECTION('',(0.,1.,3.330669073875E-16));
#5777 = PLANE('',#5778);
#5778 = AXIS2_PLACEMENT_3D('',#5779,#5780,#5781);
#5779 = CARTESIAN_POINT('',(6.15,-4.85,1.5));
#5780 = DIRECTION('',(-1.,0.,-0.));
#5781 = DIRECTION('',(0.,5.551115123126E-16,-1.));
#5782 = ADVANCED_FACE('',(#5783),#5794,.F.);
#5783 = FACE_BOUND('',#5784,.F.);
#5784 = EDGE_LOOP('',(#5785,#5786,#5787,#5788));
#5785 = ORIENTED_EDGE('',*,*,#4752,.F.);
#5786 = ORIENTED_EDGE('',*,*,#4441,.F.);
#5787 = ORIENTED_EDGE('',*,*,#4578,.T.);
#5788 = ORIENTED_EDGE('',*,*,#5789,.F.);
#5789 = EDGE_CURVE('',#4744,#4570,#5790,.T.);
#5790 = LINE('',#5791,#5792);
#5791 = CARTESIAN_POINT('',(0.15,-0.35,-0.457437037472));
#5792 = VECTOR('',#5793,1.);
#5793 = DIRECTION('',(0.,1.,3.330669073875E-16));
#5794 = PLANE('',#5795);
#5795 = AXIS2_PLACEMENT_3D('',#5796,#5797,#5798);
#5796 = CARTESIAN_POINT('',(0.15,-0.35,1.5));
#5797 = DIRECTION('',(-1.,0.,-0.));
#5798 = DIRECTION('',(0.,5.551115123126E-16,-1.));
#5799 = ADVANCED_FACE('',(#5800),#5811,.T.);
#5800 = FACE_BOUND('',#5801,.T.);
#5801 = EDGE_LOOP('',(#5802,#5803,#5804,#5805));
#5802 = ORIENTED_EDGE('',*,*,#5679,.F.);
#5803 = ORIENTED_EDGE('',*,*,#4452,.T.);
#5804 = ORIENTED_EDGE('',*,*,#5529,.T.);
#5805 = ORIENTED_EDGE('',*,*,#5806,.F.);
#5806 = EDGE_CURVE('',#5671,#5521,#5807,.T.);
#5807 = LINE('',#5808,#5809);
#5808 = CARTESIAN_POINT('',(6.15,-0.35,-0.457437037472));
#5809 = VECTOR('',#5810,1.);
#5810 = DIRECTION('',(0.,1.,3.330669073875E-16));
#5811 = PLANE('',#5812);
#5812 = AXIS2_PLACEMENT_3D('',#5813,#5814,#5815);
#5813 = CARTESIAN_POINT('',(6.15,-0.35,1.5));
#5814 = DIRECTION('',(-1.,0.,-0.));
#5815 = DIRECTION('',(0.,5.551115123126E-16,-1.));
#5816 = ADVANCED_FACE('',(#5817),#5833,.T.);
#5817 = FACE_BOUND('',#5818,.T.);
#5818 = EDGE_LOOP('',(#5819,#5820,#5826,#5827));
#5819 = ORIENTED_EDGE('',*,*,#4649,.F.);
#5820 = ORIENTED_EDGE('',*,*,#5821,.T.);
#5821 = EDGE_CURVE('',#4650,#4476,#5822,.T.);
#5822 = LINE('',#5823,#5824);
#5823 = CARTESIAN_POINT('',(-0.162230377286,-0.35,-0.540767924286));
#5824 = VECTOR('',#5825,1.);
#5825 = DIRECTION('',(0.,1.,3.330669073875E-16));
#5826 = ORIENTED_EDGE('',*,*,#4475,.T.);
#5827 = ORIENTED_EDGE('',*,*,#5828,.F.);
#5828 = EDGE_CURVE('',#4652,#4478,#5829,.T.);
#5829 = LINE('',#5830,#5831);
#5830 = CARTESIAN_POINT('',(-0.425000733956,-0.35,-1.416669113186));
#5831 = VECTOR('',#5832,1.);
#5832 = DIRECTION('',(0.,1.,3.330669073875E-16));
#5833 = PLANE('',#5834);
#5834 = AXIS2_PLACEMENT_3D('',#5835,#5836,#5837);
#5835 = CARTESIAN_POINT('',(-0.15,-0.35,-0.5));
#5836 = DIRECTION('',(-0.957826285221,-9.570607158995E-17,0.287347885566
    ));
#5837 = DIRECTION('',(-0.287347885566,5.31700397722E-16,-0.957826285221)
  );
#5838 = ADVANCED_FACE('',(#5839),#5850,.F.);
#5839 = FACE_BOUND('',#5840,.F.);
#5840 = EDGE_LOOP('',(#5841,#5842,#5843,#5849));
#5841 = ORIENTED_EDGE('',*,*,#5821,.T.);
#5842 = ORIENTED_EDGE('',*,*,#4610,.T.);
#5843 = ORIENTED_EDGE('',*,*,#5844,.F.);
#5844 = EDGE_CURVE('',#4770,#4603,#5845,.T.);
#5845 = LINE('',#5846,#5847);
#5846 = CARTESIAN_POINT('',(-0.15,-0.35,-0.457437037472));
#5847 = VECTOR('',#5848,1.);
#5848 = DIRECTION('',(0.,1.,3.330669073875E-16));
#5849 = ORIENTED_EDGE('',*,*,#4777,.F.);
#5850 = CYLINDRICAL_SURFACE('',#5851,0.29);
#5851 = AXIS2_PLACEMENT_3D('',#5852,#5853,#5854);
#5852 = CARTESIAN_POINT('',(-0.44,-0.35,-0.457437037472));
#5853 = DIRECTION('',(0.,1.,3.330669073875E-16));
#5854 = DIRECTION('',(0.957826285221,9.570607158983E-17,-0.287347885566)
  );
#5855 = ADVANCED_FACE('',(#5856),#5867,.T.);
#5856 = FACE_BOUND('',#5857,.T.);
#5857 = EDGE_LOOP('',(#5858,#5859,#5860,#5866));
#5858 = ORIENTED_EDGE('',*,*,#5828,.T.);
#5859 = ORIENTED_EDGE('',*,*,#4485,.T.);
#5860 = ORIENTED_EDGE('',*,*,#5861,.F.);
#5861 = EDGE_CURVE('',#4660,#4486,#5862,.T.);
#5862 = LINE('',#5863,#5864);
#5863 = CARTESIAN_POINT('',(-0.425000733956,-0.35,-1.583330886814));
#5864 = VECTOR('',#5865,1.);
#5865 = DIRECTION('',(0.,1.,3.330669073875E-16));
#5866 = ORIENTED_EDGE('',*,*,#4659,.F.);
#5867 = CYLINDRICAL_SURFACE('',#5868,0.29);
#5868 = AXIS2_PLACEMENT_3D('',#5869,#5870,#5871);
#5869 = CARTESIAN_POINT('',(-0.147231111242,-0.35,-1.5));
#5870 = DIRECTION('',(0.,1.,3.330669073875E-16));
#5871 = DIRECTION('',(-0.957826285221,-9.570607158983E-17,0.287347885566
    ));
#5872 = ADVANCED_FACE('',(#5873),#5884,.F.);
#5873 = FACE_BOUND('',#5874,.F.);
#5874 = EDGE_LOOP('',(#5875,#5876,#5877,#5878));
#5875 = ORIENTED_EDGE('',*,*,#4769,.F.);
#5876 = ORIENTED_EDGE('',*,*,#5844,.T.);
#5877 = ORIENTED_EDGE('',*,*,#4602,.T.);
#5878 = ORIENTED_EDGE('',*,*,#5879,.F.);
#5879 = EDGE_CURVE('',#4761,#4594,#5880,.T.);
#5880 = LINE('',#5881,#5882);
#5881 = CARTESIAN_POINT('',(-0.15,-0.35,1.21));
#5882 = VECTOR('',#5883,1.);
#5883 = DIRECTION('',(0.,1.,3.330669073875E-16));
#5884 = PLANE('',#5885);
#5885 = AXIS2_PLACEMENT_3D('',#5886,#5887,#5888);
#5886 = CARTESIAN_POINT('',(-0.15,-0.35,-0.5));
#5887 = DIRECTION('',(1.,0.,0.));
#5888 = DIRECTION('',(0.,-5.551115123126E-16,1.));
#5889 = ADVANCED_FACE('',(#5890),#5901,.T.);
#5890 = FACE_BOUND('',#5891,.T.);
#5891 = EDGE_LOOP('',(#5892,#5893,#5894,#5895));
#5892 = ORIENTED_EDGE('',*,*,#4668,.F.);
#5893 = ORIENTED_EDGE('',*,*,#5861,.T.);
#5894 = ORIENTED_EDGE('',*,*,#4494,.T.);
#5895 = ORIENTED_EDGE('',*,*,#5896,.F.);
#5896 = EDGE_CURVE('',#4669,#4495,#5897,.T.);
#5897 = LINE('',#5898,#5899);
#5898 = CARTESIAN_POINT('',(-0.162230377286,-0.35,-2.459232075714));
#5899 = VECTOR('',#5900,1.);
#5900 = DIRECTION('',(0.,1.,3.330669073875E-16));
#5901 = PLANE('',#5902);
#5902 = AXIS2_PLACEMENT_3D('',#5903,#5904,#5905);
#5903 = CARTESIAN_POINT('',(-0.45,-0.35,-1.5));
#5904 = DIRECTION('',(-0.957826285221,9.570607158995E-17,-0.287347885566
    ));
#5905 = DIRECTION('',(0.287347885566,5.31700397722E-16,-0.957826285221)
  );
#5906 = ADVANCED_FACE('',(#5907),#5913,.T.);
#5907 = FACE_BOUND('',#5908,.T.);
#5908 = EDGE_LOOP('',(#5909,#5910,#5911,#5912));
#5909 = ORIENTED_EDGE('',*,*,#4760,.T.);
#5910 = ORIENTED_EDGE('',*,*,#4633,.T.);
#5911 = ORIENTED_EDGE('',*,*,#4593,.F.);
#5912 = ORIENTED_EDGE('',*,*,#5879,.F.);
#5913 = CYLINDRICAL_SURFACE('',#5914,0.29);
#5914 = AXIS2_PLACEMENT_3D('',#5915,#5916,#5917);
#5915 = CARTESIAN_POINT('',(0.14,-0.35,1.21));
#5916 = DIRECTION('',(0.,1.,3.330669073875E-16));
#5917 = DIRECTION('',(-1.,0.,0.));
#5918 = ADVANCED_FACE('',(#5919),#5930,.F.);
#5919 = FACE_BOUND('',#5920,.F.);
#5920 = EDGE_LOOP('',(#5921,#5927,#5928,#5929));
#5921 = ORIENTED_EDGE('',*,*,#5922,.T.);
#5922 = EDGE_CURVE('',#4677,#4503,#5923,.T.);
#5923 = LINE('',#5924,#5925);
#5924 = CARTESIAN_POINT('',(-0.15,-0.35,-2.542562962528));
#5925 = VECTOR('',#5926,1.);
#5926 = DIRECTION('',(0.,1.,3.330669073875E-16));
#5927 = ORIENTED_EDGE('',*,*,#4502,.T.);
#5928 = ORIENTED_EDGE('',*,*,#5896,.F.);
#5929 = ORIENTED_EDGE('',*,*,#4676,.F.);
#5930 = CYLINDRICAL_SURFACE('',#5931,0.29);
#5931 = AXIS2_PLACEMENT_3D('',#5932,#5933,#5934);
#5932 = CARTESIAN_POINT('',(-0.44,-0.35,-2.542562962528));
#5933 = DIRECTION('',(0.,1.,3.330669073875E-16));
#5934 = DIRECTION('',(1.,0.,-0.));
#5935 = ADVANCED_FACE('',(#5936),#5947,.F.);
#5936 = FACE_BOUND('',#5937,.F.);
#5937 = EDGE_LOOP('',(#5938,#5939,#5945,#5946));
#5938 = ORIENTED_EDGE('',*,*,#4685,.F.);
#5939 = ORIENTED_EDGE('',*,*,#5940,.T.);
#5940 = EDGE_CURVE('',#4686,#4512,#5941,.T.);
#5941 = LINE('',#5942,#5943);
#5942 = CARTESIAN_POINT('',(-0.15,-0.35,-3.5));
#5943 = VECTOR('',#5944,1.);
#5944 = DIRECTION('',(0.,1.,3.330669073875E-16));
#5945 = ORIENTED_EDGE('',*,*,#4511,.T.);
#5946 = ORIENTED_EDGE('',*,*,#5922,.F.);
#5947 = PLANE('',#5948);
#5948 = AXIS2_PLACEMENT_3D('',#5949,#5950,#5951);
#5949 = CARTESIAN_POINT('',(-0.15,-0.35,-3.5));
#5950 = DIRECTION('',(1.,0.,0.));
#5951 = DIRECTION('',(0.,-5.551115123126E-16,1.));
#5952 = ADVANCED_FACE('',(#5953),#5964,.F.);
#5953 = FACE_BOUND('',#5954,.F.);
#5954 = EDGE_LOOP('',(#5955,#5961,#5962,#5963));
#5955 = ORIENTED_EDGE('',*,*,#5956,.T.);
#5956 = EDGE_CURVE('',#4694,#4520,#5957,.T.);
#5957 = LINE('',#5958,#5959);
#5958 = CARTESIAN_POINT('',(0.15,-0.35,-3.5));
#5959 = VECTOR('',#5960,1.);
#5960 = DIRECTION('',(0.,1.,3.330669073875E-16));
#5961 = ORIENTED_EDGE('',*,*,#4519,.T.);
#5962 = ORIENTED_EDGE('',*,*,#5940,.F.);
#5963 = ORIENTED_EDGE('',*,*,#4693,.F.);
#5964 = PLANE('',#5965);
#5965 = AXIS2_PLACEMENT_3D('',#5966,#5967,#5968);
#5966 = CARTESIAN_POINT('',(0.15,-0.35,-3.5));
#5967 = DIRECTION('',(0.,-3.330669073875E-16,1.));
#5968 = DIRECTION('',(-1.,0.,0.));
#5969 = ADVANCED_FACE('',(#5970),#5981,.F.);
#5970 = FACE_BOUND('',#5971,.F.);
#5971 = EDGE_LOOP('',(#5972,#5973,#5979,#5980));
#5972 = ORIENTED_EDGE('',*,*,#4701,.F.);
#5973 = ORIENTED_EDGE('',*,*,#5974,.T.);
#5974 = EDGE_CURVE('',#4702,#4528,#5975,.T.);
#5975 = LINE('',#5976,#5977);
#5976 = CARTESIAN_POINT('',(0.15,-0.35,-2.542562962528));
#5977 = VECTOR('',#5978,1.);
#5978 = DIRECTION('',(0.,1.,3.330669073875E-16));
#5979 = ORIENTED_EDGE('',*,*,#4527,.T.);
#5980 = ORIENTED_EDGE('',*,*,#5956,.F.);
#5981 = PLANE('',#5982);
#5982 = AXIS2_PLACEMENT_3D('',#5983,#5984,#5985);
#5983 = CARTESIAN_POINT('',(0.15,-0.35,-2.5));
#5984 = DIRECTION('',(-1.,0.,-0.));
#5985 = DIRECTION('',(0.,5.551115123126E-16,-1.));
#5986 = ADVANCED_FACE('',(#5987),#5998,.T.);
#5987 = FACE_BOUND('',#5988,.T.);
#5988 = EDGE_LOOP('',(#5989,#5990,#5996,#5997));
#5989 = ORIENTED_EDGE('',*,*,#4743,.T.);
#5990 = ORIENTED_EDGE('',*,*,#5991,.T.);
#5991 = EDGE_CURVE('',#4736,#4562,#5992,.T.);
#5992 = LINE('',#5993,#5994);
#5993 = CARTESIAN_POINT('',(0.137769622714,-0.35,-0.540767924286));
#5994 = VECTOR('',#5995,1.);
#5995 = DIRECTION('',(0.,1.,3.330669073875E-16));
#5996 = ORIENTED_EDGE('',*,*,#4569,.F.);
#5997 = ORIENTED_EDGE('',*,*,#5789,.F.);
#5998 = CYLINDRICAL_SURFACE('',#5999,0.29);
#5999 = AXIS2_PLACEMENT_3D('',#6000,#6001,#6002);
#6000 = CARTESIAN_POINT('',(-0.14,-0.35,-0.457437037472));
#6001 = DIRECTION('',(0.,1.,3.330669073875E-16));
#6002 = DIRECTION('',(1.,0.,-0.));
#6003 = ADVANCED_FACE('',(#6004),#6015,.T.);
#6004 = FACE_BOUND('',#6005,.T.);
#6005 = EDGE_LOOP('',(#6006,#6007,#6008,#6009));
#6006 = ORIENTED_EDGE('',*,*,#4709,.T.);
#6007 = ORIENTED_EDGE('',*,*,#5974,.T.);
#6008 = ORIENTED_EDGE('',*,*,#4535,.F.);
#6009 = ORIENTED_EDGE('',*,*,#6010,.F.);
#6010 = EDGE_CURVE('',#4710,#4536,#6011,.T.);
#6011 = LINE('',#6012,#6013);
#6012 = CARTESIAN_POINT('',(0.137769622714,-0.35,-2.459232075714));
#6013 = VECTOR('',#6014,1.);
#6014 = DIRECTION('',(0.,1.,3.330669073875E-16));
#6015 = CYLINDRICAL_SURFACE('',#6016,0.29);
#6016 = AXIS2_PLACEMENT_3D('',#6017,#6018,#6019);
#6017 = CARTESIAN_POINT('',(-0.14,-0.35,-2.542562962528));
#6018 = DIRECTION('',(0.,1.,3.330669073875E-16));
#6019 = DIRECTION('',(0.957826285221,-9.570607158983E-17,0.287347885566)
  );
#6020 = ADVANCED_FACE('',(#6021),#6032,.T.);
#6021 = FACE_BOUND('',#6022,.T.);
#6022 = EDGE_LOOP('',(#6023,#6024,#6030,#6031));
#6023 = ORIENTED_EDGE('',*,*,#4735,.F.);
#6024 = ORIENTED_EDGE('',*,*,#6025,.T.);
#6025 = EDGE_CURVE('',#4727,#4553,#6026,.T.);
#6026 = LINE('',#6027,#6028);
#6027 = CARTESIAN_POINT('',(-0.125000733956,-0.35,-1.416669113186));
#6028 = VECTOR('',#6029,1.);
#6029 = DIRECTION('',(0.,1.,3.330669073875E-16));
#6030 = ORIENTED_EDGE('',*,*,#4561,.T.);
#6031 = ORIENTED_EDGE('',*,*,#5991,.F.);
#6032 = PLANE('',#6033);
#6033 = AXIS2_PLACEMENT_3D('',#6034,#6035,#6036);
#6034 = CARTESIAN_POINT('',(-0.15,-0.35,-1.5));
#6035 = DIRECTION('',(0.957826285221,9.570607158995E-17,-0.287347885566)
  );
#6036 = DIRECTION('',(0.287347885566,-5.31700397722E-16,0.957826285221)
  );
#6037 = ADVANCED_FACE('',(#6038),#6049,.T.);
#6038 = FACE_BOUND('',#6039,.T.);
#6039 = EDGE_LOOP('',(#6040,#6041,#6042,#6043));
#6040 = ORIENTED_EDGE('',*,*,#4718,.F.);
#6041 = ORIENTED_EDGE('',*,*,#6010,.T.);
#6042 = ORIENTED_EDGE('',*,*,#4544,.T.);
#6043 = ORIENTED_EDGE('',*,*,#6044,.F.);
#6044 = EDGE_CURVE('',#4719,#4545,#6045,.T.);
#6045 = LINE('',#6046,#6047);
#6046 = CARTESIAN_POINT('',(-0.125000733956,-0.35,-1.583330886814));
#6047 = VECTOR('',#6048,1.);
#6048 = DIRECTION('',(0.,1.,3.330669073875E-16));
#6049 = PLANE('',#6050);
#6050 = AXIS2_PLACEMENT_3D('',#6051,#6052,#6053);
#6051 = CARTESIAN_POINT('',(0.15,-0.35,-2.5));
#6052 = DIRECTION('',(0.957826285221,-9.570607158995E-17,0.287347885566)
  );
#6053 = DIRECTION('',(-0.287347885566,-5.31700397722E-16,0.957826285221)
  );
#6054 = ADVANCED_FACE('',(#6055),#6061,.F.);
#6055 = FACE_BOUND('',#6056,.F.);
#6056 = EDGE_LOOP('',(#6057,#6058,#6059,#6060));
#6057 = ORIENTED_EDGE('',*,*,#6025,.T.);
#6058 = ORIENTED_EDGE('',*,*,#4552,.T.);
#6059 = ORIENTED_EDGE('',*,*,#6044,.F.);
#6060 = ORIENTED_EDGE('',*,*,#4726,.F.);
#6061 = CYLINDRICAL_SURFACE('',#6062,0.29);
#6062 = AXIS2_PLACEMENT_3D('',#6063,#6064,#6065);
#6063 = CARTESIAN_POINT('',(0.152768888758,-0.35,-1.5));
#6064 = DIRECTION('',(0.,1.,3.330669073875E-16));
#6065 = DIRECTION('',(-0.957826285221,-9.570607158983E-17,0.287347885566
    ));
#6066 = ADVANCED_FACE('',(#6067),#6083,.T.);
#6067 = FACE_BOUND('',#6068,.T.);
#6068 = EDGE_LOOP('',(#6069,#6070,#6076,#6077));
#6069 = ORIENTED_EDGE('',*,*,#4792,.F.);
#6070 = ORIENTED_EDGE('',*,*,#6071,.T.);
#6071 = EDGE_CURVE('',#4793,#4943,#6072,.T.);
#6072 = LINE('',#6073,#6074);
#6073 = CARTESIAN_POINT('',(-0.162230377286,-4.85,-0.540767924286));
#6074 = VECTOR('',#6075,1.);
#6075 = DIRECTION('',(0.,1.,3.330669073875E-16));
#6076 = ORIENTED_EDGE('',*,*,#4942,.T.);
#6077 = ORIENTED_EDGE('',*,*,#6078,.F.);
#6078 = EDGE_CURVE('',#4795,#4945,#6079,.T.);
#6079 = LINE('',#6080,#6081);
#6080 = CARTESIAN_POINT('',(-0.425000733956,-4.85,-1.416669113186));
#6081 = VECTOR('',#6082,1.);
#6082 = DIRECTION('',(0.,1.,3.330669073875E-16));
#6083 = PLANE('',#6084);
#6084 = AXIS2_PLACEMENT_3D('',#6085,#6086,#6087);
#6085 = CARTESIAN_POINT('',(-0.15,-4.85,-0.5));
#6086 = DIRECTION('',(-0.957826285221,-9.570607158995E-17,0.287347885566
    ));
#6087 = DIRECTION('',(-0.287347885566,5.31700397722E-16,-0.957826285221)
  );
#6088 = ADVANCED_FACE('',(#6089),#6100,.F.);
#6089 = FACE_BOUND('',#6090,.F.);
#6090 = EDGE_LOOP('',(#6091,#6092,#6093,#6099));
#6091 = ORIENTED_EDGE('',*,*,#6071,.T.);
#6092 = ORIENTED_EDGE('',*,*,#5077,.T.);
#6093 = ORIENTED_EDGE('',*,*,#6094,.F.);
#6094 = EDGE_CURVE('',#4920,#5070,#6095,.T.);
#6095 = LINE('',#6096,#6097);
#6096 = CARTESIAN_POINT('',(-0.15,-4.85,-0.457437037472));
#6097 = VECTOR('',#6098,1.);
#6098 = DIRECTION('',(0.,1.,3.330669073875E-16));
#6099 = ORIENTED_EDGE('',*,*,#4927,.F.);
#6100 = CYLINDRICAL_SURFACE('',#6101,0.29);
#6101 = AXIS2_PLACEMENT_3D('',#6102,#6103,#6104);
#6102 = CARTESIAN_POINT('',(-0.44,-4.85,-0.457437037472));
#6103 = DIRECTION('',(0.,1.,3.330669073875E-16));
#6104 = DIRECTION('',(0.957826285221,9.570607158983E-17,-0.287347885566)
  );
#6105 = ADVANCED_FACE('',(#6106),#6117,.T.);
#6106 = FACE_BOUND('',#6107,.T.);
#6107 = EDGE_LOOP('',(#6108,#6109,#6110,#6116));
#6108 = ORIENTED_EDGE('',*,*,#6078,.T.);
#6109 = ORIENTED_EDGE('',*,*,#4952,.T.);
#6110 = ORIENTED_EDGE('',*,*,#6111,.F.);
#6111 = EDGE_CURVE('',#4803,#4953,#6112,.T.);
#6112 = LINE('',#6113,#6114);
#6113 = CARTESIAN_POINT('',(-0.425000733956,-4.85,-1.583330886814));
#6114 = VECTOR('',#6115,1.);
#6115 = DIRECTION('',(0.,1.,3.330669073875E-16));
#6116 = ORIENTED_EDGE('',*,*,#4802,.F.);
#6117 = CYLINDRICAL_SURFACE('',#6118,0.29);
#6118 = AXIS2_PLACEMENT_3D('',#6119,#6120,#6121);
#6119 = CARTESIAN_POINT('',(-0.147231111242,-4.85,-1.5));
#6120 = DIRECTION('',(0.,1.,3.330669073875E-16));
#6121 = DIRECTION('',(-0.957826285221,-9.570607158983E-17,0.287347885566
    ));
#6122 = ADVANCED_FACE('',(#6123),#6134,.F.);
#6123 = FACE_BOUND('',#6124,.F.);
#6124 = EDGE_LOOP('',(#6125,#6126,#6127,#6128));
#6125 = ORIENTED_EDGE('',*,*,#4919,.F.);
#6126 = ORIENTED_EDGE('',*,*,#6094,.T.);
#6127 = ORIENTED_EDGE('',*,*,#5069,.T.);
#6128 = ORIENTED_EDGE('',*,*,#6129,.F.);
#6129 = EDGE_CURVE('',#4911,#5061,#6130,.T.);
#6130 = LINE('',#6131,#6132);
#6131 = CARTESIAN_POINT('',(-0.15,-4.85,1.21));
#6132 = VECTOR('',#6133,1.);
#6133 = DIRECTION('',(0.,1.,3.330669073875E-16));
#6134 = PLANE('',#6135);
#6135 = AXIS2_PLACEMENT_3D('',#6136,#6137,#6138);
#6136 = CARTESIAN_POINT('',(-0.15,-4.85,-0.5));
#6137 = DIRECTION('',(1.,0.,0.));
#6138 = DIRECTION('',(0.,-5.551115123126E-16,1.));
#6139 = ADVANCED_FACE('',(#6140),#6151,.T.);
#6140 = FACE_BOUND('',#6141,.T.);
#6141 = EDGE_LOOP('',(#6142,#6143,#6144,#6145));
#6142 = ORIENTED_EDGE('',*,*,#4811,.F.);
#6143 = ORIENTED_EDGE('',*,*,#6111,.T.);
#6144 = ORIENTED_EDGE('',*,*,#4961,.T.);
#6145 = ORIENTED_EDGE('',*,*,#6146,.F.);
#6146 = EDGE_CURVE('',#4812,#4962,#6147,.T.);
#6147 = LINE('',#6148,#6149);
#6148 = CARTESIAN_POINT('',(-0.162230377286,-4.85,-2.459232075714));
#6149 = VECTOR('',#6150,1.);
#6150 = DIRECTION('',(0.,1.,3.330669073875E-16));
#6151 = PLANE('',#6152);
#6152 = AXIS2_PLACEMENT_3D('',#6153,#6154,#6155);
#6153 = CARTESIAN_POINT('',(-0.45,-4.85,-1.5));
#6154 = DIRECTION('',(-0.957826285221,9.570607158995E-17,-0.287347885566
    ));
#6155 = DIRECTION('',(0.287347885566,5.31700397722E-16,-0.957826285221)
  );
#6156 = ADVANCED_FACE('',(#6157),#6163,.T.);
#6157 = FACE_BOUND('',#6158,.T.);
#6158 = EDGE_LOOP('',(#6159,#6160,#6161,#6162));
#6159 = ORIENTED_EDGE('',*,*,#4910,.T.);
#6160 = ORIENTED_EDGE('',*,*,#5093,.T.);
#6161 = ORIENTED_EDGE('',*,*,#5060,.F.);
#6162 = ORIENTED_EDGE('',*,*,#6129,.F.);
#6163 = CYLINDRICAL_SURFACE('',#6164,0.29);
#6164 = AXIS2_PLACEMENT_3D('',#6165,#6166,#6167);
#6165 = CARTESIAN_POINT('',(0.14,-4.85,1.21));
#6166 = DIRECTION('',(0.,1.,3.330669073875E-16));
#6167 = DIRECTION('',(-1.,0.,0.));
#6168 = ADVANCED_FACE('',(#6169),#6180,.F.);
#6169 = FACE_BOUND('',#6170,.F.);
#6170 = EDGE_LOOP('',(#6171,#6177,#6178,#6179));
#6171 = ORIENTED_EDGE('',*,*,#6172,.T.);
#6172 = EDGE_CURVE('',#4820,#4970,#6173,.T.);
#6173 = LINE('',#6174,#6175);
#6174 = CARTESIAN_POINT('',(-0.15,-4.85,-2.542562962528));
#6175 = VECTOR('',#6176,1.);
#6176 = DIRECTION('',(0.,1.,3.330669073875E-16));
#6177 = ORIENTED_EDGE('',*,*,#4969,.T.);
#6178 = ORIENTED_EDGE('',*,*,#6146,.F.);
#6179 = ORIENTED_EDGE('',*,*,#4819,.F.);
#6180 = CYLINDRICAL_SURFACE('',#6181,0.29);
#6181 = AXIS2_PLACEMENT_3D('',#6182,#6183,#6184);
#6182 = CARTESIAN_POINT('',(-0.44,-4.85,-2.542562962528));
#6183 = DIRECTION('',(0.,1.,3.330669073875E-16));
#6184 = DIRECTION('',(1.,0.,-0.));
#6185 = ADVANCED_FACE('',(#6186),#6197,.F.);
#6186 = FACE_BOUND('',#6187,.F.);
#6187 = EDGE_LOOP('',(#6188,#6189,#6195,#6196));
#6188 = ORIENTED_EDGE('',*,*,#4828,.F.);
#6189 = ORIENTED_EDGE('',*,*,#6190,.T.);
#6190 = EDGE_CURVE('',#4829,#4979,#6191,.T.);
#6191 = LINE('',#6192,#6193);
#6192 = CARTESIAN_POINT('',(-0.15,-4.85,-3.5));
#6193 = VECTOR('',#6194,1.);
#6194 = DIRECTION('',(0.,1.,3.330669073875E-16));
#6195 = ORIENTED_EDGE('',*,*,#4978,.T.);
#6196 = ORIENTED_EDGE('',*,*,#6172,.F.);
#6197 = PLANE('',#6198);
#6198 = AXIS2_PLACEMENT_3D('',#6199,#6200,#6201);
#6199 = CARTESIAN_POINT('',(-0.15,-4.85,-3.5));
#6200 = DIRECTION('',(1.,0.,0.));
#6201 = DIRECTION('',(0.,-5.551115123126E-16,1.));
#6202 = ADVANCED_FACE('',(#6203),#6214,.F.);
#6203 = FACE_BOUND('',#6204,.F.);
#6204 = EDGE_LOOP('',(#6205,#6211,#6212,#6213));
#6205 = ORIENTED_EDGE('',*,*,#6206,.T.);
#6206 = EDGE_CURVE('',#4837,#4987,#6207,.T.);
#6207 = LINE('',#6208,#6209);
#6208 = CARTESIAN_POINT('',(0.15,-4.85,-3.5));
#6209 = VECTOR('',#6210,1.);
#6210 = DIRECTION('',(0.,1.,3.330669073875E-16));
#6211 = ORIENTED_EDGE('',*,*,#4986,.T.);
#6212 = ORIENTED_EDGE('',*,*,#6190,.F.);
#6213 = ORIENTED_EDGE('',*,*,#4836,.F.);
#6214 = PLANE('',#6215);
#6215 = AXIS2_PLACEMENT_3D('',#6216,#6217,#6218);
#6216 = CARTESIAN_POINT('',(0.15,-4.85,-3.5));
#6217 = DIRECTION('',(0.,-3.330669073875E-16,1.));
#6218 = DIRECTION('',(-1.,0.,0.));
#6219 = ADVANCED_FACE('',(#6220),#6231,.F.);
#6220 = FACE_BOUND('',#6221,.F.);
#6221 = EDGE_LOOP('',(#6222,#6223,#6229,#6230));
#6222 = ORIENTED_EDGE('',*,*,#4844,.F.);
#6223 = ORIENTED_EDGE('',*,*,#6224,.T.);
#6224 = EDGE_CURVE('',#4845,#4995,#6225,.T.);
#6225 = LINE('',#6226,#6227);
#6226 = CARTESIAN_POINT('',(0.15,-4.85,-2.542562962528));
#6227 = VECTOR('',#6228,1.);
#6228 = DIRECTION('',(0.,1.,3.330669073875E-16));
#6229 = ORIENTED_EDGE('',*,*,#4994,.T.);
#6230 = ORIENTED_EDGE('',*,*,#6206,.F.);
#6231 = PLANE('',#6232);
#6232 = AXIS2_PLACEMENT_3D('',#6233,#6234,#6235);
#6233 = CARTESIAN_POINT('',(0.15,-4.85,-2.5));
#6234 = DIRECTION('',(-1.,0.,-0.));
#6235 = DIRECTION('',(0.,5.551115123126E-16,-1.));
#6236 = ADVANCED_FACE('',(#6237),#6248,.T.);
#6237 = FACE_BOUND('',#6238,.T.);
#6238 = EDGE_LOOP('',(#6239,#6240,#6246,#6247));
#6239 = ORIENTED_EDGE('',*,*,#4886,.T.);
#6240 = ORIENTED_EDGE('',*,*,#6241,.T.);
#6241 = EDGE_CURVE('',#4879,#5029,#6242,.T.);
#6242 = LINE('',#6243,#6244);
#6243 = CARTESIAN_POINT('',(0.137769622714,-4.85,-0.540767924286));
#6244 = VECTOR('',#6245,1.);
#6245 = DIRECTION('',(0.,1.,3.330669073875E-16));
#6246 = ORIENTED_EDGE('',*,*,#5036,.F.);
#6247 = ORIENTED_EDGE('',*,*,#5755,.F.);
#6248 = CYLINDRICAL_SURFACE('',#6249,0.29);
#6249 = AXIS2_PLACEMENT_3D('',#6250,#6251,#6252);
#6250 = CARTESIAN_POINT('',(-0.14,-4.85,-0.457437037472));
#6251 = DIRECTION('',(0.,1.,3.330669073875E-16));
#6252 = DIRECTION('',(1.,0.,-0.));
#6253 = ADVANCED_FACE('',(#6254),#6265,.T.);
#6254 = FACE_BOUND('',#6255,.T.);
#6255 = EDGE_LOOP('',(#6256,#6257,#6258,#6259));
#6256 = ORIENTED_EDGE('',*,*,#4852,.T.);
#6257 = ORIENTED_EDGE('',*,*,#6224,.T.);
#6258 = ORIENTED_EDGE('',*,*,#5002,.F.);
#6259 = ORIENTED_EDGE('',*,*,#6260,.F.);
#6260 = EDGE_CURVE('',#4853,#5003,#6261,.T.);
#6261 = LINE('',#6262,#6263);
#6262 = CARTESIAN_POINT('',(0.137769622714,-4.85,-2.459232075714));
#6263 = VECTOR('',#6264,1.);
#6264 = DIRECTION('',(0.,1.,3.330669073875E-16));
#6265 = CYLINDRICAL_SURFACE('',#6266,0.29);
#6266 = AXIS2_PLACEMENT_3D('',#6267,#6268,#6269);
#6267 = CARTESIAN_POINT('',(-0.14,-4.85,-2.542562962528));
#6268 = DIRECTION('',(0.,1.,3.330669073875E-16));
#6269 = DIRECTION('',(0.957826285221,-9.570607158983E-17,0.287347885566)
  );
#6270 = ADVANCED_FACE('',(#6271),#6282,.T.);
#6271 = FACE_BOUND('',#6272,.T.);
#6272 = EDGE_LOOP('',(#6273,#6274,#6280,#6281));
#6273 = ORIENTED_EDGE('',*,*,#4878,.F.);
#6274 = ORIENTED_EDGE('',*,*,#6275,.T.);
#6275 = EDGE_CURVE('',#4870,#5020,#6276,.T.);
#6276 = LINE('',#6277,#6278);
#6277 = CARTESIAN_POINT('',(-0.125000733956,-4.85,-1.416669113186));
#6278 = VECTOR('',#6279,1.);
#6279 = DIRECTION('',(0.,1.,3.330669073875E-16));
#6280 = ORIENTED_EDGE('',*,*,#5028,.T.);
#6281 = ORIENTED_EDGE('',*,*,#6241,.F.);
#6282 = PLANE('',#6283);
#6283 = AXIS2_PLACEMENT_3D('',#6284,#6285,#6286);
#6284 = CARTESIAN_POINT('',(-0.15,-4.85,-1.5));
#6285 = DIRECTION('',(0.957826285221,9.570607158995E-17,-0.287347885566)
  );
#6286 = DIRECTION('',(0.287347885566,-5.31700397722E-16,0.957826285221)
  );
#6287 = ADVANCED_FACE('',(#6288),#6299,.T.);
#6288 = FACE_BOUND('',#6289,.T.);
#6289 = EDGE_LOOP('',(#6290,#6291,#6292,#6293));
#6290 = ORIENTED_EDGE('',*,*,#4861,.F.);
#6291 = ORIENTED_EDGE('',*,*,#6260,.T.);
#6292 = ORIENTED_EDGE('',*,*,#5011,.T.);
#6293 = ORIENTED_EDGE('',*,*,#6294,.F.);
#6294 = EDGE_CURVE('',#4862,#5012,#6295,.T.);
#6295 = LINE('',#6296,#6297);
#6296 = CARTESIAN_POINT('',(-0.125000733956,-4.85,-1.583330886814));
#6297 = VECTOR('',#6298,1.);
#6298 = DIRECTION('',(0.,1.,3.330669073875E-16));
#6299 = PLANE('',#6300);
#6300 = AXIS2_PLACEMENT_3D('',#6301,#6302,#6303);
#6301 = CARTESIAN_POINT('',(0.15,-4.85,-2.5));
#6302 = DIRECTION('',(0.957826285221,-9.570607158995E-17,0.287347885566)
  );
#6303 = DIRECTION('',(-0.287347885566,-5.31700397722E-16,0.957826285221)
  );
#6304 = ADVANCED_FACE('',(#6305),#6311,.F.);
#6305 = FACE_BOUND('',#6306,.F.);
#6306 = EDGE_LOOP('',(#6307,#6308,#6309,#6310));
#6307 = ORIENTED_EDGE('',*,*,#6275,.T.);
#6308 = ORIENTED_EDGE('',*,*,#5019,.T.);
#6309 = ORIENTED_EDGE('',*,*,#6294,.F.);
#6310 = ORIENTED_EDGE('',*,*,#4869,.F.);
#6311 = CYLINDRICAL_SURFACE('',#6312,0.29);
#6312 = AXIS2_PLACEMENT_3D('',#6313,#6314,#6315);
#6313 = CARTESIAN_POINT('',(0.152768888758,-4.85,-1.5));
#6314 = DIRECTION('',(0.,1.,3.330669073875E-16));
#6315 = DIRECTION('',(-0.957826285221,-9.570607158983E-17,0.287347885566
    ));
#6316 = ADVANCED_FACE('',(#6317),#6333,.F.);
#6317 = FACE_BOUND('',#6318,.F.);
#6318 = EDGE_LOOP('',(#6319,#6320,#6326,#6327));
#6319 = ORIENTED_EDGE('',*,*,#5109,.F.);
#6320 = ORIENTED_EDGE('',*,*,#6321,.T.);
#6321 = EDGE_CURVE('',#5110,#5284,#6322,.T.);
#6322 = LINE('',#6323,#6324);
#6323 = CARTESIAN_POINT('',(6.462230377286,-4.85,-0.540767924286));
#6324 = VECTOR('',#6325,1.);
#6325 = DIRECTION('',(0.,1.,3.330669073875E-16));
#6326 = ORIENTED_EDGE('',*,*,#5283,.T.);
#6327 = ORIENTED_EDGE('',*,*,#6328,.F.);
#6328 = EDGE_CURVE('',#5112,#5286,#6329,.T.);
#6329 = LINE('',#6330,#6331);
#6330 = CARTESIAN_POINT('',(6.725000733956,-4.85,-1.416669113186));
#6331 = VECTOR('',#6332,1.);
#6332 = DIRECTION('',(0.,1.,3.330669073875E-16));
#6333 = PLANE('',#6334);
#6334 = AXIS2_PLACEMENT_3D('',#6335,#6336,#6337);
#6335 = CARTESIAN_POINT('',(6.45,-4.85,-0.5));
#6336 = DIRECTION('',(-0.957826285221,9.570607158995E-17,-0.287347885566
    ));
#6337 = DIRECTION('',(0.287347885566,5.31700397722E-16,-0.957826285221)
  );
#6338 = ADVANCED_FACE('',(#6339),#6350,.F.);
#6339 = FACE_BOUND('',#6340,.F.);
#6340 = EDGE_LOOP('',(#6341,#6342,#6348,#6349));
#6341 = ORIENTED_EDGE('',*,*,#5244,.T.);
#6342 = ORIENTED_EDGE('',*,*,#6343,.T.);
#6343 = EDGE_CURVE('',#5237,#5404,#6344,.T.);
#6344 = LINE('',#6345,#6346);
#6345 = CARTESIAN_POINT('',(6.45,-4.85,-0.457437037472));
#6346 = VECTOR('',#6347,1.);
#6347 = DIRECTION('',(0.,1.,3.330669073875E-16));
#6348 = ORIENTED_EDGE('',*,*,#5411,.F.);
#6349 = ORIENTED_EDGE('',*,*,#6321,.F.);
#6350 = CYLINDRICAL_SURFACE('',#6351,0.29);
#6351 = AXIS2_PLACEMENT_3D('',#6352,#6353,#6354);
#6352 = CARTESIAN_POINT('',(6.74,-4.85,-0.457437037472));
#6353 = DIRECTION('',(0.,1.,3.330669073875E-16));
#6354 = DIRECTION('',(-0.957826285221,9.570607158983E-17,-0.287347885566
    ));
#6355 = ADVANCED_FACE('',(#6356),#6367,.T.);
#6356 = FACE_BOUND('',#6357,.T.);
#6357 = EDGE_LOOP('',(#6358,#6359,#6365,#6366));
#6358 = ORIENTED_EDGE('',*,*,#5119,.T.);
#6359 = ORIENTED_EDGE('',*,*,#6360,.T.);
#6360 = EDGE_CURVE('',#5120,#5294,#6361,.T.);
#6361 = LINE('',#6362,#6363);
#6362 = CARTESIAN_POINT('',(6.725000733956,-4.85,-1.583330886814));
#6363 = VECTOR('',#6364,1.);
#6364 = DIRECTION('',(0.,1.,3.330669073875E-16));
#6365 = ORIENTED_EDGE('',*,*,#5293,.F.);
#6366 = ORIENTED_EDGE('',*,*,#6328,.F.);
#6367 = CYLINDRICAL_SURFACE('',#6368,0.29);
#6368 = AXIS2_PLACEMENT_3D('',#6369,#6370,#6371);
#6369 = CARTESIAN_POINT('',(6.447231111242,-4.85,-1.5));
#6370 = DIRECTION('',(0.,1.,3.330669073875E-16));
#6371 = DIRECTION('',(0.957826285221,-9.570607158983E-17,0.287347885566)
  );
#6372 = ADVANCED_FACE('',(#6373),#6384,.T.);
#6373 = FACE_BOUND('',#6374,.T.);
#6374 = EDGE_LOOP('',(#6375,#6376,#6377,#6378));
#6375 = ORIENTED_EDGE('',*,*,#5236,.F.);
#6376 = ORIENTED_EDGE('',*,*,#6343,.T.);
#6377 = ORIENTED_EDGE('',*,*,#5403,.T.);
#6378 = ORIENTED_EDGE('',*,*,#6379,.F.);
#6379 = EDGE_CURVE('',#5228,#5395,#6380,.T.);
#6380 = LINE('',#6381,#6382);
#6381 = CARTESIAN_POINT('',(6.45,-4.85,1.21));
#6382 = VECTOR('',#6383,1.);
#6383 = DIRECTION('',(0.,1.,3.330669073875E-16));
#6384 = PLANE('',#6385);
#6385 = AXIS2_PLACEMENT_3D('',#6386,#6387,#6388);
#6386 = CARTESIAN_POINT('',(6.45,-4.85,-0.5));
#6387 = DIRECTION('',(1.,0.,0.));
#6388 = DIRECTION('',(0.,-5.551115123126E-16,1.));
#6389 = ADVANCED_FACE('',(#6390),#6401,.F.);
#6390 = FACE_BOUND('',#6391,.F.);
#6391 = EDGE_LOOP('',(#6392,#6393,#6394,#6395));
#6392 = ORIENTED_EDGE('',*,*,#5128,.F.);
#6393 = ORIENTED_EDGE('',*,*,#6360,.T.);
#6394 = ORIENTED_EDGE('',*,*,#5302,.T.);
#6395 = ORIENTED_EDGE('',*,*,#6396,.F.);
#6396 = EDGE_CURVE('',#5129,#5303,#6397,.T.);
#6397 = LINE('',#6398,#6399);
#6398 = CARTESIAN_POINT('',(6.462230377286,-4.85,-2.459232075714));
#6399 = VECTOR('',#6400,1.);
#6400 = DIRECTION('',(0.,1.,3.330669073875E-16));
#6401 = PLANE('',#6402);
#6402 = AXIS2_PLACEMENT_3D('',#6403,#6404,#6405);
#6403 = CARTESIAN_POINT('',(6.75,-4.85,-1.5));
#6404 = DIRECTION('',(-0.957826285221,-9.570607158995E-17,0.287347885566
    ));
#6405 = DIRECTION('',(-0.287347885566,5.31700397722E-16,-0.957826285221)
  );
#6406 = ADVANCED_FACE('',(#6407),#6413,.T.);
#6407 = FACE_BOUND('',#6408,.T.);
#6408 = EDGE_LOOP('',(#6409,#6410,#6411,#6412));
#6409 = ORIENTED_EDGE('',*,*,#6379,.T.);
#6410 = ORIENTED_EDGE('',*,*,#5394,.T.);
#6411 = ORIENTED_EDGE('',*,*,#5260,.F.);
#6412 = ORIENTED_EDGE('',*,*,#5227,.F.);
#6413 = CYLINDRICAL_SURFACE('',#6414,0.29);
#6414 = AXIS2_PLACEMENT_3D('',#6415,#6416,#6417);
#6415 = CARTESIAN_POINT('',(6.16,-4.85,1.21));
#6416 = DIRECTION('',(0.,1.,3.330669073875E-16));
#6417 = DIRECTION('',(1.,0.,-0.));
#6418 = ADVANCED_FACE('',(#6419),#6430,.F.);
#6419 = FACE_BOUND('',#6420,.F.);
#6420 = EDGE_LOOP('',(#6421,#6422,#6423,#6424));
#6421 = ORIENTED_EDGE('',*,*,#5136,.T.);
#6422 = ORIENTED_EDGE('',*,*,#6396,.T.);
#6423 = ORIENTED_EDGE('',*,*,#5310,.F.);
#6424 = ORIENTED_EDGE('',*,*,#6425,.F.);
#6425 = EDGE_CURVE('',#5137,#5311,#6426,.T.);
#6426 = LINE('',#6427,#6428);
#6427 = CARTESIAN_POINT('',(6.45,-4.85,-2.542562962528));
#6428 = VECTOR('',#6429,1.);
#6429 = DIRECTION('',(0.,1.,3.330669073875E-16));
#6430 = CYLINDRICAL_SURFACE('',#6431,0.29);
#6431 = AXIS2_PLACEMENT_3D('',#6432,#6433,#6434);
#6432 = CARTESIAN_POINT('',(6.74,-4.85,-2.542562962528));
#6433 = DIRECTION('',(0.,1.,3.330669073875E-16));
#6434 = DIRECTION('',(-1.,0.,0.));
#6435 = ADVANCED_FACE('',(#6436),#6447,.T.);
#6436 = FACE_BOUND('',#6437,.T.);
#6437 = EDGE_LOOP('',(#6438,#6439,#6445,#6446));
#6438 = ORIENTED_EDGE('',*,*,#5145,.F.);
#6439 = ORIENTED_EDGE('',*,*,#6440,.T.);
#6440 = EDGE_CURVE('',#5146,#5320,#6441,.T.);
#6441 = LINE('',#6442,#6443);
#6442 = CARTESIAN_POINT('',(6.45,-4.85,-3.5));
#6443 = VECTOR('',#6444,1.);
#6444 = DIRECTION('',(0.,1.,3.330669073875E-16));
#6445 = ORIENTED_EDGE('',*,*,#5319,.T.);
#6446 = ORIENTED_EDGE('',*,*,#6425,.F.);
#6447 = PLANE('',#6448);
#6448 = AXIS2_PLACEMENT_3D('',#6449,#6450,#6451);
#6449 = CARTESIAN_POINT('',(6.45,-4.85,-3.5));
#6450 = DIRECTION('',(1.,0.,0.));
#6451 = DIRECTION('',(0.,-5.551115123126E-16,1.));
#6452 = ADVANCED_FACE('',(#6453),#6464,.T.);
#6453 = FACE_BOUND('',#6454,.T.);
#6454 = EDGE_LOOP('',(#6455,#6461,#6462,#6463));
#6455 = ORIENTED_EDGE('',*,*,#6456,.T.);
#6456 = EDGE_CURVE('',#5154,#5328,#6457,.T.);
#6457 = LINE('',#6458,#6459);
#6458 = CARTESIAN_POINT('',(6.15,-4.85,-3.5));
#6459 = VECTOR('',#6460,1.);
#6460 = DIRECTION('',(0.,1.,3.330669073875E-16));
#6461 = ORIENTED_EDGE('',*,*,#5327,.T.);
#6462 = ORIENTED_EDGE('',*,*,#6440,.F.);
#6463 = ORIENTED_EDGE('',*,*,#5153,.F.);
#6464 = PLANE('',#6465);
#6465 = AXIS2_PLACEMENT_3D('',#6466,#6467,#6468);
#6466 = CARTESIAN_POINT('',(6.15,-4.85,-3.5));
#6467 = DIRECTION('',(0.,3.330669073875E-16,-1.));
#6468 = DIRECTION('',(1.,0.,0.));
#6469 = ADVANCED_FACE('',(#6470),#6481,.T.);
#6470 = FACE_BOUND('',#6471,.T.);
#6471 = EDGE_LOOP('',(#6472,#6473,#6479,#6480));
#6472 = ORIENTED_EDGE('',*,*,#5161,.F.);
#6473 = ORIENTED_EDGE('',*,*,#6474,.T.);
#6474 = EDGE_CURVE('',#5162,#5336,#6475,.T.);
#6475 = LINE('',#6476,#6477);
#6476 = CARTESIAN_POINT('',(6.15,-4.85,-2.542562962528));
#6477 = VECTOR('',#6478,1.);
#6478 = DIRECTION('',(0.,1.,3.330669073875E-16));
#6479 = ORIENTED_EDGE('',*,*,#5335,.T.);
#6480 = ORIENTED_EDGE('',*,*,#6456,.F.);
#6481 = PLANE('',#6482);
#6482 = AXIS2_PLACEMENT_3D('',#6483,#6484,#6485);
#6483 = CARTESIAN_POINT('',(6.15,-4.85,-2.5));
#6484 = DIRECTION('',(-1.,0.,-0.));
#6485 = DIRECTION('',(0.,5.551115123126E-16,-1.));
#6486 = ADVANCED_FACE('',(#6487),#6498,.T.);
#6487 = FACE_BOUND('',#6488,.T.);
#6488 = EDGE_LOOP('',(#6489,#6490,#6491,#6497));
#6489 = ORIENTED_EDGE('',*,*,#5772,.T.);
#6490 = ORIENTED_EDGE('',*,*,#5377,.T.);
#6491 = ORIENTED_EDGE('',*,*,#6492,.F.);
#6492 = EDGE_CURVE('',#5196,#5370,#6493,.T.);
#6493 = LINE('',#6494,#6495);
#6494 = CARTESIAN_POINT('',(6.162230377286,-4.85,-0.540767924286));
#6495 = VECTOR('',#6496,1.);
#6496 = DIRECTION('',(0.,1.,3.330669073875E-16));
#6497 = ORIENTED_EDGE('',*,*,#5203,.F.);
#6498 = CYLINDRICAL_SURFACE('',#6499,0.29);
#6499 = AXIS2_PLACEMENT_3D('',#6500,#6501,#6502);
#6500 = CARTESIAN_POINT('',(6.44,-4.85,-0.457437037472));
#6501 = DIRECTION('',(0.,1.,3.330669073875E-16));
#6502 = DIRECTION('',(-1.,0.,0.));
#6503 = ADVANCED_FACE('',(#6504),#6515,.T.);
#6504 = FACE_BOUND('',#6505,.T.);
#6505 = EDGE_LOOP('',(#6506,#6512,#6513,#6514));
#6506 = ORIENTED_EDGE('',*,*,#6507,.T.);
#6507 = EDGE_CURVE('',#5170,#5344,#6508,.T.);
#6508 = LINE('',#6509,#6510);
#6509 = CARTESIAN_POINT('',(6.162230377286,-4.85,-2.459232075714));
#6510 = VECTOR('',#6511,1.);
#6511 = DIRECTION('',(0.,1.,3.330669073875E-16));
#6512 = ORIENTED_EDGE('',*,*,#5343,.T.);
#6513 = ORIENTED_EDGE('',*,*,#6474,.F.);
#6514 = ORIENTED_EDGE('',*,*,#5169,.F.);
#6515 = CYLINDRICAL_SURFACE('',#6516,0.29);
#6516 = AXIS2_PLACEMENT_3D('',#6517,#6518,#6519);
#6517 = CARTESIAN_POINT('',(6.44,-4.85,-2.542562962528));
#6518 = DIRECTION('',(0.,1.,3.330669073875E-16));
#6519 = DIRECTION('',(-0.957826285221,-9.570607158983E-17,0.287347885566
    ));
#6520 = ADVANCED_FACE('',(#6521),#6532,.F.);
#6521 = FACE_BOUND('',#6522,.F.);
#6522 = EDGE_LOOP('',(#6523,#6524,#6530,#6531));
#6523 = ORIENTED_EDGE('',*,*,#5195,.F.);
#6524 = ORIENTED_EDGE('',*,*,#6525,.T.);
#6525 = EDGE_CURVE('',#5187,#5361,#6526,.T.);
#6526 = LINE('',#6527,#6528);
#6527 = CARTESIAN_POINT('',(6.425000733956,-4.85,-1.416669113186));
#6528 = VECTOR('',#6529,1.);
#6529 = DIRECTION('',(0.,1.,3.330669073875E-16));
#6530 = ORIENTED_EDGE('',*,*,#5369,.T.);
#6531 = ORIENTED_EDGE('',*,*,#6492,.F.);
#6532 = PLANE('',#6533);
#6533 = AXIS2_PLACEMENT_3D('',#6534,#6535,#6536);
#6534 = CARTESIAN_POINT('',(6.45,-4.85,-1.5));
#6535 = DIRECTION('',(0.957826285221,-9.570607158995E-17,0.287347885566)
  );
#6536 = DIRECTION('',(-0.287347885566,-5.31700397722E-16,0.957826285221)
  );
#6537 = ADVANCED_FACE('',(#6538),#6549,.F.);
#6538 = FACE_BOUND('',#6539,.F.);
#6539 = EDGE_LOOP('',(#6540,#6541,#6542,#6543));
#6540 = ORIENTED_EDGE('',*,*,#5178,.F.);
#6541 = ORIENTED_EDGE('',*,*,#6507,.T.);
#6542 = ORIENTED_EDGE('',*,*,#5352,.T.);
#6543 = ORIENTED_EDGE('',*,*,#6544,.F.);
#6544 = EDGE_CURVE('',#5179,#5353,#6545,.T.);
#6545 = LINE('',#6546,#6547);
#6546 = CARTESIAN_POINT('',(6.425000733956,-4.85,-1.583330886814));
#6547 = VECTOR('',#6548,1.);
#6548 = DIRECTION('',(0.,1.,3.330669073875E-16));
#6549 = PLANE('',#6550);
#6550 = AXIS2_PLACEMENT_3D('',#6551,#6552,#6553);
#6551 = CARTESIAN_POINT('',(6.15,-4.85,-2.5));
#6552 = DIRECTION('',(0.957826285221,9.570607158995E-17,-0.287347885566)
  );
#6553 = DIRECTION('',(0.287347885566,-5.31700397722E-16,0.957826285221)
  );
#6554 = ADVANCED_FACE('',(#6555),#6561,.F.);
#6555 = FACE_BOUND('',#6556,.F.);
#6556 = EDGE_LOOP('',(#6557,#6558,#6559,#6560));
#6557 = ORIENTED_EDGE('',*,*,#5186,.T.);
#6558 = ORIENTED_EDGE('',*,*,#6544,.T.);
#6559 = ORIENTED_EDGE('',*,*,#5360,.F.);
#6560 = ORIENTED_EDGE('',*,*,#6525,.F.);
#6561 = CYLINDRICAL_SURFACE('',#6562,0.29);
#6562 = AXIS2_PLACEMENT_3D('',#6563,#6564,#6565);
#6563 = CARTESIAN_POINT('',(6.147231111242,-4.85,-1.5));
#6564 = DIRECTION('',(0.,1.,3.330669073875E-16));
#6565 = DIRECTION('',(0.957826285221,-9.570607158983E-17,0.287347885566)
  );
#6566 = ADVANCED_FACE('',(#6567),#6583,.F.);
#6567 = FACE_BOUND('',#6568,.F.);
#6568 = EDGE_LOOP('',(#6569,#6570,#6576,#6577));
#6569 = ORIENTED_EDGE('',*,*,#5576,.F.);
#6570 = ORIENTED_EDGE('',*,*,#6571,.T.);
#6571 = EDGE_CURVE('',#5577,#5427,#6572,.T.);
#6572 = LINE('',#6573,#6574);
#6573 = CARTESIAN_POINT('',(6.462230377286,-0.35,-0.540767924286));
#6574 = VECTOR('',#6575,1.);
#6575 = DIRECTION('',(0.,1.,3.330669073875E-16));
#6576 = ORIENTED_EDGE('',*,*,#5426,.T.);
#6577 = ORIENTED_EDGE('',*,*,#6578,.F.);
#6578 = EDGE_CURVE('',#5579,#5429,#6579,.T.);
#6579 = LINE('',#6580,#6581);
#6580 = CARTESIAN_POINT('',(6.725000733956,-0.35,-1.416669113186));
#6581 = VECTOR('',#6582,1.);
#6582 = DIRECTION('',(0.,1.,3.330669073875E-16));
#6583 = PLANE('',#6584);
#6584 = AXIS2_PLACEMENT_3D('',#6585,#6586,#6587);
#6585 = CARTESIAN_POINT('',(6.45,-0.35,-0.5));
#6586 = DIRECTION('',(-0.957826285221,9.570607158995E-17,-0.287347885566
    ));
#6587 = DIRECTION('',(0.287347885566,5.31700397722E-16,-0.957826285221)
  );
#6588 = ADVANCED_FACE('',(#6589),#6600,.F.);
#6589 = FACE_BOUND('',#6590,.F.);
#6590 = EDGE_LOOP('',(#6591,#6592,#6598,#6599));
#6591 = ORIENTED_EDGE('',*,*,#5711,.T.);
#6592 = ORIENTED_EDGE('',*,*,#6593,.T.);
#6593 = EDGE_CURVE('',#5704,#5554,#6594,.T.);
#6594 = LINE('',#6595,#6596);
#6595 = CARTESIAN_POINT('',(6.45,-0.35,-0.457437037472));
#6596 = VECTOR('',#6597,1.);
#6597 = DIRECTION('',(0.,1.,3.330669073875E-16));
#6598 = ORIENTED_EDGE('',*,*,#5561,.F.);
#6599 = ORIENTED_EDGE('',*,*,#6571,.F.);
#6600 = CYLINDRICAL_SURFACE('',#6601,0.29);
#6601 = AXIS2_PLACEMENT_3D('',#6602,#6603,#6604);
#6602 = CARTESIAN_POINT('',(6.74,-0.35,-0.457437037472));
#6603 = DIRECTION('',(0.,1.,3.330669073875E-16));
#6604 = DIRECTION('',(-0.957826285221,9.570607158983E-17,-0.287347885566
    ));
#6605 = ADVANCED_FACE('',(#6606),#6617,.T.);
#6606 = FACE_BOUND('',#6607,.T.);
#6607 = EDGE_LOOP('',(#6608,#6609,#6615,#6616));
#6608 = ORIENTED_EDGE('',*,*,#5586,.T.);
#6609 = ORIENTED_EDGE('',*,*,#6610,.T.);
#6610 = EDGE_CURVE('',#5587,#5437,#6611,.T.);
#6611 = LINE('',#6612,#6613);
#6612 = CARTESIAN_POINT('',(6.725000733956,-0.35,-1.583330886814));
#6613 = VECTOR('',#6614,1.);
#6614 = DIRECTION('',(0.,1.,3.330669073875E-16));
#6615 = ORIENTED_EDGE('',*,*,#5436,.F.);
#6616 = ORIENTED_EDGE('',*,*,#6578,.F.);
#6617 = CYLINDRICAL_SURFACE('',#6618,0.29);
#6618 = AXIS2_PLACEMENT_3D('',#6619,#6620,#6621);
#6619 = CARTESIAN_POINT('',(6.447231111242,-0.35,-1.5));
#6620 = DIRECTION('',(0.,1.,3.330669073875E-16));
#6621 = DIRECTION('',(0.957826285221,-9.570607158983E-17,0.287347885566)
  );
#6622 = ADVANCED_FACE('',(#6623),#6634,.T.);
#6623 = FACE_BOUND('',#6624,.T.);
#6624 = EDGE_LOOP('',(#6625,#6626,#6627,#6628));
#6625 = ORIENTED_EDGE('',*,*,#5703,.F.);
#6626 = ORIENTED_EDGE('',*,*,#6593,.T.);
#6627 = ORIENTED_EDGE('',*,*,#5553,.T.);
#6628 = ORIENTED_EDGE('',*,*,#6629,.F.);
#6629 = EDGE_CURVE('',#5695,#5545,#6630,.T.);
#6630 = LINE('',#6631,#6632);
#6631 = CARTESIAN_POINT('',(6.45,-0.35,1.21));
#6632 = VECTOR('',#6633,1.);
#6633 = DIRECTION('',(0.,1.,3.330669073875E-16));
#6634 = PLANE('',#6635);
#6635 = AXIS2_PLACEMENT_3D('',#6636,#6637,#6638);
#6636 = CARTESIAN_POINT('',(6.45,-0.35,-0.5));
#6637 = DIRECTION('',(1.,0.,0.));
#6638 = DIRECTION('',(0.,-5.551115123126E-16,1.));
#6639 = ADVANCED_FACE('',(#6640),#6651,.F.);
#6640 = FACE_BOUND('',#6641,.F.);
#6641 = EDGE_LOOP('',(#6642,#6643,#6644,#6645));
#6642 = ORIENTED_EDGE('',*,*,#5595,.F.);
#6643 = ORIENTED_EDGE('',*,*,#6610,.T.);
#6644 = ORIENTED_EDGE('',*,*,#5445,.T.);
#6645 = ORIENTED_EDGE('',*,*,#6646,.F.);
#6646 = EDGE_CURVE('',#5596,#5446,#6647,.T.);
#6647 = LINE('',#6648,#6649);
#6648 = CARTESIAN_POINT('',(6.462230377286,-0.35,-2.459232075714));
#6649 = VECTOR('',#6650,1.);
#6650 = DIRECTION('',(0.,1.,3.330669073875E-16));
#6651 = PLANE('',#6652);
#6652 = AXIS2_PLACEMENT_3D('',#6653,#6654,#6655);
#6653 = CARTESIAN_POINT('',(6.75,-0.35,-1.5));
#6654 = DIRECTION('',(-0.957826285221,-9.570607158995E-17,0.287347885566
    ));
#6655 = DIRECTION('',(-0.287347885566,5.31700397722E-16,-0.957826285221)
  );
#6656 = ADVANCED_FACE('',(#6657),#6663,.T.);
#6657 = FACE_BOUND('',#6658,.T.);
#6658 = EDGE_LOOP('',(#6659,#6660,#6661,#6662));
#6659 = ORIENTED_EDGE('',*,*,#6629,.T.);
#6660 = ORIENTED_EDGE('',*,*,#5544,.T.);
#6661 = ORIENTED_EDGE('',*,*,#5727,.F.);
#6662 = ORIENTED_EDGE('',*,*,#5694,.F.);
#6663 = CYLINDRICAL_SURFACE('',#6664,0.29);
#6664 = AXIS2_PLACEMENT_3D('',#6665,#6666,#6667);
#6665 = CARTESIAN_POINT('',(6.16,-0.35,1.21));
#6666 = DIRECTION('',(0.,1.,3.330669073875E-16));
#6667 = DIRECTION('',(1.,0.,-0.));
#6668 = ADVANCED_FACE('',(#6669),#6680,.F.);
#6669 = FACE_BOUND('',#6670,.F.);
#6670 = EDGE_LOOP('',(#6671,#6672,#6673,#6674));
#6671 = ORIENTED_EDGE('',*,*,#5603,.T.);
#6672 = ORIENTED_EDGE('',*,*,#6646,.T.);
#6673 = ORIENTED_EDGE('',*,*,#5453,.F.);
#6674 = ORIENTED_EDGE('',*,*,#6675,.F.);
#6675 = EDGE_CURVE('',#5604,#5454,#6676,.T.);
#6676 = LINE('',#6677,#6678);
#6677 = CARTESIAN_POINT('',(6.45,-0.35,-2.542562962528));
#6678 = VECTOR('',#6679,1.);
#6679 = DIRECTION('',(0.,1.,3.330669073875E-16));
#6680 = CYLINDRICAL_SURFACE('',#6681,0.29);
#6681 = AXIS2_PLACEMENT_3D('',#6682,#6683,#6684);
#6682 = CARTESIAN_POINT('',(6.74,-0.35,-2.542562962528));
#6683 = DIRECTION('',(0.,1.,3.330669073875E-16));
#6684 = DIRECTION('',(-1.,0.,0.));
#6685 = ADVANCED_FACE('',(#6686),#6697,.T.);
#6686 = FACE_BOUND('',#6687,.T.);
#6687 = EDGE_LOOP('',(#6688,#6689,#6695,#6696));
#6688 = ORIENTED_EDGE('',*,*,#5612,.F.);
#6689 = ORIENTED_EDGE('',*,*,#6690,.T.);
#6690 = EDGE_CURVE('',#5613,#5463,#6691,.T.);
#6691 = LINE('',#6692,#6693);
#6692 = CARTESIAN_POINT('',(6.45,-0.35,-3.5));
#6693 = VECTOR('',#6694,1.);
#6694 = DIRECTION('',(0.,1.,3.330669073875E-16));
#6695 = ORIENTED_EDGE('',*,*,#5462,.T.);
#6696 = ORIENTED_EDGE('',*,*,#6675,.F.);
#6697 = PLANE('',#6698);
#6698 = AXIS2_PLACEMENT_3D('',#6699,#6700,#6701);
#6699 = CARTESIAN_POINT('',(6.45,-0.35,-3.5));
#6700 = DIRECTION('',(1.,0.,0.));
#6701 = DIRECTION('',(0.,-5.551115123126E-16,1.));
#6702 = ADVANCED_FACE('',(#6703),#6714,.T.);
#6703 = FACE_BOUND('',#6704,.T.);
#6704 = EDGE_LOOP('',(#6705,#6711,#6712,#6713));
#6705 = ORIENTED_EDGE('',*,*,#6706,.T.);
#6706 = EDGE_CURVE('',#5621,#5471,#6707,.T.);
#6707 = LINE('',#6708,#6709);
#6708 = CARTESIAN_POINT('',(6.15,-0.35,-3.5));
#6709 = VECTOR('',#6710,1.);
#6710 = DIRECTION('',(0.,1.,3.330669073875E-16));
#6711 = ORIENTED_EDGE('',*,*,#5470,.T.);
#6712 = ORIENTED_EDGE('',*,*,#6690,.F.);
#6713 = ORIENTED_EDGE('',*,*,#5620,.F.);
#6714 = PLANE('',#6715);
#6715 = AXIS2_PLACEMENT_3D('',#6716,#6717,#6718);
#6716 = CARTESIAN_POINT('',(6.15,-0.35,-3.5));
#6717 = DIRECTION('',(0.,3.330669073875E-16,-1.));
#6718 = DIRECTION('',(1.,0.,0.));
#6719 = ADVANCED_FACE('',(#6720),#6731,.T.);
#6720 = FACE_BOUND('',#6721,.T.);
#6721 = EDGE_LOOP('',(#6722,#6723,#6729,#6730));
#6722 = ORIENTED_EDGE('',*,*,#5628,.F.);
#6723 = ORIENTED_EDGE('',*,*,#6724,.T.);
#6724 = EDGE_CURVE('',#5629,#5479,#6725,.T.);
#6725 = LINE('',#6726,#6727);
#6726 = CARTESIAN_POINT('',(6.15,-0.35,-2.542562962528));
#6727 = VECTOR('',#6728,1.);
#6728 = DIRECTION('',(0.,1.,3.330669073875E-16));
#6729 = ORIENTED_EDGE('',*,*,#5478,.T.);
#6730 = ORIENTED_EDGE('',*,*,#6706,.F.);
#6731 = PLANE('',#6732);
#6732 = AXIS2_PLACEMENT_3D('',#6733,#6734,#6735);
#6733 = CARTESIAN_POINT('',(6.15,-0.35,-2.5));
#6734 = DIRECTION('',(-1.,0.,-0.));
#6735 = DIRECTION('',(0.,5.551115123126E-16,-1.));
#6736 = ADVANCED_FACE('',(#6737),#6748,.T.);
#6737 = FACE_BOUND('',#6738,.T.);
#6738 = EDGE_LOOP('',(#6739,#6740,#6741,#6747));
#6739 = ORIENTED_EDGE('',*,*,#5806,.T.);
#6740 = ORIENTED_EDGE('',*,*,#5520,.T.);
#6741 = ORIENTED_EDGE('',*,*,#6742,.F.);
#6742 = EDGE_CURVE('',#5663,#5513,#6743,.T.);
#6743 = LINE('',#6744,#6745);
#6744 = CARTESIAN_POINT('',(6.162230377286,-0.35,-0.540767924286));
#6745 = VECTOR('',#6746,1.);
#6746 = DIRECTION('',(0.,1.,3.330669073875E-16));
#6747 = ORIENTED_EDGE('',*,*,#5670,.F.);
#6748 = CYLINDRICAL_SURFACE('',#6749,0.29);
#6749 = AXIS2_PLACEMENT_3D('',#6750,#6751,#6752);
#6750 = CARTESIAN_POINT('',(6.44,-0.35,-0.457437037472));
#6751 = DIRECTION('',(0.,1.,3.330669073875E-16));
#6752 = DIRECTION('',(-1.,0.,0.));
#6753 = ADVANCED_FACE('',(#6754),#6765,.T.);
#6754 = FACE_BOUND('',#6755,.T.);
#6755 = EDGE_LOOP('',(#6756,#6762,#6763,#6764));
#6756 = ORIENTED_EDGE('',*,*,#6757,.T.);
#6757 = EDGE_CURVE('',#5637,#5487,#6758,.T.);
#6758 = LINE('',#6759,#6760);
#6759 = CARTESIAN_POINT('',(6.162230377286,-0.35,-2.459232075714));
#6760 = VECTOR('',#6761,1.);
#6761 = DIRECTION('',(0.,1.,3.330669073875E-16));
#6762 = ORIENTED_EDGE('',*,*,#5486,.T.);
#6763 = ORIENTED_EDGE('',*,*,#6724,.F.);
#6764 = ORIENTED_EDGE('',*,*,#5636,.F.);
#6765 = CYLINDRICAL_SURFACE('',#6766,0.29);
#6766 = AXIS2_PLACEMENT_3D('',#6767,#6768,#6769);
#6767 = CARTESIAN_POINT('',(6.44,-0.35,-2.542562962528));
#6768 = DIRECTION('',(0.,1.,3.330669073875E-16));
#6769 = DIRECTION('',(-0.957826285221,-9.570607158983E-17,0.287347885566
    ));
#6770 = ADVANCED_FACE('',(#6771),#6782,.F.);
#6771 = FACE_BOUND('',#6772,.F.);
#6772 = EDGE_LOOP('',(#6773,#6774,#6780,#6781));
#6773 = ORIENTED_EDGE('',*,*,#5662,.F.);
#6774 = ORIENTED_EDGE('',*,*,#6775,.T.);
#6775 = EDGE_CURVE('',#5654,#5504,#6776,.T.);
#6776 = LINE('',#6777,#6778);
#6777 = CARTESIAN_POINT('',(6.425000733956,-0.35,-1.416669113186));
#6778 = VECTOR('',#6779,1.);
#6779 = DIRECTION('',(0.,1.,3.330669073875E-16));
#6780 = ORIENTED_EDGE('',*,*,#5512,.T.);
#6781 = ORIENTED_EDGE('',*,*,#6742,.F.);
#6782 = PLANE('',#6783);
#6783 = AXIS2_PLACEMENT_3D('',#6784,#6785,#6786);
#6784 = CARTESIAN_POINT('',(6.45,-0.35,-1.5));
#6785 = DIRECTION('',(0.957826285221,-9.570607158995E-17,0.287347885566)
  );
#6786 = DIRECTION('',(-0.287347885566,-5.31700397722E-16,0.957826285221)
  );
#6787 = ADVANCED_FACE('',(#6788),#6799,.F.);
#6788 = FACE_BOUND('',#6789,.F.);
#6789 = EDGE_LOOP('',(#6790,#6791,#6792,#6793));
#6790 = ORIENTED_EDGE('',*,*,#5645,.F.);
#6791 = ORIENTED_EDGE('',*,*,#6757,.T.);
#6792 = ORIENTED_EDGE('',*,*,#5495,.T.);
#6793 = ORIENTED_EDGE('',*,*,#6794,.F.);
#6794 = EDGE_CURVE('',#5646,#5496,#6795,.T.);
#6795 = LINE('',#6796,#6797);
#6796 = CARTESIAN_POINT('',(6.425000733956,-0.35,-1.583330886814));
#6797 = VECTOR('',#6798,1.);
#6798 = DIRECTION('',(0.,1.,3.330669073875E-16));
#6799 = PLANE('',#6800);
#6800 = AXIS2_PLACEMENT_3D('',#6801,#6802,#6803);
#6801 = CARTESIAN_POINT('',(6.15,-0.35,-2.5));
#6802 = DIRECTION('',(0.957826285221,9.570607158995E-17,-0.287347885566)
  );
#6803 = DIRECTION('',(0.287347885566,-5.31700397722E-16,0.957826285221)
  );
#6804 = ADVANCED_FACE('',(#6805),#6811,.F.);
#6805 = FACE_BOUND('',#6806,.F.);
#6806 = EDGE_LOOP('',(#6807,#6808,#6809,#6810));
#6807 = ORIENTED_EDGE('',*,*,#5653,.T.);
#6808 = ORIENTED_EDGE('',*,*,#6794,.T.);
#6809 = ORIENTED_EDGE('',*,*,#5503,.F.);
#6810 = ORIENTED_EDGE('',*,*,#6775,.F.);
#6811 = CYLINDRICAL_SURFACE('',#6812,0.29);
#6812 = AXIS2_PLACEMENT_3D('',#6813,#6814,#6815);
#6813 = CARTESIAN_POINT('',(6.147231111242,-0.35,-1.5));
#6814 = DIRECTION('',(0.,1.,3.330669073875E-16));
#6815 = DIRECTION('',(0.957826285221,-9.570607158983E-17,0.287347885566)
  );
#6816 = ( GEOMETRIC_REPRESENTATION_CONTEXT(3) 
GLOBAL_UNCERTAINTY_ASSIGNED_CONTEXT((#6820)) 
GLOBAL_UNIT_ASSIGNED_CONTEXT((#6817,#6818,#6819)) REPRESENTATION_CONTEXT
('Context #1','3D Context with UNIT and UNCERTAINTY') );
#6817 = ( LENGTH_UNIT() NAMED_UNIT(*) SI_UNIT(.MILLI.,.METRE.) );
#6818 = ( NAMED_UNIT(*) PLANE_ANGLE_UNIT() SI_UNIT($,.RADIAN.) );
#6819 = ( NAMED_UNIT(*) SI_UNIT($,.STERADIAN.) SOLID_ANGLE_UNIT() );
#6820 = UNCERTAINTY_MEASURE_WITH_UNIT(LENGTH_MEASURE(1.E-07),#6817,
  'distance_accuracy_value','confusion accuracy');
#6821 = CONTEXT_DEPENDENT_SHAPE_REPRESENTATION(#6822,#6824);
#6822 = ( REPRESENTATION_RELATIONSHIP('','',#3586,#3563) 
REPRESENTATION_RELATIONSHIP_WITH_TRANSFORMATION(#6823) 
SHAPE_REPRESENTATION_RELATIONSHIP() );
#6823 = ITEM_DEFINED_TRANSFORMATION('','',#11,#3564);
#6824 = PRODUCT_DEFINITION_SHAPE('Placement','Placement of an item',
  #6825);
#6825 = NEXT_ASSEMBLY_USAGE_OCCURRENCE('7','=>[0:1:1:9]','',#3558,#3581,
  $);
#6826 = PRODUCT_RELATED_PRODUCT_CATEGORY('part',$,(#3583));
#6827 = CONTEXT_DEPENDENT_SHAPE_REPRESENTATION(#6828,#6830);
#6828 = ( REPRESENTATION_RELATIONSHIP('','',#2089,#10) 
REPRESENTATION_RELATIONSHIP_WITH_TRANSFORMATION(#6829) 
SHAPE_REPRESENTATION_RELATIONSHIP() );
#6829 = ITEM_DEFINED_TRANSFORMATION('','',#11,#31);
#6830 = PRODUCT_DEFINITION_SHAPE('Placement','Placement of an item',
  #6831);
#6831 = NEXT_ASSEMBLY_USAGE_OCCURRENCE('9','','',#5,#2084,$);
#6832 = CONTEXT_DEPENDENT_SHAPE_REPRESENTATION(#6833,#6835);
#6833 = ( REPRESENTATION_RELATIONSHIP('','',#1660,#10) 
REPRESENTATION_RELATIONSHIP_WITH_TRANSFORMATION(#6834) 
SHAPE_REPRESENTATION_RELATIONSHIP() );
#6834 = ITEM_DEFINED_TRANSFORMATION('','',#11,#35);
#6835 = PRODUCT_DEFINITION_SHAPE('Placement','Placement of an item',
  #6836);
#6836 = NEXT_ASSEMBLY_USAGE_OCCURRENCE('10','','',#5,#1655,$);
#6837 = CONTEXT_DEPENDENT_SHAPE_REPRESENTATION(#6838,#6840);
#6838 = ( REPRESENTATION_RELATIONSHIP('','',#2089,#10) 
REPRESENTATION_RELATIONSHIP_WITH_TRANSFORMATION(#6839) 
SHAPE_REPRESENTATION_RELATIONSHIP() );
#6839 = ITEM_DEFINED_TRANSFORMATION('','',#11,#39);
#6840 = PRODUCT_DEFINITION_SHAPE('Placement','Placement of an item',
  #6841);
#6841 = NEXT_ASSEMBLY_USAGE_OCCURRENCE('11','','',#5,#2084,$);
#6842 = CONTEXT_DEPENDENT_SHAPE_REPRESENTATION(#6843,#6845);
#6843 = ( REPRESENTATION_RELATIONSHIP('','',#2089,#10) 
REPRESENTATION_RELATIONSHIP_WITH_TRANSFORMATION(#6844) 
SHAPE_REPRESENTATION_RELATIONSHIP() );
#6844 = ITEM_DEFINED_TRANSFORMATION('','',#11,#43);
#6845 = PRODUCT_DEFINITION_SHAPE('Placement','Placement of an item',
  #6846);
#6846 = NEXT_ASSEMBLY_USAGE_OCCURRENCE('12','','',#5,#2084,$);
#6847 = CONTEXT_DEPENDENT_SHAPE_REPRESENTATION(#6848,#6850);
#6848 = ( REPRESENTATION_RELATIONSHIP('','',#1660,#10) 
REPRESENTATION_RELATIONSHIP_WITH_TRANSFORMATION(#6849) 
SHAPE_REPRESENTATION_RELATIONSHIP() );
#6849 = ITEM_DEFINED_TRANSFORMATION('','',#11,#47);
#6850 = PRODUCT_DEFINITION_SHAPE('Placement','Placement of an item',
  #6851);
#6851 = NEXT_ASSEMBLY_USAGE_OCCURRENCE('13','','',#5,#1655,$);
#6852 = SHAPE_DEFINITION_REPRESENTATION(#6853,#6859);
#6853 = PRODUCT_DEFINITION_SHAPE('','',#6854);
#6854 = PRODUCT_DEFINITION('design','',#6855,#6858);
#6855 = PRODUCT_DEFINITION_FORMATION('','',#6856);
#6856 = PRODUCT('TO-92_Inline','TO-92_Inline','',(#6857));
#6857 = PRODUCT_CONTEXT('',#2,'mechanical');
#6858 = PRODUCT_DEFINITION_CONTEXT('part definition',#2,'design');
#6859 = SHAPE_REPRESENTATION('',(#11,#6860),#6864);
#6860 = AXIS2_PLACEMENT_3D('',#6861,#6862,#6863);
#6861 = CARTESIAN_POINT('',(0.,0.,0.));
#6862 = DIRECTION('',(0.,0.,1.));
#6863 = DIRECTION('',(1.,0.,-0.));
#6864 = ( GEOMETRIC_REPRESENTATION_CONTEXT(3) 
GLOBAL_UNCERTAINTY_ASSIGNED_CONTEXT((#6868)) 
GLOBAL_UNIT_ASSIGNED_CONTEXT((#6865,#6866,#6867)) REPRESENTATION_CONTEXT
('Context #1','3D Context with UNIT and UNCERTAINTY') );
#6865 = ( LENGTH_UNIT() NAMED_UNIT(*) SI_UNIT(.MILLI.,.METRE.) );
#6866 = ( NAMED_UNIT(*) PLANE_ANGLE_UNIT() SI_UNIT($,.RADIAN.) );
#6867 = ( NAMED_UNIT(*) SI_UNIT($,.STERADIAN.) SOLID_ANGLE_UNIT() );
#6868 = UNCERTAINTY_MEASURE_WITH_UNIT(LENGTH_MEASURE(1.E-07),#6865,
  'distance_accuracy_value','confusion accuracy');
#6869 = CONTEXT_DEPENDENT_SHAPE_REPRESENTATION(#6870,#6872);
#6870 = ( REPRESENTATION_RELATIONSHIP('','',#6859,#10) 
REPRESENTATION_RELATIONSHIP_WITH_TRANSFORMATION(#6871) 
SHAPE_REPRESENTATION_RELATIONSHIP() );
#6871 = ITEM_DEFINED_TRANSFORMATION('','',#11,#51);
#6872 = PRODUCT_DEFINITION_SHAPE('Placement','Placement of an item',
  #6873);
#6873 = NEXT_ASSEMBLY_USAGE_OCCURRENCE('15','','',#5,#6854,$);
#6874 = PRODUCT_RELATED_PRODUCT_CATEGORY('part',$,(#6856));
#6875 = SHAPE_DEFINITION_REPRESENTATION(#6876,#6882);
#6876 = PRODUCT_DEFINITION_SHAPE('','',#6877);
#6877 = PRODUCT_DEFINITION('design','',#6878,#6881);
#6878 = PRODUCT_DEFINITION_FORMATION('','',#6879);
#6879 = PRODUCT('TO-92_Inline_Narrow','TO-92_Inline_Narrow','',(#6880));
#6880 = PRODUCT_CONTEXT('',#2,'mechanical');
#6881 = PRODUCT_DEFINITION_CONTEXT('part definition',#2,'design');
#6882 = ADVANCED_BREP_SHAPE_REPRESENTATION('',(#11,#6883),#7395);
#6883 = MANIFOLD_SOLID_BREP('',#6884);
#6884 = CLOSED_SHELL('',(#6885,#6925,#6949,#7061,#7071,#7102,#7126,#7150
    ,#7167,#7198,#7222,#7246,#7263,#7294,#7318,#7342,#7359,#7371,#7383)
  );
#6885 = ADVANCED_FACE('',(#6886),#6920,.F.);
#6886 = FACE_BOUND('',#6887,.F.);
#6887 = EDGE_LOOP('',(#6888,#6898,#6906,#6914));
#6888 = ORIENTED_EDGE('',*,*,#6889,.T.);
#6889 = EDGE_CURVE('',#6890,#6892,#6894,.T.);
#6890 = VERTEX_POINT('',#6891);
#6891 = CARTESIAN_POINT('',(-0.745769083998,-1.33,2.5));
#6892 = VERTEX_POINT('',#6893);
#6893 = CARTESIAN_POINT('',(-0.745769083998,-1.33,7.3));
#6894 = LINE('',#6895,#6896);
#6895 = CARTESIAN_POINT('',(-0.745769083998,-1.33,2.5));
#6896 = VECTOR('',#6897,1.);
#6897 = DIRECTION('',(0.,0.,1.));
#6898 = ORIENTED_EDGE('',*,*,#6899,.T.);
#6899 = EDGE_CURVE('',#6892,#6900,#6902,.T.);
#6900 = VERTEX_POINT('',#6901);
#6901 = CARTESIAN_POINT('',(3.285769083998,-1.33,7.3));
#6902 = LINE('',#6903,#6904);
#6903 = CARTESIAN_POINT('',(-0.745769083998,-1.33,7.3));
#6904 = VECTOR('',#6905,1.);
#6905 = DIRECTION('',(1.,0.,0.));
#6906 = ORIENTED_EDGE('',*,*,#6907,.F.);
#6907 = EDGE_CURVE('',#6908,#6900,#6910,.T.);
#6908 = VERTEX_POINT('',#6909);
#6909 = CARTESIAN_POINT('',(3.285769083998,-1.33,2.5));
#6910 = LINE('',#6911,#6912);
#6911 = CARTESIAN_POINT('',(3.285769083998,-1.33,2.5));
#6912 = VECTOR('',#6913,1.);
#6913 = DIRECTION('',(0.,0.,1.));
#6914 = ORIENTED_EDGE('',*,*,#6915,.F.);
#6915 = EDGE_CURVE('',#6890,#6908,#6916,.T.);
#6916 = LINE('',#6917,#6918);
#6917 = CARTESIAN_POINT('',(-0.745769083998,-1.33,2.5));
#6918 = VECTOR('',#6919,1.);
#6919 = DIRECTION('',(1.,0.,0.));
#6920 = PLANE('',#6921);
#6921 = AXIS2_PLACEMENT_3D('',#6922,#6923,#6924);
#6922 = CARTESIAN_POINT('',(-0.745769083998,-1.33,2.5));
#6923 = DIRECTION('',(0.,1.,0.));
#6924 = DIRECTION('',(1.,0.,0.));
#6925 = ADVANCED_FACE('',(#6926),#6944,.T.);
#6926 = FACE_BOUND('',#6927,.T.);
#6927 = EDGE_LOOP('',(#6928,#6935,#6936,#6943));
#6928 = ORIENTED_EDGE('',*,*,#6929,.T.);
#6929 = EDGE_CURVE('',#6908,#6890,#6930,.T.);
#6930 = CIRCLE('',#6931,2.415);
#6931 = AXIS2_PLACEMENT_3D('',#6932,#6933,#6934);
#6932 = CARTESIAN_POINT('',(1.27,0.,2.5));
#6933 = DIRECTION('',(0.,0.,1.));
#6934 = DIRECTION('',(1.,0.,-0.));
#6935 = ORIENTED_EDGE('',*,*,#6889,.T.);
#6936 = ORIENTED_EDGE('',*,*,#6937,.F.);
#6937 = EDGE_CURVE('',#6900,#6892,#6938,.T.);
#6938 = CIRCLE('',#6939,2.415);
#6939 = AXIS2_PLACEMENT_3D('',#6940,#6941,#6942);
#6940 = CARTESIAN_POINT('',(1.27,0.,7.3));
#6941 = DIRECTION('',(0.,0.,1.));
#6942 = DIRECTION('',(1.,0.,-0.));
#6943 = ORIENTED_EDGE('',*,*,#6907,.F.);
#6944 = CYLINDRICAL_SURFACE('',#6945,2.415);
#6945 = AXIS2_PLACEMENT_3D('',#6946,#6947,#6948);
#6946 = CARTESIAN_POINT('',(1.27,0.,2.5));
#6947 = DIRECTION('',(-0.,-0.,-1.));
#6948 = DIRECTION('',(1.,0.,0.));
#6949 = ADVANCED_FACE('',(#6950,#6954,#6988,#7022),#7056,.T.);
#6950 = FACE_BOUND('',#6951,.T.);
#6951 = EDGE_LOOP('',(#6952,#6953));
#6952 = ORIENTED_EDGE('',*,*,#6915,.F.);
#6953 = ORIENTED_EDGE('',*,*,#6929,.F.);
#6954 = FACE_BOUND('',#6955,.T.);
#6955 = EDGE_LOOP('',(#6956,#6966,#6974,#6982));
#6956 = ORIENTED_EDGE('',*,*,#6957,.F.);
#6957 = EDGE_CURVE('',#6958,#6960,#6962,.T.);
#6958 = VERTEX_POINT('',#6959);
#6959 = CARTESIAN_POINT('',(1.51,-0.19,2.5));
#6960 = VERTEX_POINT('',#6961);
#6961 = CARTESIAN_POINT('',(1.03,-0.19,2.5));
#6962 = LINE('',#6963,#6964);
#6963 = CARTESIAN_POINT('',(1.51,-0.19,2.5));
#6964 = VECTOR('',#6965,1.);
#6965 = DIRECTION('',(-1.,0.,0.));
#6966 = ORIENTED_EDGE('',*,*,#6967,.F.);
#6967 = EDGE_CURVE('',#6968,#6958,#6970,.T.);
#6968 = VERTEX_POINT('',#6969);
#6969 = CARTESIAN_POINT('',(1.51,0.19,2.5));
#6970 = LINE('',#6971,#6972);
#6971 = CARTESIAN_POINT('',(1.51,0.19,2.5));
#6972 = VECTOR('',#6973,1.);
#6973 = DIRECTION('',(0.,-1.,0.));
#6974 = ORIENTED_EDGE('',*,*,#6975,.F.);
#6975 = EDGE_CURVE('',#6976,#6968,#6978,.T.);
#6976 = VERTEX_POINT('',#6977);
#6977 = CARTESIAN_POINT('',(1.03,0.19,2.5));
#6978 = LINE('',#6979,#6980);
#6979 = CARTESIAN_POINT('',(1.03,0.19,2.5));
#6980 = VECTOR('',#6981,1.);
#6981 = DIRECTION('',(1.,0.,0.));
#6982 = ORIENTED_EDGE('',*,*,#6983,.F.);
#6983 = EDGE_CURVE('',#6960,#6976,#6984,.T.);
#6984 = LINE('',#6985,#6986);
#6985 = CARTESIAN_POINT('',(1.03,-0.19,2.5));
#6986 = VECTOR('',#6987,1.);
#6987 = DIRECTION('',(0.,1.,0.));
#6988 = FACE_BOUND('',#6989,.T.);
#6989 = EDGE_LOOP('',(#6990,#7000,#7008,#7016));
#6990 = ORIENTED_EDGE('',*,*,#6991,.F.);
#6991 = EDGE_CURVE('',#6992,#6994,#6996,.T.);
#6992 = VERTEX_POINT('',#6993);
#6993 = CARTESIAN_POINT('',(0.24,-0.19,2.5));
#6994 = VERTEX_POINT('',#6995);
#6995 = CARTESIAN_POINT('',(-0.24,-0.19,2.5));
#6996 = LINE('',#6997,#6998);
#6997 = CARTESIAN_POINT('',(0.24,-0.19,2.5));
#6998 = VECTOR('',#6999,1.);
#6999 = DIRECTION('',(-1.,0.,0.));
#7000 = ORIENTED_EDGE('',*,*,#7001,.F.);
#7001 = EDGE_CURVE('',#7002,#6992,#7004,.T.);
#7002 = VERTEX_POINT('',#7003);
#7003 = CARTESIAN_POINT('',(0.24,0.19,2.5));
#7004 = LINE('',#7005,#7006);
#7005 = CARTESIAN_POINT('',(0.24,0.19,2.5));
#7006 = VECTOR('',#7007,1.);
#7007 = DIRECTION('',(0.,-1.,0.));
#7008 = ORIENTED_EDGE('',*,*,#7009,.F.);
#7009 = EDGE_CURVE('',#7010,#7002,#7012,.T.);
#7010 = VERTEX_POINT('',#7011);
#7011 = CARTESIAN_POINT('',(-0.24,0.19,2.5));
#7012 = LINE('',#7013,#7014);
#7013 = CARTESIAN_POINT('',(-0.24,0.19,2.5));
#7014 = VECTOR('',#7015,1.);
#7015 = DIRECTION('',(1.,0.,0.));
#7016 = ORIENTED_EDGE('',*,*,#7017,.F.);
#7017 = EDGE_CURVE('',#6994,#7010,#7018,.T.);
#7018 = LINE('',#7019,#7020);
#7019 = CARTESIAN_POINT('',(-0.24,-0.19,2.5));
#7020 = VECTOR('',#7021,1.);
#7021 = DIRECTION('',(0.,1.,0.));
#7022 = FACE_BOUND('',#7023,.T.);
#7023 = EDGE_LOOP('',(#7024,#7034,#7042,#7050));
#7024 = ORIENTED_EDGE('',*,*,#7025,.F.);
#7025 = EDGE_CURVE('',#7026,#7028,#7030,.T.);
#7026 = VERTEX_POINT('',#7027);
#7027 = CARTESIAN_POINT('',(2.78,0.19,2.5));
#7028 = VERTEX_POINT('',#7029);
#7029 = CARTESIAN_POINT('',(2.78,-0.19,2.5));
#7030 = LINE('',#7031,#7032);
#7031 = CARTESIAN_POINT('',(2.78,0.19,2.5));
#7032 = VECTOR('',#7033,1.);
#7033 = DIRECTION('',(0.,-1.,0.));
#7034 = ORIENTED_EDGE('',*,*,#7035,.F.);
#7035 = EDGE_CURVE('',#7036,#7026,#7038,.T.);
#7036 = VERTEX_POINT('',#7037);
#7037 = CARTESIAN_POINT('',(2.3,0.19,2.5));
#7038 = LINE('',#7039,#7040);
#7039 = CARTESIAN_POINT('',(2.3,0.19,2.5));
#7040 = VECTOR('',#7041,1.);
#7041 = DIRECTION('',(1.,0.,0.));
#7042 = ORIENTED_EDGE('',*,*,#7043,.F.);
#7043 = EDGE_CURVE('',#7044,#7036,#7046,.T.);
#7044 = VERTEX_POINT('',#7045);
#7045 = CARTESIAN_POINT('',(2.3,-0.19,2.5));
#7046 = LINE('',#7047,#7048);
#7047 = CARTESIAN_POINT('',(2.3,-0.19,2.5));
#7048 = VECTOR('',#7049,1.);
#7049 = DIRECTION('',(0.,1.,0.));
#7050 = ORIENTED_EDGE('',*,*,#7051,.F.);
#7051 = EDGE_CURVE('',#7028,#7044,#7052,.T.);
#7052 = LINE('',#7053,#7054);
#7053 = CARTESIAN_POINT('',(2.78,-0.19,2.5));
#7054 = VECTOR('',#7055,1.);
#7055 = DIRECTION('',(-1.,0.,0.));
#7056 = PLANE('',#7057);
#7057 = AXIS2_PLACEMENT_3D('',#7058,#7059,#7060);
#7058 = CARTESIAN_POINT('',(-0.745769083998,-1.33,2.5));
#7059 = DIRECTION('',(0.,0.,-1.));
#7060 = DIRECTION('',(-1.,0.,0.));
#7061 = ADVANCED_FACE('',(#7062),#7066,.F.);
#7062 = FACE_BOUND('',#7063,.T.);
#7063 = EDGE_LOOP('',(#7064,#7065));
#7064 = ORIENTED_EDGE('',*,*,#6899,.T.);
#7065 = ORIENTED_EDGE('',*,*,#6937,.T.);
#7066 = PLANE('',#7067);
#7067 = AXIS2_PLACEMENT_3D('',#7068,#7069,#7070);
#7068 = CARTESIAN_POINT('',(-0.745769083998,-1.33,7.3));
#7069 = DIRECTION('',(0.,0.,-1.));
#7070 = DIRECTION('',(-1.,0.,0.));
#7071 = ADVANCED_FACE('',(#7072),#7097,.F.);
#7072 = FACE_BOUND('',#7073,.F.);
#7073 = EDGE_LOOP('',(#7074,#7082,#7090,#7096));
#7074 = ORIENTED_EDGE('',*,*,#7075,.T.);
#7075 = EDGE_CURVE('',#6958,#7076,#7078,.T.);
#7076 = VERTEX_POINT('',#7077);
#7077 = CARTESIAN_POINT('',(1.51,-0.19,-2.5));
#7078 = LINE('',#7079,#7080);
#7079 = CARTESIAN_POINT('',(1.51,-0.19,2.5));
#7080 = VECTOR('',#7081,1.);
#7081 = DIRECTION('',(-0.,-0.,-1.));
#7082 = ORIENTED_EDGE('',*,*,#7083,.T.);
#7083 = EDGE_CURVE('',#7076,#7084,#7086,.T.);
#7084 = VERTEX_POINT('',#7085);
#7085 = CARTESIAN_POINT('',(1.03,-0.19,-2.5));
#7086 = LINE('',#7087,#7088);
#7087 = CARTESIAN_POINT('',(1.51,-0.19,-2.5));
#7088 = VECTOR('',#7089,1.);
#7089 = DIRECTION('',(-1.,0.,0.));
#7090 = ORIENTED_EDGE('',*,*,#7091,.F.);
#7091 = EDGE_CURVE('',#6960,#7084,#7092,.T.);
#7092 = LINE('',#7093,#7094);
#7093 = CARTESIAN_POINT('',(1.03,-0.19,2.5));
#7094 = VECTOR('',#7095,1.);
#7095 = DIRECTION('',(-0.,-0.,-1.));
#7096 = ORIENTED_EDGE('',*,*,#6957,.F.);
#7097 = PLANE('',#7098);
#7098 = AXIS2_PLACEMENT_3D('',#7099,#7100,#7101);
#7099 = CARTESIAN_POINT('',(1.51,-0.19,2.5));
#7100 = DIRECTION('',(0.,1.,0.));
#7101 = DIRECTION('',(-1.,0.,0.));
#7102 = ADVANCED_FACE('',(#7103),#7121,.F.);
#7103 = FACE_BOUND('',#7104,.F.);
#7104 = EDGE_LOOP('',(#7105,#7106,#7114,#7120));
#7105 = ORIENTED_EDGE('',*,*,#7091,.T.);
#7106 = ORIENTED_EDGE('',*,*,#7107,.T.);
#7107 = EDGE_CURVE('',#7084,#7108,#7110,.T.);
#7108 = VERTEX_POINT('',#7109);
#7109 = CARTESIAN_POINT('',(1.03,0.19,-2.5));
#7110 = LINE('',#7111,#7112);
#7111 = CARTESIAN_POINT('',(1.03,-0.19,-2.5));
#7112 = VECTOR('',#7113,1.);
#7113 = DIRECTION('',(0.,1.,0.));
#7114 = ORIENTED_EDGE('',*,*,#7115,.F.);
#7115 = EDGE_CURVE('',#6976,#7108,#7116,.T.);
#7116 = LINE('',#7117,#7118);
#7117 = CARTESIAN_POINT('',(1.03,0.19,2.5));
#7118 = VECTOR('',#7119,1.);
#7119 = DIRECTION('',(-0.,-0.,-1.));
#7120 = ORIENTED_EDGE('',*,*,#6983,.F.);
#7121 = PLANE('',#7122);
#7122 = AXIS2_PLACEMENT_3D('',#7123,#7124,#7125);
#7123 = CARTESIAN_POINT('',(1.03,-0.19,2.5));
#7124 = DIRECTION('',(1.,0.,0.));
#7125 = DIRECTION('',(-0.,1.,0.));
#7126 = ADVANCED_FACE('',(#7127),#7145,.F.);
#7127 = FACE_BOUND('',#7128,.F.);
#7128 = EDGE_LOOP('',(#7129,#7130,#7138,#7144));
#7129 = ORIENTED_EDGE('',*,*,#7115,.T.);
#7130 = ORIENTED_EDGE('',*,*,#7131,.T.);
#7131 = EDGE_CURVE('',#7108,#7132,#7134,.T.);
#7132 = VERTEX_POINT('',#7133);
#7133 = CARTESIAN_POINT('',(1.51,0.19,-2.5));
#7134 = LINE('',#7135,#7136);
#7135 = CARTESIAN_POINT('',(1.03,0.19,-2.5));
#7136 = VECTOR('',#7137,1.);
#7137 = DIRECTION('',(1.,0.,0.));
#7138 = ORIENTED_EDGE('',*,*,#7139,.F.);
#7139 = EDGE_CURVE('',#6968,#7132,#7140,.T.);
#7140 = LINE('',#7141,#7142);
#7141 = CARTESIAN_POINT('',(1.51,0.19,2.5));
#7142 = VECTOR('',#7143,1.);
#7143 = DIRECTION('',(-0.,-0.,-1.));
#7144 = ORIENTED_EDGE('',*,*,#6975,.F.);
#7145 = PLANE('',#7146);
#7146 = AXIS2_PLACEMENT_3D('',#7147,#7148,#7149);
#7147 = CARTESIAN_POINT('',(1.03,0.19,2.5));
#7148 = DIRECTION('',(0.,-1.,0.));
#7149 = DIRECTION('',(1.,0.,0.));
#7150 = ADVANCED_FACE('',(#7151),#7162,.F.);
#7151 = FACE_BOUND('',#7152,.F.);
#7152 = EDGE_LOOP('',(#7153,#7154,#7160,#7161));
#7153 = ORIENTED_EDGE('',*,*,#7139,.T.);
#7154 = ORIENTED_EDGE('',*,*,#7155,.T.);
#7155 = EDGE_CURVE('',#7132,#7076,#7156,.T.);
#7156 = LINE('',#7157,#7158);
#7157 = CARTESIAN_POINT('',(1.51,0.19,-2.5));
#7158 = VECTOR('',#7159,1.);
#7159 = DIRECTION('',(0.,-1.,0.));
#7160 = ORIENTED_EDGE('',*,*,#7075,.F.);
#7161 = ORIENTED_EDGE('',*,*,#6967,.F.);
#7162 = PLANE('',#7163);
#7163 = AXIS2_PLACEMENT_3D('',#7164,#7165,#7166);
#7164 = CARTESIAN_POINT('',(1.51,0.19,2.5));
#7165 = DIRECTION('',(-1.,0.,0.));
#7166 = DIRECTION('',(0.,-1.,0.));
#7167 = ADVANCED_FACE('',(#7168),#7193,.F.);
#7168 = FACE_BOUND('',#7169,.F.);
#7169 = EDGE_LOOP('',(#7170,#7178,#7186,#7192));
#7170 = ORIENTED_EDGE('',*,*,#7171,.T.);
#7171 = EDGE_CURVE('',#6992,#7172,#7174,.T.);
#7172 = VERTEX_POINT('',#7173);
#7173 = CARTESIAN_POINT('',(0.24,-0.19,-2.5));
#7174 = LINE('',#7175,#7176);
#7175 = CARTESIAN_POINT('',(0.24,-0.19,2.5));
#7176 = VECTOR('',#7177,1.);
#7177 = DIRECTION('',(-0.,-0.,-1.));
#7178 = ORIENTED_EDGE('',*,*,#7179,.T.);
#7179 = EDGE_CURVE('',#7172,#7180,#7182,.T.);
#7180 = VERTEX_POINT('',#7181);
#7181 = CARTESIAN_POINT('',(-0.24,-0.19,-2.5));
#7182 = LINE('',#7183,#7184);
#7183 = CARTESIAN_POINT('',(0.24,-0.19,-2.5));
#7184 = VECTOR('',#7185,1.);
#7185 = DIRECTION('',(-1.,0.,0.));
#7186 = ORIENTED_EDGE('',*,*,#7187,.F.);
#7187 = EDGE_CURVE('',#6994,#7180,#7188,.T.);
#7188 = LINE('',#7189,#7190);
#7189 = CARTESIAN_POINT('',(-0.24,-0.19,2.5));
#7190 = VECTOR('',#7191,1.);
#7191 = DIRECTION('',(-0.,-0.,-1.));
#7192 = ORIENTED_EDGE('',*,*,#6991,.F.);
#7193 = PLANE('',#7194);
#7194 = AXIS2_PLACEMENT_3D('',#7195,#7196,#7197);
#7195 = CARTESIAN_POINT('',(0.24,-0.19,2.5));
#7196 = DIRECTION('',(0.,1.,0.));
#7197 = DIRECTION('',(-1.,0.,0.));
#7198 = ADVANCED_FACE('',(#7199),#7217,.F.);
#7199 = FACE_BOUND('',#7200,.F.);
#7200 = EDGE_LOOP('',(#7201,#7202,#7210,#7216));
#7201 = ORIENTED_EDGE('',*,*,#7187,.T.);
#7202 = ORIENTED_EDGE('',*,*,#7203,.T.);
#7203 = EDGE_CURVE('',#7180,#7204,#7206,.T.);
#7204 = VERTEX_POINT('',#7205);
#7205 = CARTESIAN_POINT('',(-0.24,0.19,-2.5));
#7206 = LINE('',#7207,#7208);
#7207 = CARTESIAN_POINT('',(-0.24,-0.19,-2.5));
#7208 = VECTOR('',#7209,1.);
#7209 = DIRECTION('',(0.,1.,0.));
#7210 = ORIENTED_EDGE('',*,*,#7211,.F.);
#7211 = EDGE_CURVE('',#7010,#7204,#7212,.T.);
#7212 = LINE('',#7213,#7214);
#7213 = CARTESIAN_POINT('',(-0.24,0.19,2.5));
#7214 = VECTOR('',#7215,1.);
#7215 = DIRECTION('',(-0.,-0.,-1.));
#7216 = ORIENTED_EDGE('',*,*,#7017,.F.);
#7217 = PLANE('',#7218);
#7218 = AXIS2_PLACEMENT_3D('',#7219,#7220,#7221);
#7219 = CARTESIAN_POINT('',(-0.24,-0.19,2.5));
#7220 = DIRECTION('',(1.,0.,0.));
#7221 = DIRECTION('',(-0.,1.,0.));
#7222 = ADVANCED_FACE('',(#7223),#7241,.F.);
#7223 = FACE_BOUND('',#7224,.F.);
#7224 = EDGE_LOOP('',(#7225,#7226,#7234,#7240));
#7225 = ORIENTED_EDGE('',*,*,#7211,.T.);
#7226 = ORIENTED_EDGE('',*,*,#7227,.T.);
#7227 = EDGE_CURVE('',#7204,#7228,#7230,.T.);
#7228 = VERTEX_POINT('',#7229);
#7229 = CARTESIAN_POINT('',(0.24,0.19,-2.5));
#7230 = LINE('',#7231,#7232);
#7231 = CARTESIAN_POINT('',(-0.24,0.19,-2.5));
#7232 = VECTOR('',#7233,1.);
#7233 = DIRECTION('',(1.,0.,0.));
#7234 = ORIENTED_EDGE('',*,*,#7235,.F.);
#7235 = EDGE_CURVE('',#7002,#7228,#7236,.T.);
#7236 = LINE('',#7237,#7238);
#7237 = CARTESIAN_POINT('',(0.24,0.19,2.5));
#7238 = VECTOR('',#7239,1.);
#7239 = DIRECTION('',(-0.,-0.,-1.));
#7240 = ORIENTED_EDGE('',*,*,#7009,.F.);
#7241 = PLANE('',#7242);
#7242 = AXIS2_PLACEMENT_3D('',#7243,#7244,#7245);
#7243 = CARTESIAN_POINT('',(-0.24,0.19,2.5));
#7244 = DIRECTION('',(0.,-1.,0.));
#7245 = DIRECTION('',(1.,0.,0.));
#7246 = ADVANCED_FACE('',(#7247),#7258,.F.);
#7247 = FACE_BOUND('',#7248,.F.);
#7248 = EDGE_LOOP('',(#7249,#7250,#7256,#7257));
#7249 = ORIENTED_EDGE('',*,*,#7235,.T.);
#7250 = ORIENTED_EDGE('',*,*,#7251,.T.);
#7251 = EDGE_CURVE('',#7228,#7172,#7252,.T.);
#7252 = LINE('',#7253,#7254);
#7253 = CARTESIAN_POINT('',(0.24,0.19,-2.5));
#7254 = VECTOR('',#7255,1.);
#7255 = DIRECTION('',(0.,-1.,0.));
#7256 = ORIENTED_EDGE('',*,*,#7171,.F.);
#7257 = ORIENTED_EDGE('',*,*,#7001,.F.);
#7258 = PLANE('',#7259);
#7259 = AXIS2_PLACEMENT_3D('',#7260,#7261,#7262);
#7260 = CARTESIAN_POINT('',(0.24,0.19,2.5));
#7261 = DIRECTION('',(-1.,0.,0.));
#7262 = DIRECTION('',(0.,-1.,0.));
#7263 = ADVANCED_FACE('',(#7264),#7289,.F.);
#7264 = FACE_BOUND('',#7265,.F.);
#7265 = EDGE_LOOP('',(#7266,#7274,#7282,#7288));
#7266 = ORIENTED_EDGE('',*,*,#7267,.T.);
#7267 = EDGE_CURVE('',#7026,#7268,#7270,.T.);
#7268 = VERTEX_POINT('',#7269);
#7269 = CARTESIAN_POINT('',(2.78,0.19,-2.5));
#7270 = LINE('',#7271,#7272);
#7271 = CARTESIAN_POINT('',(2.78,0.19,2.5));
#7272 = VECTOR('',#7273,1.);
#7273 = DIRECTION('',(-0.,-0.,-1.));
#7274 = ORIENTED_EDGE('',*,*,#7275,.T.);
#7275 = EDGE_CURVE('',#7268,#7276,#7278,.T.);
#7276 = VERTEX_POINT('',#7277);
#7277 = CARTESIAN_POINT('',(2.78,-0.19,-2.5));
#7278 = LINE('',#7279,#7280);
#7279 = CARTESIAN_POINT('',(2.78,0.19,-2.5));
#7280 = VECTOR('',#7281,1.);
#7281 = DIRECTION('',(0.,-1.,0.));
#7282 = ORIENTED_EDGE('',*,*,#7283,.F.);
#7283 = EDGE_CURVE('',#7028,#7276,#7284,.T.);
#7284 = LINE('',#7285,#7286);
#7285 = CARTESIAN_POINT('',(2.78,-0.19,2.5));
#7286 = VECTOR('',#7287,1.);
#7287 = DIRECTION('',(-0.,-0.,-1.));
#7288 = ORIENTED_EDGE('',*,*,#7025,.F.);
#7289 = PLANE('',#7290);
#7290 = AXIS2_PLACEMENT_3D('',#7291,#7292,#7293);
#7291 = CARTESIAN_POINT('',(2.78,0.19,2.5));
#7292 = DIRECTION('',(-1.,0.,0.));
#7293 = DIRECTION('',(0.,-1.,0.));
#7294 = ADVANCED_FACE('',(#7295),#7313,.F.);
#7295 = FACE_BOUND('',#7296,.F.);
#7296 = EDGE_LOOP('',(#7297,#7298,#7306,#7312));
#7297 = ORIENTED_EDGE('',*,*,#7283,.T.);
#7298 = ORIENTED_EDGE('',*,*,#7299,.T.);
#7299 = EDGE_CURVE('',#7276,#7300,#7302,.T.);
#7300 = VERTEX_POINT('',#7301);
#7301 = CARTESIAN_POINT('',(2.3,-0.19,-2.5));
#7302 = LINE('',#7303,#7304);
#7303 = CARTESIAN_POINT('',(2.78,-0.19,-2.5));
#7304 = VECTOR('',#7305,1.);
#7305 = DIRECTION('',(-1.,0.,0.));
#7306 = ORIENTED_EDGE('',*,*,#7307,.F.);
#7307 = EDGE_CURVE('',#7044,#7300,#7308,.T.);
#7308 = LINE('',#7309,#7310);
#7309 = CARTESIAN_POINT('',(2.3,-0.19,2.5));
#7310 = VECTOR('',#7311,1.);
#7311 = DIRECTION('',(-0.,-0.,-1.));
#7312 = ORIENTED_EDGE('',*,*,#7051,.F.);
#7313 = PLANE('',#7314);
#7314 = AXIS2_PLACEMENT_3D('',#7315,#7316,#7317);
#7315 = CARTESIAN_POINT('',(2.78,-0.19,2.5));
#7316 = DIRECTION('',(0.,1.,0.));
#7317 = DIRECTION('',(-1.,0.,0.));
#7318 = ADVANCED_FACE('',(#7319),#7337,.F.);
#7319 = FACE_BOUND('',#7320,.F.);
#7320 = EDGE_LOOP('',(#7321,#7322,#7330,#7336));
#7321 = ORIENTED_EDGE('',*,*,#7307,.T.);
#7322 = ORIENTED_EDGE('',*,*,#7323,.T.);
#7323 = EDGE_CURVE('',#7300,#7324,#7326,.T.);
#7324 = VERTEX_POINT('',#7325);
#7325 = CARTESIAN_POINT('',(2.3,0.19,-2.5));
#7326 = LINE('',#7327,#7328);
#7327 = CARTESIAN_POINT('',(2.3,-0.19,-2.5));
#7328 = VECTOR('',#7329,1.);
#7329 = DIRECTION('',(0.,1.,0.));
#7330 = ORIENTED_EDGE('',*,*,#7331,.F.);
#7331 = EDGE_CURVE('',#7036,#7324,#7332,.T.);
#7332 = LINE('',#7333,#7334);
#7333 = CARTESIAN_POINT('',(2.3,0.19,2.5));
#7334 = VECTOR('',#7335,1.);
#7335 = DIRECTION('',(-0.,-0.,-1.));
#7336 = ORIENTED_EDGE('',*,*,#7043,.F.);
#7337 = PLANE('',#7338);
#7338 = AXIS2_PLACEMENT_3D('',#7339,#7340,#7341);
#7339 = CARTESIAN_POINT('',(2.3,-0.19,2.5));
#7340 = DIRECTION('',(1.,0.,0.));
#7341 = DIRECTION('',(-0.,1.,0.));
#7342 = ADVANCED_FACE('',(#7343),#7354,.F.);
#7343 = FACE_BOUND('',#7344,.F.);
#7344 = EDGE_LOOP('',(#7345,#7346,#7352,#7353));
#7345 = ORIENTED_EDGE('',*,*,#7331,.T.);
#7346 = ORIENTED_EDGE('',*,*,#7347,.T.);
#7347 = EDGE_CURVE('',#7324,#7268,#7348,.T.);
#7348 = LINE('',#7349,#7350);
#7349 = CARTESIAN_POINT('',(2.3,0.19,-2.5));
#7350 = VECTOR('',#7351,1.);
#7351 = DIRECTION('',(1.,0.,0.));
#7352 = ORIENTED_EDGE('',*,*,#7267,.F.);
#7353 = ORIENTED_EDGE('',*,*,#7035,.F.);
#7354 = PLANE('',#7355);
#7355 = AXIS2_PLACEMENT_3D('',#7356,#7357,#7358);
#7356 = CARTESIAN_POINT('',(2.3,0.19,2.5));
#7357 = DIRECTION('',(0.,-1.,0.));
#7358 = DIRECTION('',(1.,0.,0.));
#7359 = ADVANCED_FACE('',(#7360),#7366,.F.);
#7360 = FACE_BOUND('',#7361,.T.);
#7361 = EDGE_LOOP('',(#7362,#7363,#7364,#7365));
#7362 = ORIENTED_EDGE('',*,*,#7131,.T.);
#7363 = ORIENTED_EDGE('',*,*,#7155,.T.);
#7364 = ORIENTED_EDGE('',*,*,#7083,.T.);
#7365 = ORIENTED_EDGE('',*,*,#7107,.T.);
#7366 = PLANE('',#7367);
#7367 = AXIS2_PLACEMENT_3D('',#7368,#7369,#7370);
#7368 = CARTESIAN_POINT('',(1.03,0.19,-2.5));
#7369 = DIRECTION('',(0.,0.,1.));
#7370 = DIRECTION('',(1.,0.,-0.));
#7371 = ADVANCED_FACE('',(#7372),#7378,.F.);
#7372 = FACE_BOUND('',#7373,.T.);
#7373 = EDGE_LOOP('',(#7374,#7375,#7376,#7377));
#7374 = ORIENTED_EDGE('',*,*,#7227,.T.);
#7375 = ORIENTED_EDGE('',*,*,#7251,.T.);
#7376 = ORIENTED_EDGE('',*,*,#7179,.T.);
#7377 = ORIENTED_EDGE('',*,*,#7203,.T.);
#7378 = PLANE('',#7379);
#7379 = AXIS2_PLACEMENT_3D('',#7380,#7381,#7382);
#7380 = CARTESIAN_POINT('',(-0.24,0.19,-2.5));
#7381 = DIRECTION('',(0.,0.,1.));
#7382 = DIRECTION('',(1.,0.,-0.));
#7383 = ADVANCED_FACE('',(#7384),#7390,.F.);
#7384 = FACE_BOUND('',#7385,.T.);
#7385 = EDGE_LOOP('',(#7386,#7387,#7388,#7389));
#7386 = ORIENTED_EDGE('',*,*,#7347,.T.);
#7387 = ORIENTED_EDGE('',*,*,#7275,.T.);
#7388 = ORIENTED_EDGE('',*,*,#7299,.T.);
#7389 = ORIENTED_EDGE('',*,*,#7323,.T.);
#7390 = PLANE('',#7391);
#7391 = AXIS2_PLACEMENT_3D('',#7392,#7393,#7394);
#7392 = CARTESIAN_POINT('',(2.3,0.19,-2.5));
#7393 = DIRECTION('',(0.,0.,1.));
#7394 = DIRECTION('',(1.,0.,-0.));
#7395 = ( GEOMETRIC_REPRESENTATION_CONTEXT(3) 
GLOBAL_UNCERTAINTY_ASSIGNED_CONTEXT((#7399)) 
GLOBAL_UNIT_ASSIGNED_CONTEXT((#7396,#7397,#7398)) REPRESENTATION_CONTEXT
('Context #1','3D Context with UNIT and UNCERTAINTY') );
#7396 = ( LENGTH_UNIT() NAMED_UNIT(*) SI_UNIT(.MILLI.,.METRE.) );
#7397 = ( NAMED_UNIT(*) PLANE_ANGLE_UNIT() SI_UNIT($,.RADIAN.) );
#7398 = ( NAMED_UNIT(*) SI_UNIT($,.STERADIAN.) SOLID_ANGLE_UNIT() );
#7399 = UNCERTAINTY_MEASURE_WITH_UNIT(LENGTH_MEASURE(1.E-07),#7396,
  'distance_accuracy_value','confusion accuracy');
#7400 = CONTEXT_DEPENDENT_SHAPE_REPRESENTATION(#7401,#7403);
#7401 = ( REPRESENTATION_RELATIONSHIP('','',#6882,#6859) 
REPRESENTATION_RELATIONSHIP_WITH_TRANSFORMATION(#7402) 
SHAPE_REPRESENTATION_RELATIONSHIP() );
#7402 = ITEM_DEFINED_TRANSFORMATION('','',#11,#6860);
#7403 = PRODUCT_DEFINITION_SHAPE('Placement','Placement of an item',
  #7404);
#7404 = NEXT_ASSEMBLY_USAGE_OCCURRENCE('14','=>[0:1:1:11]','',#6854,
  #6877,$);
#7405 = PRODUCT_RELATED_PRODUCT_CATEGORY('part',$,(#6879));
#7406 = SHAPE_DEFINITION_REPRESENTATION(#7407,#7413);
#7407 = PRODUCT_DEFINITION_SHAPE('','',#7408);
#7408 = PRODUCT_DEFINITION('design','',#7409,#7412);
#7409 = PRODUCT_DEFINITION_FORMATION('','',#7410);
#7410 = PRODUCT('espresso-board-mini_copper',
  'espresso-board-mini_copper','',(#7411));
#7411 = PRODUCT_CONTEXT('',#2,'mechanical');
#7412 = PRODUCT_DEFINITION_CONTEXT('part definition',#2,'design');
#7413 = SHAPE_REPRESENTATION('',(#11,#7414,#8089,#8562,#11930,#12768,
    #13101,#13333,#13565,#14201,#14635,#15440,#15773,#16745,#17179,
    #17411,#17643),#17875);
#7414 = MANIFOLD_SOLID_BREP('',#7415);
#7415 = CLOSED_SHELL('',(#7416,#7458,#7489,#7522,#7553,#7584,#7617,#7648
    ,#7681,#7712,#7745,#7776,#7807,#7838,#7871,#7902,#7924,#7957,#7990,
    #8023,#8056));
#7416 = ADVANCED_FACE('',(#7417),#7453,.T.);
#7417 = FACE_BOUND('',#7418,.F.);
#7418 = EDGE_LOOP('',(#7419,#7429,#7438,#7446));
#7419 = ORIENTED_EDGE('',*,*,#7420,.T.);
#7420 = EDGE_CURVE('',#7421,#7423,#7425,.T.);
#7421 = VERTEX_POINT('',#7422);
#7422 = CARTESIAN_POINT('',(16.11,-18.08,0.));
#7423 = VERTEX_POINT('',#7424);
#7424 = CARTESIAN_POINT('',(16.11,-18.08,-3.5E-02));
#7425 = LINE('',#7426,#7427);
#7426 = CARTESIAN_POINT('',(16.11,-18.08,0.));
#7427 = VECTOR('',#7428,1.);
#7428 = DIRECTION('',(0.,0.,-1.));
#7429 = ORIENTED_EDGE('',*,*,#7430,.T.);
#7430 = EDGE_CURVE('',#7423,#7431,#7433,.T.);
#7431 = VERTEX_POINT('',#7432);
#7432 = CARTESIAN_POINT('',(16.11,-16.08,-3.5E-02));
#7433 = CIRCLE('',#7434,1.);
#7434 = AXIS2_PLACEMENT_3D('',#7435,#7436,#7437);
#7435 = CARTESIAN_POINT('',(16.109999740493,-17.08,-3.5E-02));
#7436 = DIRECTION('',(0.,0.,-1.));
#7437 = DIRECTION('',(2.595065247135E-07,-1.,0.));
#7438 = ORIENTED_EDGE('',*,*,#7439,.F.);
#7439 = EDGE_CURVE('',#7440,#7431,#7442,.T.);
#7440 = VERTEX_POINT('',#7441);
#7441 = CARTESIAN_POINT('',(16.11,-16.08,0.));
#7442 = LINE('',#7443,#7444);
#7443 = CARTESIAN_POINT('',(16.11,-16.08,0.));
#7444 = VECTOR('',#7445,1.);
#7445 = DIRECTION('',(0.,0.,-1.));
#7446 = ORIENTED_EDGE('',*,*,#7447,.F.);
#7447 = EDGE_CURVE('',#7421,#7440,#7448,.T.);
#7448 = CIRCLE('',#7449,1.);
#7449 = AXIS2_PLACEMENT_3D('',#7450,#7451,#7452);
#7450 = CARTESIAN_POINT('',(16.109999740493,-17.08,0.));
#7451 = DIRECTION('',(0.,0.,-1.));
#7452 = DIRECTION('',(2.595065247135E-07,-1.,0.));
#7453 = CYLINDRICAL_SURFACE('',#7454,1.);
#7454 = AXIS2_PLACEMENT_3D('',#7455,#7456,#7457);
#7455 = CARTESIAN_POINT('',(16.109999740493,-17.08,0.));
#7456 = DIRECTION('',(-0.,-0.,1.));
#7457 = DIRECTION('',(2.595065247135E-07,-1.,0.));
#7458 = ADVANCED_FACE('',(#7459),#7484,.F.);
#7459 = FACE_BOUND('',#7460,.F.);
#7460 = EDGE_LOOP('',(#7461,#7462,#7470,#7478));
#7461 = ORIENTED_EDGE('',*,*,#7439,.T.);
#7462 = ORIENTED_EDGE('',*,*,#7463,.T.);
#7463 = EDGE_CURVE('',#7431,#7464,#7466,.T.);
#7464 = VERTEX_POINT('',#7465);
#7465 = CARTESIAN_POINT('',(20.,-16.08,-3.5E-02));
#7466 = LINE('',#7467,#7468);
#7467 = CARTESIAN_POINT('',(16.11,-16.08,-3.5E-02));
#7468 = VECTOR('',#7469,1.);
#7469 = DIRECTION('',(1.,0.,0.));
#7470 = ORIENTED_EDGE('',*,*,#7471,.F.);
#7471 = EDGE_CURVE('',#7472,#7464,#7474,.T.);
#7472 = VERTEX_POINT('',#7473);
#7473 = CARTESIAN_POINT('',(20.,-16.08,0.));
#7474 = LINE('',#7475,#7476);
#7475 = CARTESIAN_POINT('',(20.,-16.08,0.));
#7476 = VECTOR('',#7477,1.);
#7477 = DIRECTION('',(0.,0.,-1.));
#7478 = ORIENTED_EDGE('',*,*,#7479,.F.);
#7479 = EDGE_CURVE('',#7440,#7472,#7480,.T.);
#7480 = LINE('',#7481,#7482);
#7481 = CARTESIAN_POINT('',(16.11,-16.08,0.));
#7482 = VECTOR('',#7483,1.);
#7483 = DIRECTION('',(1.,0.,0.));
#7484 = PLANE('',#7485);
#7485 = AXIS2_PLACEMENT_3D('',#7486,#7487,#7488);
#7486 = CARTESIAN_POINT('',(16.11,-16.08,0.));
#7487 = DIRECTION('',(0.,-1.,0.));
#7488 = DIRECTION('',(1.,0.,0.));
#7489 = ADVANCED_FACE('',(#7490),#7517,.T.);
#7490 = FACE_BOUND('',#7491,.F.);
#7491 = EDGE_LOOP('',(#7492,#7493,#7502,#7510));
#7492 = ORIENTED_EDGE('',*,*,#7471,.T.);
#7493 = ORIENTED_EDGE('',*,*,#7494,.T.);
#7494 = EDGE_CURVE('',#7464,#7495,#7497,.T.);
#7495 = VERTEX_POINT('',#7496);
#7496 = CARTESIAN_POINT('',(21.,-17.08,-3.5E-02));
#7497 = CIRCLE('',#7498,1.000001302705);
#7498 = AXIS2_PLACEMENT_3D('',#7499,#7500,#7501);
#7499 = CARTESIAN_POINT('',(19.999998697296,-17.0800013027,-3.5E-02));
#7500 = DIRECTION('',(0.,0.,-1.));
#7501 = DIRECTION('',(1.302702260115E-06,0.999999999999,0.));
#7502 = ORIENTED_EDGE('',*,*,#7503,.F.);
#7503 = EDGE_CURVE('',#7504,#7495,#7506,.T.);
#7504 = VERTEX_POINT('',#7505);
#7505 = CARTESIAN_POINT('',(21.,-17.08,0.));
#7506 = LINE('',#7507,#7508);
#7507 = CARTESIAN_POINT('',(21.,-17.08,0.));
#7508 = VECTOR('',#7509,1.);
#7509 = DIRECTION('',(0.,0.,-1.));
#7510 = ORIENTED_EDGE('',*,*,#7511,.F.);
#7511 = EDGE_CURVE('',#7472,#7504,#7512,.T.);
#7512 = CIRCLE('',#7513,1.000001302705);
#7513 = AXIS2_PLACEMENT_3D('',#7514,#7515,#7516);
#7514 = CARTESIAN_POINT('',(19.999998697296,-17.0800013027,0.));
#7515 = DIRECTION('',(0.,0.,-1.));
#7516 = DIRECTION('',(1.302702260115E-06,0.999999999999,0.));
#7517 = CYLINDRICAL_SURFACE('',#7518,1.000001302705);
#7518 = AXIS2_PLACEMENT_3D('',#7519,#7520,#7521);
#7519 = CARTESIAN_POINT('',(19.999998697296,-17.0800013027,0.));
#7520 = DIRECTION('',(-0.,-0.,1.));
#7521 = DIRECTION('',(1.302702260115E-06,0.999999999999,0.));
#7522 = ADVANCED_FACE('',(#7523),#7548,.F.);
#7523 = FACE_BOUND('',#7524,.F.);
#7524 = EDGE_LOOP('',(#7525,#7526,#7534,#7542));
#7525 = ORIENTED_EDGE('',*,*,#7503,.T.);
#7526 = ORIENTED_EDGE('',*,*,#7527,.T.);
#7527 = EDGE_CURVE('',#7495,#7528,#7530,.T.);
#7528 = VERTEX_POINT('',#7529);
#7529 = CARTESIAN_POINT('',(21.,-33.,-3.5E-02));
#7530 = LINE('',#7531,#7532);
#7531 = CARTESIAN_POINT('',(21.,-17.08,-3.5E-02));
#7532 = VECTOR('',#7533,1.);
#7533 = DIRECTION('',(0.,-1.,0.));
#7534 = ORIENTED_EDGE('',*,*,#7535,.F.);
#7535 = EDGE_CURVE('',#7536,#7528,#7538,.T.);
#7536 = VERTEX_POINT('',#7537);
#7537 = CARTESIAN_POINT('',(21.,-33.,0.));
#7538 = LINE('',#7539,#7540);
#7539 = CARTESIAN_POINT('',(21.,-33.,0.));
#7540 = VECTOR('',#7541,1.);
#7541 = DIRECTION('',(0.,0.,-1.));
#7542 = ORIENTED_EDGE('',*,*,#7543,.F.);
#7543 = EDGE_CURVE('',#7504,#7536,#7544,.T.);
#7544 = LINE('',#7545,#7546);
#7545 = CARTESIAN_POINT('',(21.,-17.08,0.));
#7546 = VECTOR('',#7547,1.);
#7547 = DIRECTION('',(0.,-1.,0.));
#7548 = PLANE('',#7549);
#7549 = AXIS2_PLACEMENT_3D('',#7550,#7551,#7552);
#7550 = CARTESIAN_POINT('',(21.,-17.08,0.));
#7551 = DIRECTION('',(-1.,-0.,-0.));
#7552 = DIRECTION('',(0.,-1.,0.));
#7553 = ADVANCED_FACE('',(#7554),#7579,.F.);
#7554 = FACE_BOUND('',#7555,.F.);
#7555 = EDGE_LOOP('',(#7556,#7557,#7565,#7573));
#7556 = ORIENTED_EDGE('',*,*,#7535,.T.);
#7557 = ORIENTED_EDGE('',*,*,#7558,.T.);
#7558 = EDGE_CURVE('',#7528,#7559,#7561,.T.);
#7559 = VERTEX_POINT('',#7560);
#7560 = CARTESIAN_POINT('',(27.,-33.,-3.5E-02));
#7561 = LINE('',#7562,#7563);
#7562 = CARTESIAN_POINT('',(21.,-33.,-3.5E-02));
#7563 = VECTOR('',#7564,1.);
#7564 = DIRECTION('',(1.,0.,0.));
#7565 = ORIENTED_EDGE('',*,*,#7566,.F.);
#7566 = EDGE_CURVE('',#7567,#7559,#7569,.T.);
#7567 = VERTEX_POINT('',#7568);
#7568 = CARTESIAN_POINT('',(27.,-33.,0.));
#7569 = LINE('',#7570,#7571);
#7570 = CARTESIAN_POINT('',(27.,-33.,0.));
#7571 = VECTOR('',#7572,1.);
#7572 = DIRECTION('',(0.,0.,-1.));
#7573 = ORIENTED_EDGE('',*,*,#7574,.F.);
#7574 = EDGE_CURVE('',#7536,#7567,#7575,.T.);
#7575 = LINE('',#7576,#7577);
#7576 = CARTESIAN_POINT('',(21.,-33.,0.));
#7577 = VECTOR('',#7578,1.);
#7578 = DIRECTION('',(1.,0.,0.));
#7579 = PLANE('',#7580);
#7580 = AXIS2_PLACEMENT_3D('',#7581,#7582,#7583);
#7581 = CARTESIAN_POINT('',(21.,-33.,0.));
#7582 = DIRECTION('',(0.,-1.,0.));
#7583 = DIRECTION('',(1.,0.,0.));
#7584 = ADVANCED_FACE('',(#7585),#7612,.T.);
#7585 = FACE_BOUND('',#7586,.F.);
#7586 = EDGE_LOOP('',(#7587,#7588,#7597,#7605));
#7587 = ORIENTED_EDGE('',*,*,#7566,.T.);
#7588 = ORIENTED_EDGE('',*,*,#7589,.T.);
#7589 = EDGE_CURVE('',#7559,#7590,#7592,.T.);
#7590 = VERTEX_POINT('',#7591);
#7591 = CARTESIAN_POINT('',(27.707107,-33.292893,-3.5E-02));
#7592 = CIRCLE('',#7593,1.000004594775);
#7593 = AXIS2_PLACEMENT_3D('',#7594,#7595,#7596);
#7594 = CARTESIAN_POINT('',(26.999998534411,-34.00000459477,-3.5E-02));
#7595 = DIRECTION('',(0.,0.,-1.));
#7596 = DIRECTION('',(1.465582146458E-06,0.999999999999,0.));
#7597 = ORIENTED_EDGE('',*,*,#7598,.F.);
#7598 = EDGE_CURVE('',#7599,#7590,#7601,.T.);
#7599 = VERTEX_POINT('',#7600);
#7600 = CARTESIAN_POINT('',(27.707107,-33.292893,0.));
#7601 = LINE('',#7602,#7603);
#7602 = CARTESIAN_POINT('',(27.707107,-33.292893,0.));
#7603 = VECTOR('',#7604,1.);
#7604 = DIRECTION('',(0.,0.,-1.));
#7605 = ORIENTED_EDGE('',*,*,#7606,.F.);
#7606 = EDGE_CURVE('',#7567,#7599,#7607,.T.);
#7607 = CIRCLE('',#7608,1.000004594775);
#7608 = AXIS2_PLACEMENT_3D('',#7609,#7610,#7611);
#7609 = CARTESIAN_POINT('',(26.999998534411,-34.00000459477,0.));
#7610 = DIRECTION('',(0.,0.,-1.));
#7611 = DIRECTION('',(1.465582146458E-06,0.999999999999,0.));
#7612 = CYLINDRICAL_SURFACE('',#7613,1.000004594775);
#7613 = AXIS2_PLACEMENT_3D('',#7614,#7615,#7616);
#7614 = CARTESIAN_POINT('',(26.999998534411,-34.00000459477,0.));
#7615 = DIRECTION('',(-0.,-0.,1.));
#7616 = DIRECTION('',(1.465582146458E-06,0.999999999999,0.));
#7617 = ADVANCED_FACE('',(#7618),#7643,.F.);
#7618 = FACE_BOUND('',#7619,.F.);
#7619 = EDGE_LOOP('',(#7620,#7621,#7629,#7637));
#7620 = ORIENTED_EDGE('',*,*,#7598,.T.);
#7621 = ORIENTED_EDGE('',*,*,#7622,.T.);
#7622 = EDGE_CURVE('',#7590,#7623,#7625,.T.);
#7623 = VERTEX_POINT('',#7624);
#7624 = CARTESIAN_POINT('',(28.707107,-34.292894,-3.5E-02));
#7625 = LINE('',#7626,#7627);
#7626 = CARTESIAN_POINT('',(27.707107,-33.292893,-3.5E-02));
#7627 = VECTOR('',#7628,1.);
#7628 = DIRECTION('',(0.707106427633,-0.70710713474,0.));
#7629 = ORIENTED_EDGE('',*,*,#7630,.F.);
#7630 = EDGE_CURVE('',#7631,#7623,#7633,.T.);
#7631 = VERTEX_POINT('',#7632);
#7632 = CARTESIAN_POINT('',(28.707107,-34.292894,0.));
#7633 = LINE('',#7634,#7635);
#7634 = CARTESIAN_POINT('',(28.707107,-34.292894,0.));
#7635 = VECTOR('',#7636,1.);
#7636 = DIRECTION('',(0.,0.,-1.));
#7637 = ORIENTED_EDGE('',*,*,#7638,.F.);
#7638 = EDGE_CURVE('',#7599,#7631,#7639,.T.);
#7639 = LINE('',#7640,#7641);
#7640 = CARTESIAN_POINT('',(27.707107,-33.292893,0.));
#7641 = VECTOR('',#7642,1.);
#7642 = DIRECTION('',(0.707106427633,-0.70710713474,0.));
#7643 = PLANE('',#7644);
#7644 = AXIS2_PLACEMENT_3D('',#7645,#7646,#7647);
#7645 = CARTESIAN_POINT('',(27.707107,-33.292893,0.));
#7646 = DIRECTION('',(-0.70710713474,-0.707106427633,-0.));
#7647 = DIRECTION('',(0.707106427633,-0.70710713474,0.));
#7648 = ADVANCED_FACE('',(#7649),#7676,.T.);
#7649 = FACE_BOUND('',#7650,.F.);
#7650 = EDGE_LOOP('',(#7651,#7652,#7661,#7669));
#7651 = ORIENTED_EDGE('',*,*,#7630,.T.);
#7652 = ORIENTED_EDGE('',*,*,#7653,.T.);
#7653 = EDGE_CURVE('',#7623,#7654,#7656,.T.);
#7654 = VERTEX_POINT('',#7655);
#7655 = CARTESIAN_POINT('',(29.,-35.,-3.5E-02));
#7656 = CIRCLE('',#7657,0.99999265943);
#7657 = AXIS2_PLACEMENT_3D('',#7658,#7659,#7660);
#7658 = CARTESIAN_POINT('',(28.000007340573,-34.9999975218,-3.5E-02));
#7659 = DIRECTION('',(0.,0.,-1.));
#7660 = DIRECTION('',(0.707104849979,0.707108712388,0.));
#7661 = ORIENTED_EDGE('',*,*,#7662,.F.);
#7662 = EDGE_CURVE('',#7663,#7654,#7665,.T.);
#7663 = VERTEX_POINT('',#7664);
#7664 = CARTESIAN_POINT('',(29.,-35.,0.));
#7665 = LINE('',#7666,#7667);
#7666 = CARTESIAN_POINT('',(29.,-35.,0.));
#7667 = VECTOR('',#7668,1.);
#7668 = DIRECTION('',(0.,0.,-1.));
#7669 = ORIENTED_EDGE('',*,*,#7670,.F.);
#7670 = EDGE_CURVE('',#7631,#7663,#7671,.T.);
#7671 = CIRCLE('',#7672,0.99999265943);
#7672 = AXIS2_PLACEMENT_3D('',#7673,#7674,#7675);
#7673 = CARTESIAN_POINT('',(28.000007340573,-34.9999975218,0.));
#7674 = DIRECTION('',(0.,0.,-1.));
#7675 = DIRECTION('',(0.707104849979,0.707108712388,0.));
#7676 = CYLINDRICAL_SURFACE('',#7677,0.99999265943);
#7677 = AXIS2_PLACEMENT_3D('',#7678,#7679,#7680);
#7678 = CARTESIAN_POINT('',(28.000007340573,-34.9999975218,0.));
#7679 = DIRECTION('',(-0.,-0.,1.));
#7680 = DIRECTION('',(0.707104849979,0.707108712388,0.));
#7681 = ADVANCED_FACE('',(#7682),#7707,.F.);
#7682 = FACE_BOUND('',#7683,.F.);
#7683 = EDGE_LOOP('',(#7684,#7685,#7693,#7701));
#7684 = ORIENTED_EDGE('',*,*,#7662,.T.);
#7685 = ORIENTED_EDGE('',*,*,#7686,.T.);
#7686 = EDGE_CURVE('',#7654,#7687,#7689,.T.);
#7687 = VERTEX_POINT('',#7688);
#7688 = CARTESIAN_POINT('',(29.,-44.,-3.5E-02));
#7689 = LINE('',#7690,#7691);
#7690 = CARTESIAN_POINT('',(29.,-35.,-3.5E-02));
#7691 = VECTOR('',#7692,1.);
#7692 = DIRECTION('',(0.,-1.,0.));
#7693 = ORIENTED_EDGE('',*,*,#7694,.F.);
#7694 = EDGE_CURVE('',#7695,#7687,#7697,.T.);
#7695 = VERTEX_POINT('',#7696);
#7696 = CARTESIAN_POINT('',(29.,-44.,0.));
#7697 = LINE('',#7698,#7699);
#7698 = CARTESIAN_POINT('',(29.,-44.,0.));
#7699 = VECTOR('',#7700,1.);
#7700 = DIRECTION('',(0.,0.,-1.));
#7701 = ORIENTED_EDGE('',*,*,#7702,.F.);
#7702 = EDGE_CURVE('',#7663,#7695,#7703,.T.);
#7703 = LINE('',#7704,#7705);
#7704 = CARTESIAN_POINT('',(29.,-35.,0.));
#7705 = VECTOR('',#7706,1.);
#7706 = DIRECTION('',(0.,-1.,0.));
#7707 = PLANE('',#7708);
#7708 = AXIS2_PLACEMENT_3D('',#7709,#7710,#7711);
#7709 = CARTESIAN_POINT('',(29.,-35.,0.));
#7710 = DIRECTION('',(-1.,-0.,-0.));
#7711 = DIRECTION('',(0.,-1.,0.));
#7712 = ADVANCED_FACE('',(#7713),#7740,.T.);
#7713 = FACE_BOUND('',#7714,.F.);
#7714 = EDGE_LOOP('',(#7715,#7716,#7725,#7733));
#7715 = ORIENTED_EDGE('',*,*,#7694,.T.);
#7716 = ORIENTED_EDGE('',*,*,#7717,.T.);
#7717 = EDGE_CURVE('',#7687,#7718,#7720,.T.);
#7718 = VERTEX_POINT('',#7719);
#7719 = CARTESIAN_POINT('',(27.,-44.,-3.5E-02));
#7720 = CIRCLE('',#7721,1.);
#7721 = AXIS2_PLACEMENT_3D('',#7722,#7723,#7724);
#7722 = CARTESIAN_POINT('',(28.,-44.0000002595,-3.5E-02));
#7723 = DIRECTION('',(0.,0.,-1.));
#7724 = DIRECTION('',(1.,2.595065211608E-07,0.));
#7725 = ORIENTED_EDGE('',*,*,#7726,.F.);
#7726 = EDGE_CURVE('',#7727,#7718,#7729,.T.);
#7727 = VERTEX_POINT('',#7728);
#7728 = CARTESIAN_POINT('',(27.,-44.,0.));
#7729 = LINE('',#7730,#7731);
#7730 = CARTESIAN_POINT('',(27.,-44.,0.));
#7731 = VECTOR('',#7732,1.);
#7732 = DIRECTION('',(0.,0.,-1.));
#7733 = ORIENTED_EDGE('',*,*,#7734,.F.);
#7734 = EDGE_CURVE('',#7695,#7727,#7735,.T.);
#7735 = CIRCLE('',#7736,1.);
#7736 = AXIS2_PLACEMENT_3D('',#7737,#7738,#7739);
#7737 = CARTESIAN_POINT('',(28.,-44.0000002595,0.));
#7738 = DIRECTION('',(0.,0.,-1.));
#7739 = DIRECTION('',(1.,2.595065211608E-07,0.));
#7740 = CYLINDRICAL_SURFACE('',#7741,1.);
#7741 = AXIS2_PLACEMENT_3D('',#7742,#7743,#7744);
#7742 = CARTESIAN_POINT('',(28.,-44.0000002595,0.));
#7743 = DIRECTION('',(-0.,-0.,1.));
#7744 = DIRECTION('',(1.,2.595065211608E-07,0.));
#7745 = ADVANCED_FACE('',(#7746),#7771,.F.);
#7746 = FACE_BOUND('',#7747,.F.);
#7747 = EDGE_LOOP('',(#7748,#7749,#7757,#7765));
#7748 = ORIENTED_EDGE('',*,*,#7726,.T.);
#7749 = ORIENTED_EDGE('',*,*,#7750,.T.);
#7750 = EDGE_CURVE('',#7718,#7751,#7753,.T.);
#7751 = VERTEX_POINT('',#7752);
#7752 = CARTESIAN_POINT('',(27.,-35.414213,-3.5E-02));
#7753 = LINE('',#7754,#7755);
#7754 = CARTESIAN_POINT('',(27.,-44.,-3.5E-02));
#7755 = VECTOR('',#7756,1.);
#7756 = DIRECTION('',(0.,1.,0.));
#7757 = ORIENTED_EDGE('',*,*,#7758,.F.);
#7758 = EDGE_CURVE('',#7759,#7751,#7761,.T.);
#7759 = VERTEX_POINT('',#7760);
#7760 = CARTESIAN_POINT('',(27.,-35.414213,0.));
#7761 = LINE('',#7762,#7763);
#7762 = CARTESIAN_POINT('',(27.,-35.414213,0.));
#7763 = VECTOR('',#7764,1.);
#7764 = DIRECTION('',(0.,0.,-1.));
#7765 = ORIENTED_EDGE('',*,*,#7766,.F.);
#7766 = EDGE_CURVE('',#7727,#7759,#7767,.T.);
#7767 = LINE('',#7768,#7769);
#7768 = CARTESIAN_POINT('',(27.,-44.,0.));
#7769 = VECTOR('',#7770,1.);
#7770 = DIRECTION('',(0.,1.,0.));
#7771 = PLANE('',#7772);
#7772 = AXIS2_PLACEMENT_3D('',#7773,#7774,#7775);
#7773 = CARTESIAN_POINT('',(27.,-44.,0.));
#7774 = DIRECTION('',(1.,-0.,0.));
#7775 = DIRECTION('',(0.,1.,0.));
#7776 = ADVANCED_FACE('',(#7777),#7802,.F.);
#7777 = FACE_BOUND('',#7778,.F.);
#7778 = EDGE_LOOP('',(#7779,#7780,#7788,#7796));
#7779 = ORIENTED_EDGE('',*,*,#7758,.T.);
#7780 = ORIENTED_EDGE('',*,*,#7781,.T.);
#7781 = EDGE_CURVE('',#7751,#7782,#7784,.T.);
#7782 = VERTEX_POINT('',#7783);
#7783 = CARTESIAN_POINT('',(26.585786,-35.,-3.5E-02));
#7784 = LINE('',#7785,#7786);
#7785 = CARTESIAN_POINT('',(27.,-35.414213,-3.5E-02));
#7786 = VECTOR('',#7787,1.);
#7787 = DIRECTION('',(-0.70710763474,0.707105927633,0.));
#7788 = ORIENTED_EDGE('',*,*,#7789,.F.);
#7789 = EDGE_CURVE('',#7790,#7782,#7792,.T.);
#7790 = VERTEX_POINT('',#7791);
#7791 = CARTESIAN_POINT('',(26.585786,-35.,0.));
#7792 = LINE('',#7793,#7794);
#7793 = CARTESIAN_POINT('',(26.585786,-35.,0.));
#7794 = VECTOR('',#7795,1.);
#7795 = DIRECTION('',(0.,0.,-1.));
#7796 = ORIENTED_EDGE('',*,*,#7797,.F.);
#7797 = EDGE_CURVE('',#7759,#7790,#7798,.T.);
#7798 = LINE('',#7799,#7800);
#7799 = CARTESIAN_POINT('',(27.,-35.414213,0.));
#7800 = VECTOR('',#7801,1.);
#7801 = DIRECTION('',(-0.70710763474,0.707105927633,0.));
#7802 = PLANE('',#7803);
#7803 = AXIS2_PLACEMENT_3D('',#7804,#7805,#7806);
#7804 = CARTESIAN_POINT('',(27.,-35.414213,0.));
#7805 = DIRECTION('',(0.707105927633,0.70710763474,0.));
#7806 = DIRECTION('',(-0.70710763474,0.707105927633,0.));
#7807 = ADVANCED_FACE('',(#7808),#7833,.F.);
#7808 = FACE_BOUND('',#7809,.F.);
#7809 = EDGE_LOOP('',(#7810,#7811,#7819,#7827));
#7810 = ORIENTED_EDGE('',*,*,#7789,.T.);
#7811 = ORIENTED_EDGE('',*,*,#7812,.T.);
#7812 = EDGE_CURVE('',#7782,#7813,#7815,.T.);
#7813 = VERTEX_POINT('',#7814);
#7814 = CARTESIAN_POINT('',(20.,-35.,-3.5E-02));
#7815 = LINE('',#7816,#7817);
#7816 = CARTESIAN_POINT('',(26.585786,-35.,-3.5E-02));
#7817 = VECTOR('',#7818,1.);
#7818 = DIRECTION('',(-1.,0.,0.));
#7819 = ORIENTED_EDGE('',*,*,#7820,.F.);
#7820 = EDGE_CURVE('',#7821,#7813,#7823,.T.);
#7821 = VERTEX_POINT('',#7822);
#7822 = CARTESIAN_POINT('',(20.,-35.,0.));
#7823 = LINE('',#7824,#7825);
#7824 = CARTESIAN_POINT('',(20.,-35.,0.));
#7825 = VECTOR('',#7826,1.);
#7826 = DIRECTION('',(0.,0.,-1.));
#7827 = ORIENTED_EDGE('',*,*,#7828,.F.);
#7828 = EDGE_CURVE('',#7790,#7821,#7829,.T.);
#7829 = LINE('',#7830,#7831);
#7830 = CARTESIAN_POINT('',(26.585786,-35.,0.));
#7831 = VECTOR('',#7832,1.);
#7832 = DIRECTION('',(-1.,0.,0.));
#7833 = PLANE('',#7834);
#7834 = AXIS2_PLACEMENT_3D('',#7835,#7836,#7837);
#7835 = CARTESIAN_POINT('',(26.585786,-35.,0.));
#7836 = DIRECTION('',(0.,1.,0.));
#7837 = DIRECTION('',(-1.,0.,0.));
#7838 = ADVANCED_FACE('',(#7839),#7866,.T.);
#7839 = FACE_BOUND('',#7840,.F.);
#7840 = EDGE_LOOP('',(#7841,#7842,#7851,#7859));
#7841 = ORIENTED_EDGE('',*,*,#7820,.T.);
#7842 = ORIENTED_EDGE('',*,*,#7843,.T.);
#7843 = EDGE_CURVE('',#7813,#7844,#7846,.T.);
#7844 = VERTEX_POINT('',#7845);
#7845 = CARTESIAN_POINT('',(19.,-34.,-3.5E-02));
#7846 = CIRCLE('',#7847,1.000001302705);
#7847 = AXIS2_PLACEMENT_3D('',#7848,#7849,#7850);
#7848 = CARTESIAN_POINT('',(20.000001302704,-33.99999869729,-3.5E-02));
#7849 = DIRECTION('',(0.,0.,-1.));
#7850 = DIRECTION('',(-1.302702260115E-06,-0.999999999999,-0.));
#7851 = ORIENTED_EDGE('',*,*,#7852,.F.);
#7852 = EDGE_CURVE('',#7853,#7844,#7855,.T.);
#7853 = VERTEX_POINT('',#7854);
#7854 = CARTESIAN_POINT('',(19.,-34.,0.));
#7855 = LINE('',#7856,#7857);
#7856 = CARTESIAN_POINT('',(19.,-34.,0.));
#7857 = VECTOR('',#7858,1.);
#7858 = DIRECTION('',(0.,0.,-1.));
#7859 = ORIENTED_EDGE('',*,*,#7860,.F.);
#7860 = EDGE_CURVE('',#7821,#7853,#7861,.T.);
#7861 = CIRCLE('',#7862,1.000001302705);
#7862 = AXIS2_PLACEMENT_3D('',#7863,#7864,#7865);
#7863 = CARTESIAN_POINT('',(20.000001302704,-33.99999869729,0.));
#7864 = DIRECTION('',(0.,0.,-1.));
#7865 = DIRECTION('',(-1.302702260115E-06,-0.999999999999,-0.));
#7866 = CYLINDRICAL_SURFACE('',#7867,1.000001302705);
#7867 = AXIS2_PLACEMENT_3D('',#7868,#7869,#7870);
#7868 = CARTESIAN_POINT('',(20.000001302704,-33.99999869729,0.));
#7869 = DIRECTION('',(-0.,-0.,1.));
#7870 = DIRECTION('',(-1.302702260115E-06,-0.999999999999,-0.));
#7871 = ADVANCED_FACE('',(#7872),#7897,.F.);
#7872 = FACE_BOUND('',#7873,.F.);
#7873 = EDGE_LOOP('',(#7874,#7875,#7883,#7891));
#7874 = ORIENTED_EDGE('',*,*,#7852,.T.);
#7875 = ORIENTED_EDGE('',*,*,#7876,.T.);
#7876 = EDGE_CURVE('',#7844,#7877,#7879,.T.);
#7877 = VERTEX_POINT('',#7878);
#7878 = CARTESIAN_POINT('',(19.,-18.08,-3.5E-02));
#7879 = LINE('',#7880,#7881);
#7880 = CARTESIAN_POINT('',(19.,-34.,-3.5E-02));
#7881 = VECTOR('',#7882,1.);
#7882 = DIRECTION('',(0.,1.,0.));
#7883 = ORIENTED_EDGE('',*,*,#7884,.F.);
#7884 = EDGE_CURVE('',#7885,#7877,#7887,.T.);
#7885 = VERTEX_POINT('',#7886);
#7886 = CARTESIAN_POINT('',(19.,-18.08,0.));
#7887 = LINE('',#7888,#7889);
#7888 = CARTESIAN_POINT('',(19.,-18.08,0.));
#7889 = VECTOR('',#7890,1.);
#7890 = DIRECTION('',(0.,0.,-1.));
#7891 = ORIENTED_EDGE('',*,*,#7892,.F.);
#7892 = EDGE_CURVE('',#7853,#7885,#7893,.T.);
#7893 = LINE('',#7894,#7895);
#7894 = CARTESIAN_POINT('',(19.,-34.,0.));
#7895 = VECTOR('',#7896,1.);
#7896 = DIRECTION('',(0.,1.,0.));
#7897 = PLANE('',#7898);
#7898 = AXIS2_PLACEMENT_3D('',#7899,#7900,#7901);
#7899 = CARTESIAN_POINT('',(19.,-34.,0.));
#7900 = DIRECTION('',(1.,-0.,0.));
#7901 = DIRECTION('',(0.,1.,0.));
#7902 = ADVANCED_FACE('',(#7903),#7919,.F.);
#7903 = FACE_BOUND('',#7904,.F.);
#7904 = EDGE_LOOP('',(#7905,#7906,#7912,#7913));
#7905 = ORIENTED_EDGE('',*,*,#7884,.T.);
#7906 = ORIENTED_EDGE('',*,*,#7907,.T.);
#7907 = EDGE_CURVE('',#7877,#7423,#7908,.T.);
#7908 = LINE('',#7909,#7910);
#7909 = CARTESIAN_POINT('',(19.,-18.08,-3.5E-02));
#7910 = VECTOR('',#7911,1.);
#7911 = DIRECTION('',(-1.,0.,0.));
#7912 = ORIENTED_EDGE('',*,*,#7420,.F.);
#7913 = ORIENTED_EDGE('',*,*,#7914,.F.);
#7914 = EDGE_CURVE('',#7885,#7421,#7915,.T.);
#7915 = LINE('',#7916,#7917);
#7916 = CARTESIAN_POINT('',(19.,-18.08,0.));
#7917 = VECTOR('',#7918,1.);
#7918 = DIRECTION('',(-1.,0.,0.));
#7919 = PLANE('',#7920);
#7920 = AXIS2_PLACEMENT_3D('',#7921,#7922,#7923);
#7921 = CARTESIAN_POINT('',(19.,-18.08,0.));
#7922 = DIRECTION('',(0.,1.,0.));
#7923 = DIRECTION('',(-1.,0.,0.));
#7924 = ADVANCED_FACE('',(#7925),#7952,.F.);
#7925 = FACE_BOUND('',#7926,.F.);
#7926 = EDGE_LOOP('',(#7927,#7937,#7944,#7945));
#7927 = ORIENTED_EDGE('',*,*,#7928,.T.);
#7928 = EDGE_CURVE('',#7929,#7931,#7933,.T.);
#7929 = VERTEX_POINT('',#7930);
#7930 = CARTESIAN_POINT('',(28.487392,-44.,0.));
#7931 = VERTEX_POINT('',#7932);
#7932 = CARTESIAN_POINT('',(28.487392,-44.,-3.5E-02));
#7933 = LINE('',#7934,#7935);
#7934 = CARTESIAN_POINT('',(28.487392,-44.,0.));
#7935 = VECTOR('',#7936,1.);
#7936 = DIRECTION('',(0.,0.,-1.));
#7937 = ORIENTED_EDGE('',*,*,#7938,.T.);
#7938 = EDGE_CURVE('',#7931,#7931,#7939,.T.);
#7939 = CIRCLE('',#7940,0.487392);
#7940 = AXIS2_PLACEMENT_3D('',#7941,#7942,#7943);
#7941 = CARTESIAN_POINT('',(28.,-44.,-3.5E-02));
#7942 = DIRECTION('',(0.,0.,1.));
#7943 = DIRECTION('',(1.,0.,-0.));
#7944 = ORIENTED_EDGE('',*,*,#7928,.F.);
#7945 = ORIENTED_EDGE('',*,*,#7946,.F.);
#7946 = EDGE_CURVE('',#7929,#7929,#7947,.T.);
#7947 = CIRCLE('',#7948,0.487392);
#7948 = AXIS2_PLACEMENT_3D('',#7949,#7950,#7951);
#7949 = CARTESIAN_POINT('',(28.,-44.,0.));
#7950 = DIRECTION('',(0.,0.,1.));
#7951 = DIRECTION('',(1.,0.,-0.));
#7952 = CYLINDRICAL_SURFACE('',#7953,0.487392);
#7953 = AXIS2_PLACEMENT_3D('',#7954,#7955,#7956);
#7954 = CARTESIAN_POINT('',(28.,-44.,0.));
#7955 = DIRECTION('',(0.,0.,1.));
#7956 = DIRECTION('',(1.,0.,-0.));
#7957 = ADVANCED_FACE('',(#7958),#7985,.F.);
#7958 = FACE_BOUND('',#7959,.F.);
#7959 = EDGE_LOOP('',(#7960,#7970,#7977,#7978));
#7960 = ORIENTED_EDGE('',*,*,#7961,.T.);
#7961 = EDGE_CURVE('',#7962,#7964,#7966,.T.);
#7962 = VERTEX_POINT('',#7963);
#7963 = CARTESIAN_POINT('',(28.487392,-38.,0.));
#7964 = VERTEX_POINT('',#7965);
#7965 = CARTESIAN_POINT('',(28.487392,-38.,-3.5E-02));
#7966 = LINE('',#7967,#7968);
#7967 = CARTESIAN_POINT('',(28.487392,-38.,0.));
#7968 = VECTOR('',#7969,1.);
#7969 = DIRECTION('',(0.,0.,-1.));
#7970 = ORIENTED_EDGE('',*,*,#7971,.T.);
#7971 = EDGE_CURVE('',#7964,#7964,#7972,.T.);
#7972 = CIRCLE('',#7973,0.487392);
#7973 = AXIS2_PLACEMENT_3D('',#7974,#7975,#7976);
#7974 = CARTESIAN_POINT('',(28.,-38.,-3.5E-02));
#7975 = DIRECTION('',(0.,0.,1.));
#7976 = DIRECTION('',(1.,0.,-0.));
#7977 = ORIENTED_EDGE('',*,*,#7961,.F.);
#7978 = ORIENTED_EDGE('',*,*,#7979,.F.);
#7979 = EDGE_CURVE('',#7962,#7962,#7980,.T.);
#7980 = CIRCLE('',#7981,0.487392);
#7981 = AXIS2_PLACEMENT_3D('',#7982,#7983,#7984);
#7982 = CARTESIAN_POINT('',(28.,-38.,0.));
#7983 = DIRECTION('',(0.,0.,1.));
#7984 = DIRECTION('',(1.,0.,-0.));
#7985 = CYLINDRICAL_SURFACE('',#7986,0.487392);
#7986 = AXIS2_PLACEMENT_3D('',#7987,#7988,#7989);
#7987 = CARTESIAN_POINT('',(28.,-38.,0.));
#7988 = DIRECTION('',(0.,0.,1.));
#7989 = DIRECTION('',(1.,0.,-0.));
#7990 = ADVANCED_FACE('',(#7991),#8018,.F.);
#7991 = FACE_BOUND('',#7992,.F.);
#7992 = EDGE_LOOP('',(#7993,#8003,#8010,#8011));
#7993 = ORIENTED_EDGE('',*,*,#7994,.T.);
#7994 = EDGE_CURVE('',#7995,#7997,#7999,.T.);
#7995 = VERTEX_POINT('',#7996);
#7996 = CARTESIAN_POINT('',(16.597392,-17.08,0.));
#7997 = VERTEX_POINT('',#7998);
#7998 = CARTESIAN_POINT('',(16.597392,-17.08,-3.5E-02));
#7999 = LINE('',#8000,#8001);
#8000 = CARTESIAN_POINT('',(16.597392,-17.08,0.));
#8001 = VECTOR('',#8002,1.);
#8002 = DIRECTION('',(0.,0.,-1.));
#8003 = ORIENTED_EDGE('',*,*,#8004,.T.);
#8004 = EDGE_CURVE('',#7997,#7997,#8005,.T.);
#8005 = CIRCLE('',#8006,0.487392);
#8006 = AXIS2_PLACEMENT_3D('',#8007,#8008,#8009);
#8007 = CARTESIAN_POINT('',(16.11,-17.08,-3.5E-02));
#8008 = DIRECTION('',(0.,0.,1.));
#8009 = DIRECTION('',(1.,0.,-0.));
#8010 = ORIENTED_EDGE('',*,*,#7994,.F.);
#8011 = ORIENTED_EDGE('',*,*,#8012,.F.);
#8012 = EDGE_CURVE('',#7995,#7995,#8013,.T.);
#8013 = CIRCLE('',#8014,0.487392);
#8014 = AXIS2_PLACEMENT_3D('',#8015,#8016,#8017);
#8015 = CARTESIAN_POINT('',(16.11,-17.08,0.));
#8016 = DIRECTION('',(0.,0.,1.));
#8017 = DIRECTION('',(1.,0.,-0.));
#8018 = CYLINDRICAL_SURFACE('',#8019,0.487392);
#8019 = AXIS2_PLACEMENT_3D('',#8020,#8021,#8022);
#8020 = CARTESIAN_POINT('',(16.11,-17.08,0.));
#8021 = DIRECTION('',(0.,0.,1.));
#8022 = DIRECTION('',(1.,0.,-0.));
#8023 = ADVANCED_FACE('',(#8024,#8042,#8045,#8048),#8051,.F.);
#8024 = FACE_BOUND('',#8025,.F.);
#8025 = EDGE_LOOP('',(#8026,#8027,#8028,#8029,#8030,#8031,#8032,#8033,
    #8034,#8035,#8036,#8037,#8038,#8039,#8040,#8041));
#8026 = ORIENTED_EDGE('',*,*,#7447,.T.);
#8027 = ORIENTED_EDGE('',*,*,#7479,.T.);
#8028 = ORIENTED_EDGE('',*,*,#7511,.T.);
#8029 = ORIENTED_EDGE('',*,*,#7543,.T.);
#8030 = ORIENTED_EDGE('',*,*,#7574,.T.);
#8031 = ORIENTED_EDGE('',*,*,#7606,.T.);
#8032 = ORIENTED_EDGE('',*,*,#7638,.T.);
#8033 = ORIENTED_EDGE('',*,*,#7670,.T.);
#8034 = ORIENTED_EDGE('',*,*,#7702,.T.);
#8035 = ORIENTED_EDGE('',*,*,#7734,.T.);
#8036 = ORIENTED_EDGE('',*,*,#7766,.T.);
#8037 = ORIENTED_EDGE('',*,*,#7797,.T.);
#8038 = ORIENTED_EDGE('',*,*,#7828,.T.);
#8039 = ORIENTED_EDGE('',*,*,#7860,.T.);
#8040 = ORIENTED_EDGE('',*,*,#7892,.T.);
#8041 = ORIENTED_EDGE('',*,*,#7914,.T.);
#8042 = FACE_BOUND('',#8043,.F.);
#8043 = EDGE_LOOP('',(#8044));
#8044 = ORIENTED_EDGE('',*,*,#7946,.T.);
#8045 = FACE_BOUND('',#8046,.F.);
#8046 = EDGE_LOOP('',(#8047));
#8047 = ORIENTED_EDGE('',*,*,#7979,.T.);
#8048 = FACE_BOUND('',#8049,.F.);
#8049 = EDGE_LOOP('',(#8050));
#8050 = ORIENTED_EDGE('',*,*,#8012,.T.);
#8051 = PLANE('',#8052);
#8052 = AXIS2_PLACEMENT_3D('',#8053,#8054,#8055);
#8053 = CARTESIAN_POINT('',(0.,0.,0.));
#8054 = DIRECTION('',(-0.,-0.,-1.));
#8055 = DIRECTION('',(-1.,0.,0.));
#8056 = ADVANCED_FACE('',(#8057,#8075,#8078,#8081),#8084,.T.);
#8057 = FACE_BOUND('',#8058,.T.);
#8058 = EDGE_LOOP('',(#8059,#8060,#8061,#8062,#8063,#8064,#8065,#8066,
    #8067,#8068,#8069,#8070,#8071,#8072,#8073,#8074));
#8059 = ORIENTED_EDGE('',*,*,#7430,.T.);
#8060 = ORIENTED_EDGE('',*,*,#7463,.T.);
#8061 = ORIENTED_EDGE('',*,*,#7494,.T.);
#8062 = ORIENTED_EDGE('',*,*,#7527,.T.);
#8063 = ORIENTED_EDGE('',*,*,#7558,.T.);
#8064 = ORIENTED_EDGE('',*,*,#7589,.T.);
#8065 = ORIENTED_EDGE('',*,*,#7622,.T.);
#8066 = ORIENTED_EDGE('',*,*,#7653,.T.);
#8067 = ORIENTED_EDGE('',*,*,#7686,.T.);
#8068 = ORIENTED_EDGE('',*,*,#7717,.T.);
#8069 = ORIENTED_EDGE('',*,*,#7750,.T.);
#8070 = ORIENTED_EDGE('',*,*,#7781,.T.);
#8071 = ORIENTED_EDGE('',*,*,#7812,.T.);
#8072 = ORIENTED_EDGE('',*,*,#7843,.T.);
#8073 = ORIENTED_EDGE('',*,*,#7876,.T.);
#8074 = ORIENTED_EDGE('',*,*,#7907,.T.);
#8075 = FACE_BOUND('',#8076,.T.);
#8076 = EDGE_LOOP('',(#8077));
#8077 = ORIENTED_EDGE('',*,*,#7938,.T.);
#8078 = FACE_BOUND('',#8079,.T.);
#8079 = EDGE_LOOP('',(#8080));
#8080 = ORIENTED_EDGE('',*,*,#7971,.T.);
#8081 = FACE_BOUND('',#8082,.T.);
#8082 = EDGE_LOOP('',(#8083));
#8083 = ORIENTED_EDGE('',*,*,#8004,.T.);
#8084 = PLANE('',#8085);
#8085 = AXIS2_PLACEMENT_3D('',#8086,#8087,#8088);
#8086 = CARTESIAN_POINT('',(0.,0.,-3.5E-02));
#8087 = DIRECTION('',(-0.,-0.,-1.));
#8088 = DIRECTION('',(-1.,0.,0.));
#8089 = MANIFOLD_SOLID_BREP('',#8090);
#8090 = CLOSED_SHELL('',(#8091,#8133,#8164,#8197,#8228,#8259,#8292,#8323
    ,#8356,#8387,#8409,#8442,#8475,#8508,#8535));
#8091 = ADVANCED_FACE('',(#8092),#8128,.T.);
#8092 = FACE_BOUND('',#8093,.F.);
#8093 = EDGE_LOOP('',(#8094,#8104,#8113,#8121));
#8094 = ORIENTED_EDGE('',*,*,#8095,.T.);
#8095 = EDGE_CURVE('',#8096,#8098,#8100,.T.);
#8096 = VERTEX_POINT('',#8097);
#8097 = CARTESIAN_POINT('',(6.,-21.,0.));
#8098 = VERTEX_POINT('',#8099);
#8099 = CARTESIAN_POINT('',(6.,-21.,-3.5E-02));
#8100 = LINE('',#8101,#8102);
#8101 = CARTESIAN_POINT('',(6.,-21.,0.));
#8102 = VECTOR('',#8103,1.);
#8103 = DIRECTION('',(0.,0.,-1.));
#8104 = ORIENTED_EDGE('',*,*,#8105,.T.);
#8105 = EDGE_CURVE('',#8098,#8106,#8108,.T.);
#8106 = VERTEX_POINT('',#8107);
#8107 = CARTESIAN_POINT('',(6.,-19.,-3.5E-02));
#8108 = CIRCLE('',#8109,1.);
#8109 = AXIS2_PLACEMENT_3D('',#8110,#8111,#8112);
#8110 = CARTESIAN_POINT('',(5.999999740493,-20.,-3.5E-02));
#8111 = DIRECTION('',(0.,0.,-1.));
#8112 = DIRECTION('',(2.595065238253E-07,-1.,0.));
#8113 = ORIENTED_EDGE('',*,*,#8114,.F.);
#8114 = EDGE_CURVE('',#8115,#8106,#8117,.T.);
#8115 = VERTEX_POINT('',#8116);
#8116 = CARTESIAN_POINT('',(6.,-19.,0.));
#8117 = LINE('',#8118,#8119);
#8118 = CARTESIAN_POINT('',(6.,-19.,0.));
#8119 = VECTOR('',#8120,1.);
#8120 = DIRECTION('',(0.,0.,-1.));
#8121 = ORIENTED_EDGE('',*,*,#8122,.F.);
#8122 = EDGE_CURVE('',#8096,#8115,#8123,.T.);
#8123 = CIRCLE('',#8124,1.);
#8124 = AXIS2_PLACEMENT_3D('',#8125,#8126,#8127);
#8125 = CARTESIAN_POINT('',(5.999999740493,-20.,0.));
#8126 = DIRECTION('',(0.,0.,-1.));
#8127 = DIRECTION('',(2.595065238253E-07,-1.,0.));
#8128 = CYLINDRICAL_SURFACE('',#8129,1.);
#8129 = AXIS2_PLACEMENT_3D('',#8130,#8131,#8132);
#8130 = CARTESIAN_POINT('',(5.999999740493,-20.,0.));
#8131 = DIRECTION('',(-0.,-0.,1.));
#8132 = DIRECTION('',(2.595065238253E-07,-1.,0.));
#8133 = ADVANCED_FACE('',(#8134),#8159,.F.);
#8134 = FACE_BOUND('',#8135,.F.);
#8135 = EDGE_LOOP('',(#8136,#8137,#8145,#8153));
#8136 = ORIENTED_EDGE('',*,*,#8114,.T.);
#8137 = ORIENTED_EDGE('',*,*,#8138,.T.);
#8138 = EDGE_CURVE('',#8106,#8139,#8141,.T.);
#8139 = VERTEX_POINT('',#8140);
#8140 = CARTESIAN_POINT('',(12.5,-19.,-3.5E-02));
#8141 = LINE('',#8142,#8143);
#8142 = CARTESIAN_POINT('',(6.,-19.,-3.5E-02));
#8143 = VECTOR('',#8144,1.);
#8144 = DIRECTION('',(1.,0.,0.));
#8145 = ORIENTED_EDGE('',*,*,#8146,.F.);
#8146 = EDGE_CURVE('',#8147,#8139,#8149,.T.);
#8147 = VERTEX_POINT('',#8148);
#8148 = CARTESIAN_POINT('',(12.5,-19.,0.));
#8149 = LINE('',#8150,#8151);
#8150 = CARTESIAN_POINT('',(12.5,-19.,0.));
#8151 = VECTOR('',#8152,1.);
#8152 = DIRECTION('',(0.,0.,-1.));
#8153 = ORIENTED_EDGE('',*,*,#8154,.F.);
#8154 = EDGE_CURVE('',#8115,#8147,#8155,.T.);
#8155 = LINE('',#8156,#8157);
#8156 = CARTESIAN_POINT('',(6.,-19.,0.));
#8157 = VECTOR('',#8158,1.);
#8158 = DIRECTION('',(1.,0.,0.));
#8159 = PLANE('',#8160);
#8160 = AXIS2_PLACEMENT_3D('',#8161,#8162,#8163);
#8161 = CARTESIAN_POINT('',(6.,-19.,0.));
#8162 = DIRECTION('',(0.,-1.,0.));
#8163 = DIRECTION('',(1.,0.,0.));
#8164 = ADVANCED_FACE('',(#8165),#8192,.T.);
#8165 = FACE_BOUND('',#8166,.F.);
#8166 = EDGE_LOOP('',(#8167,#8168,#8177,#8185));
#8167 = ORIENTED_EDGE('',*,*,#8146,.T.);
#8168 = ORIENTED_EDGE('',*,*,#8169,.T.);
#8169 = EDGE_CURVE('',#8139,#8170,#8172,.T.);
#8170 = VERTEX_POINT('',#8171);
#8171 = CARTESIAN_POINT('',(13.207107,-19.292893,-3.5E-02));
#8172 = CIRCLE('',#8173,1.000004594775);
#8173 = AXIS2_PLACEMENT_3D('',#8174,#8175,#8176);
#8174 = CARTESIAN_POINT('',(12.499998534411,-20.00000459477,-3.5E-02));
#8175 = DIRECTION('',(0.,0.,-1.));
#8176 = DIRECTION('',(1.465582162445E-06,0.999999999999,0.));
#8177 = ORIENTED_EDGE('',*,*,#8178,.F.);
#8178 = EDGE_CURVE('',#8179,#8170,#8181,.T.);
#8179 = VERTEX_POINT('',#8180);
#8180 = CARTESIAN_POINT('',(13.207107,-19.292893,0.));
#8181 = LINE('',#8182,#8183);
#8182 = CARTESIAN_POINT('',(13.207107,-19.292893,0.));
#8183 = VECTOR('',#8184,1.);
#8184 = DIRECTION('',(0.,0.,-1.));
#8185 = ORIENTED_EDGE('',*,*,#8186,.F.);
#8186 = EDGE_CURVE('',#8147,#8179,#8187,.T.);
#8187 = CIRCLE('',#8188,1.000004594775);
#8188 = AXIS2_PLACEMENT_3D('',#8189,#8190,#8191);
#8189 = CARTESIAN_POINT('',(12.499998534411,-20.00000459477,0.));
#8190 = DIRECTION('',(0.,0.,-1.));
#8191 = DIRECTION('',(1.465582162445E-06,0.999999999999,0.));
#8192 = CYLINDRICAL_SURFACE('',#8193,1.000004594775);
#8193 = AXIS2_PLACEMENT_3D('',#8194,#8195,#8196);
#8194 = CARTESIAN_POINT('',(12.499998534411,-20.00000459477,0.));
#8195 = DIRECTION('',(-0.,-0.,1.));
#8196 = DIRECTION('',(1.465582162445E-06,0.999999999999,0.));
#8197 = ADVANCED_FACE('',(#8198),#8223,.F.);
#8198 = FACE_BOUND('',#8199,.F.);
#8199 = EDGE_LOOP('',(#8200,#8201,#8209,#8217));
#8200 = ORIENTED_EDGE('',*,*,#8178,.T.);
#8201 = ORIENTED_EDGE('',*,*,#8202,.T.);
#8202 = EDGE_CURVE('',#8170,#8203,#8205,.T.);
#8203 = VERTEX_POINT('',#8204);
#8204 = CARTESIAN_POINT('',(15.074214,-21.16,-3.5E-02));
#8205 = LINE('',#8206,#8207);
#8206 = CARTESIAN_POINT('',(13.207107,-19.292893,-3.5E-02));
#8207 = VECTOR('',#8208,1.);
#8208 = DIRECTION('',(0.707106781187,-0.707106781187,0.));
#8209 = ORIENTED_EDGE('',*,*,#8210,.F.);
#8210 = EDGE_CURVE('',#8211,#8203,#8213,.T.);
#8211 = VERTEX_POINT('',#8212);
#8212 = CARTESIAN_POINT('',(15.074214,-21.16,0.));
#8213 = LINE('',#8214,#8215);
#8214 = CARTESIAN_POINT('',(15.074214,-21.16,0.));
#8215 = VECTOR('',#8216,1.);
#8216 = DIRECTION('',(0.,0.,-1.));
#8217 = ORIENTED_EDGE('',*,*,#8218,.F.);
#8218 = EDGE_CURVE('',#8179,#8211,#8219,.T.);
#8219 = LINE('',#8220,#8221);
#8220 = CARTESIAN_POINT('',(13.207107,-19.292893,0.));
#8221 = VECTOR('',#8222,1.);
#8222 = DIRECTION('',(0.707106781187,-0.707106781187,0.));
#8223 = PLANE('',#8224);
#8224 = AXIS2_PLACEMENT_3D('',#8225,#8226,#8227);
#8225 = CARTESIAN_POINT('',(13.207107,-19.292893,0.));
#8226 = DIRECTION('',(-0.707106781187,-0.707106781187,-0.));
#8227 = DIRECTION('',(0.707106781187,-0.707106781187,0.));
#8228 = ADVANCED_FACE('',(#8229),#8254,.F.);
#8229 = FACE_BOUND('',#8230,.F.);
#8230 = EDGE_LOOP('',(#8231,#8232,#8240,#8248));
#8231 = ORIENTED_EDGE('',*,*,#8210,.T.);
#8232 = ORIENTED_EDGE('',*,*,#8233,.T.);
#8233 = EDGE_CURVE('',#8203,#8234,#8236,.T.);
#8234 = VERTEX_POINT('',#8235);
#8235 = CARTESIAN_POINT('',(16.11,-21.16,-3.5E-02));
#8236 = LINE('',#8237,#8238);
#8237 = CARTESIAN_POINT('',(15.074214,-21.16,-3.5E-02));
#8238 = VECTOR('',#8239,1.);
#8239 = DIRECTION('',(1.,0.,0.));
#8240 = ORIENTED_EDGE('',*,*,#8241,.F.);
#8241 = EDGE_CURVE('',#8242,#8234,#8244,.T.);
#8242 = VERTEX_POINT('',#8243);
#8243 = CARTESIAN_POINT('',(16.11,-21.16,0.));
#8244 = LINE('',#8245,#8246);
#8245 = CARTESIAN_POINT('',(16.11,-21.16,0.));
#8246 = VECTOR('',#8247,1.);
#8247 = DIRECTION('',(0.,0.,-1.));
#8248 = ORIENTED_EDGE('',*,*,#8249,.F.);
#8249 = EDGE_CURVE('',#8211,#8242,#8250,.T.);
#8250 = LINE('',#8251,#8252);
#8251 = CARTESIAN_POINT('',(15.074214,-21.16,0.));
#8252 = VECTOR('',#8253,1.);
#8253 = DIRECTION('',(1.,0.,0.));
#8254 = PLANE('',#8255);
#8255 = AXIS2_PLACEMENT_3D('',#8256,#8257,#8258);
#8256 = CARTESIAN_POINT('',(15.074214,-21.16,0.));
#8257 = DIRECTION('',(0.,-1.,0.));
#8258 = DIRECTION('',(1.,0.,0.));
#8259 = ADVANCED_FACE('',(#8260),#8287,.T.);
#8260 = FACE_BOUND('',#8261,.F.);
#8261 = EDGE_LOOP('',(#8262,#8263,#8272,#8280));
#8262 = ORIENTED_EDGE('',*,*,#8241,.T.);
#8263 = ORIENTED_EDGE('',*,*,#8264,.T.);
#8264 = EDGE_CURVE('',#8234,#8265,#8267,.T.);
#8265 = VERTEX_POINT('',#8266);
#8266 = CARTESIAN_POINT('',(16.11,-23.16,-3.5E-02));
#8267 = CIRCLE('',#8268,1.);
#8268 = AXIS2_PLACEMENT_3D('',#8269,#8270,#8271);
#8269 = CARTESIAN_POINT('',(16.110000259507,-22.16,-3.5E-02));
#8270 = DIRECTION('',(0.,0.,-1.));
#8271 = DIRECTION('',(-2.595065247135E-07,1.,-0.));
#8272 = ORIENTED_EDGE('',*,*,#8273,.F.);
#8273 = EDGE_CURVE('',#8274,#8265,#8276,.T.);
#8274 = VERTEX_POINT('',#8275);
#8275 = CARTESIAN_POINT('',(16.11,-23.16,0.));
#8276 = LINE('',#8277,#8278);
#8277 = CARTESIAN_POINT('',(16.11,-23.16,0.));
#8278 = VECTOR('',#8279,1.);
#8279 = DIRECTION('',(0.,0.,-1.));
#8280 = ORIENTED_EDGE('',*,*,#8281,.F.);
#8281 = EDGE_CURVE('',#8242,#8274,#8282,.T.);
#8282 = CIRCLE('',#8283,1.);
#8283 = AXIS2_PLACEMENT_3D('',#8284,#8285,#8286);
#8284 = CARTESIAN_POINT('',(16.110000259507,-22.16,0.));
#8285 = DIRECTION('',(0.,0.,-1.));
#8286 = DIRECTION('',(-2.595065247135E-07,1.,-0.));
#8287 = CYLINDRICAL_SURFACE('',#8288,1.);
#8288 = AXIS2_PLACEMENT_3D('',#8289,#8290,#8291);
#8289 = CARTESIAN_POINT('',(16.110000259507,-22.16,0.));
#8290 = DIRECTION('',(-0.,-0.,1.));
#8291 = DIRECTION('',(-2.595065247135E-07,1.,-0.));
#8292 = ADVANCED_FACE('',(#8293),#8318,.F.);
#8293 = FACE_BOUND('',#8294,.F.);
#8294 = EDGE_LOOP('',(#8295,#8296,#8304,#8312));
#8295 = ORIENTED_EDGE('',*,*,#8273,.T.);
#8296 = ORIENTED_EDGE('',*,*,#8297,.T.);
#8297 = EDGE_CURVE('',#8265,#8298,#8300,.T.);
#8298 = VERTEX_POINT('',#8299);
#8299 = CARTESIAN_POINT('',(14.66,-23.16,-3.5E-02));
#8300 = LINE('',#8301,#8302);
#8301 = CARTESIAN_POINT('',(16.11,-23.16,-3.5E-02));
#8302 = VECTOR('',#8303,1.);
#8303 = DIRECTION('',(-1.,0.,0.));
#8304 = ORIENTED_EDGE('',*,*,#8305,.F.);
#8305 = EDGE_CURVE('',#8306,#8298,#8308,.T.);
#8306 = VERTEX_POINT('',#8307);
#8307 = CARTESIAN_POINT('',(14.66,-23.16,0.));
#8308 = LINE('',#8309,#8310);
#8309 = CARTESIAN_POINT('',(14.66,-23.16,0.));
#8310 = VECTOR('',#8311,1.);
#8311 = DIRECTION('',(0.,0.,-1.));
#8312 = ORIENTED_EDGE('',*,*,#8313,.F.);
#8313 = EDGE_CURVE('',#8274,#8306,#8314,.T.);
#8314 = LINE('',#8315,#8316);
#8315 = CARTESIAN_POINT('',(16.11,-23.16,0.));
#8316 = VECTOR('',#8317,1.);
#8317 = DIRECTION('',(-1.,0.,0.));
#8318 = PLANE('',#8319);
#8319 = AXIS2_PLACEMENT_3D('',#8320,#8321,#8322);
#8320 = CARTESIAN_POINT('',(16.11,-23.16,0.));
#8321 = DIRECTION('',(0.,1.,0.));
#8322 = DIRECTION('',(-1.,0.,0.));
#8323 = ADVANCED_FACE('',(#8324),#8351,.T.);
#8324 = FACE_BOUND('',#8325,.F.);
#8325 = EDGE_LOOP('',(#8326,#8327,#8336,#8344));
#8326 = ORIENTED_EDGE('',*,*,#8305,.T.);
#8327 = ORIENTED_EDGE('',*,*,#8328,.T.);
#8328 = EDGE_CURVE('',#8298,#8329,#8331,.T.);
#8329 = VERTEX_POINT('',#8330);
#8330 = CARTESIAN_POINT('',(13.952893,-22.867107,-3.5E-02));
#8331 = CIRCLE('',#8332,1.000004594775);
#8332 = AXIS2_PLACEMENT_3D('',#8333,#8334,#8335);
#8333 = CARTESIAN_POINT('',(14.660001465589,-22.15999540522,-3.5E-02));
#8334 = DIRECTION('',(0.,0.,-1.));
#8335 = DIRECTION('',(-1.465582160669E-06,-0.999999999999,-0.));
#8336 = ORIENTED_EDGE('',*,*,#8337,.F.);
#8337 = EDGE_CURVE('',#8338,#8329,#8340,.T.);
#8338 = VERTEX_POINT('',#8339);
#8339 = CARTESIAN_POINT('',(13.952893,-22.867107,0.));
#8340 = LINE('',#8341,#8342);
#8341 = CARTESIAN_POINT('',(13.952893,-22.867107,0.));
#8342 = VECTOR('',#8343,1.);
#8343 = DIRECTION('',(0.,0.,-1.));
#8344 = ORIENTED_EDGE('',*,*,#8345,.F.);
#8345 = EDGE_CURVE('',#8306,#8338,#8346,.T.);
#8346 = CIRCLE('',#8347,1.000004594775);
#8347 = AXIS2_PLACEMENT_3D('',#8348,#8349,#8350);
#8348 = CARTESIAN_POINT('',(14.660001465589,-22.15999540522,0.));
#8349 = DIRECTION('',(0.,0.,-1.));
#8350 = DIRECTION('',(-1.465582160669E-06,-0.999999999999,-0.));
#8351 = CYLINDRICAL_SURFACE('',#8352,1.000004594775);
#8352 = AXIS2_PLACEMENT_3D('',#8353,#8354,#8355);
#8353 = CARTESIAN_POINT('',(14.660001465589,-22.15999540522,0.));
#8354 = DIRECTION('',(-0.,-0.,1.));
#8355 = DIRECTION('',(-1.465582160669E-06,-0.999999999999,-0.));
#8356 = ADVANCED_FACE('',(#8357),#8382,.F.);
#8357 = FACE_BOUND('',#8358,.F.);
#8358 = EDGE_LOOP('',(#8359,#8360,#8368,#8376));
#8359 = ORIENTED_EDGE('',*,*,#8337,.T.);
#8360 = ORIENTED_EDGE('',*,*,#8361,.T.);
#8361 = EDGE_CURVE('',#8329,#8362,#8364,.T.);
#8362 = VERTEX_POINT('',#8363);
#8363 = CARTESIAN_POINT('',(12.085786,-21.,-3.5E-02));
#8364 = LINE('',#8365,#8366);
#8365 = CARTESIAN_POINT('',(13.952893,-22.867107,-3.5E-02));
#8366 = VECTOR('',#8367,1.);
#8367 = DIRECTION('',(-0.707106781187,0.707106781187,0.));
#8368 = ORIENTED_EDGE('',*,*,#8369,.F.);
#8369 = EDGE_CURVE('',#8370,#8362,#8372,.T.);
#8370 = VERTEX_POINT('',#8371);
#8371 = CARTESIAN_POINT('',(12.085786,-21.,0.));
#8372 = LINE('',#8373,#8374);
#8373 = CARTESIAN_POINT('',(12.085786,-21.,0.));
#8374 = VECTOR('',#8375,1.);
#8375 = DIRECTION('',(0.,0.,-1.));
#8376 = ORIENTED_EDGE('',*,*,#8377,.F.);
#8377 = EDGE_CURVE('',#8338,#8370,#8378,.T.);
#8378 = LINE('',#8379,#8380);
#8379 = CARTESIAN_POINT('',(13.952893,-22.867107,0.));
#8380 = VECTOR('',#8381,1.);
#8381 = DIRECTION('',(-0.707106781187,0.707106781187,0.));
#8382 = PLANE('',#8383);
#8383 = AXIS2_PLACEMENT_3D('',#8384,#8385,#8386);
#8384 = CARTESIAN_POINT('',(13.952893,-22.867107,0.));
#8385 = DIRECTION('',(0.707106781187,0.707106781187,0.));
#8386 = DIRECTION('',(-0.707106781187,0.707106781187,0.));
#8387 = ADVANCED_FACE('',(#8388),#8404,.F.);
#8388 = FACE_BOUND('',#8389,.F.);
#8389 = EDGE_LOOP('',(#8390,#8391,#8397,#8398));
#8390 = ORIENTED_EDGE('',*,*,#8369,.T.);
#8391 = ORIENTED_EDGE('',*,*,#8392,.T.);
#8392 = EDGE_CURVE('',#8362,#8098,#8393,.T.);
#8393 = LINE('',#8394,#8395);
#8394 = CARTESIAN_POINT('',(12.085786,-21.,-3.5E-02));
#8395 = VECTOR('',#8396,1.);
#8396 = DIRECTION('',(-1.,0.,0.));
#8397 = ORIENTED_EDGE('',*,*,#8095,.F.);
#8398 = ORIENTED_EDGE('',*,*,#8399,.F.);
#8399 = EDGE_CURVE('',#8370,#8096,#8400,.T.);
#8400 = LINE('',#8401,#8402);
#8401 = CARTESIAN_POINT('',(12.085786,-21.,0.));
#8402 = VECTOR('',#8403,1.);
#8403 = DIRECTION('',(-1.,0.,0.));
#8404 = PLANE('',#8405);
#8405 = AXIS2_PLACEMENT_3D('',#8406,#8407,#8408);
#8406 = CARTESIAN_POINT('',(12.085786,-21.,0.));
#8407 = DIRECTION('',(0.,1.,0.));
#8408 = DIRECTION('',(-1.,0.,0.));
#8409 = ADVANCED_FACE('',(#8410),#8437,.F.);
#8410 = FACE_BOUND('',#8411,.F.);
#8411 = EDGE_LOOP('',(#8412,#8422,#8429,#8430));
#8412 = ORIENTED_EDGE('',*,*,#8413,.T.);
#8413 = EDGE_CURVE('',#8414,#8416,#8418,.T.);
#8414 = VERTEX_POINT('',#8415);
#8415 = CARTESIAN_POINT('',(16.597392,-22.16,0.));
#8416 = VERTEX_POINT('',#8417);
#8417 = CARTESIAN_POINT('',(16.597392,-22.16,-3.5E-02));
#8418 = LINE('',#8419,#8420);
#8419 = CARTESIAN_POINT('',(16.597392,-22.16,0.));
#8420 = VECTOR('',#8421,1.);
#8421 = DIRECTION('',(0.,0.,-1.));
#8422 = ORIENTED_EDGE('',*,*,#8423,.T.);
#8423 = EDGE_CURVE('',#8416,#8416,#8424,.T.);
#8424 = CIRCLE('',#8425,0.487392);
#8425 = AXIS2_PLACEMENT_3D('',#8426,#8427,#8428);
#8426 = CARTESIAN_POINT('',(16.11,-22.16,-3.5E-02));
#8427 = DIRECTION('',(0.,0.,1.));
#8428 = DIRECTION('',(1.,0.,-0.));
#8429 = ORIENTED_EDGE('',*,*,#8413,.F.);
#8430 = ORIENTED_EDGE('',*,*,#8431,.F.);
#8431 = EDGE_CURVE('',#8414,#8414,#8432,.T.);
#8432 = CIRCLE('',#8433,0.487392);
#8433 = AXIS2_PLACEMENT_3D('',#8434,#8435,#8436);
#8434 = CARTESIAN_POINT('',(16.11,-22.16,0.));
#8435 = DIRECTION('',(0.,0.,1.));
#8436 = DIRECTION('',(1.,0.,-0.));
#8437 = CYLINDRICAL_SURFACE('',#8438,0.487392);
#8438 = AXIS2_PLACEMENT_3D('',#8439,#8440,#8441);
#8439 = CARTESIAN_POINT('',(16.11,-22.16,0.));
#8440 = DIRECTION('',(0.,0.,1.));
#8441 = DIRECTION('',(1.,0.,-0.));
#8442 = ADVANCED_FACE('',(#8443),#8470,.F.);
#8443 = FACE_BOUND('',#8444,.F.);
#8444 = EDGE_LOOP('',(#8445,#8455,#8462,#8463));
#8445 = ORIENTED_EDGE('',*,*,#8446,.T.);
#8446 = EDGE_CURVE('',#8447,#8449,#8451,.T.);
#8447 = VERTEX_POINT('',#8448);
#8448 = CARTESIAN_POINT('',(6.537392,-20.,0.));
#8449 = VERTEX_POINT('',#8450);
#8450 = CARTESIAN_POINT('',(6.537392,-20.,-3.5E-02));
#8451 = LINE('',#8452,#8453);
#8452 = CARTESIAN_POINT('',(6.537392,-20.,0.));
#8453 = VECTOR('',#8454,1.);
#8454 = DIRECTION('',(0.,0.,-1.));
#8455 = ORIENTED_EDGE('',*,*,#8456,.T.);
#8456 = EDGE_CURVE('',#8449,#8449,#8457,.T.);
#8457 = CIRCLE('',#8458,0.537392);
#8458 = AXIS2_PLACEMENT_3D('',#8459,#8460,#8461);
#8459 = CARTESIAN_POINT('',(6.,-20.,-3.5E-02));
#8460 = DIRECTION('',(0.,0.,1.));
#8461 = DIRECTION('',(1.,0.,-0.));
#8462 = ORIENTED_EDGE('',*,*,#8446,.F.);
#8463 = ORIENTED_EDGE('',*,*,#8464,.F.);
#8464 = EDGE_CURVE('',#8447,#8447,#8465,.T.);
#8465 = CIRCLE('',#8466,0.537392);
#8466 = AXIS2_PLACEMENT_3D('',#8467,#8468,#8469);
#8467 = CARTESIAN_POINT('',(6.,-20.,0.));
#8468 = DIRECTION('',(0.,0.,1.));
#8469 = DIRECTION('',(1.,0.,-0.));
#8470 = CYLINDRICAL_SURFACE('',#8471,0.537392);
#8471 = AXIS2_PLACEMENT_3D('',#8472,#8473,#8474);
#8472 = CARTESIAN_POINT('',(6.,-20.,0.));
#8473 = DIRECTION('',(0.,0.,1.));
#8474 = DIRECTION('',(1.,0.,-0.));
#8475 = ADVANCED_FACE('',(#8476),#8503,.F.);
#8476 = FACE_BOUND('',#8477,.F.);
#8477 = EDGE_LOOP('',(#8478,#8488,#8495,#8496));
#8478 = ORIENTED_EDGE('',*,*,#8479,.T.);
#8479 = EDGE_CURVE('',#8480,#8482,#8484,.T.);
#8480 = VERTEX_POINT('',#8481);
#8481 = CARTESIAN_POINT('',(13.037392,-20.,0.));
#8482 = VERTEX_POINT('',#8483);
#8483 = CARTESIAN_POINT('',(13.037392,-20.,-3.5E-02));
#8484 = LINE('',#8485,#8486);
#8485 = CARTESIAN_POINT('',(13.037392,-20.,0.));
#8486 = VECTOR('',#8487,1.);
#8487 = DIRECTION('',(0.,0.,-1.));
#8488 = ORIENTED_EDGE('',*,*,#8489,.T.);
#8489 = EDGE_CURVE('',#8482,#8482,#8490,.T.);
#8490 = CIRCLE('',#8491,0.537392);
#8491 = AXIS2_PLACEMENT_3D('',#8492,#8493,#8494);
#8492 = CARTESIAN_POINT('',(12.5,-20.,-3.5E-02));
#8493 = DIRECTION('',(0.,0.,1.));
#8494 = DIRECTION('',(1.,0.,-0.));
#8495 = ORIENTED_EDGE('',*,*,#8479,.F.);
#8496 = ORIENTED_EDGE('',*,*,#8497,.F.);
#8497 = EDGE_CURVE('',#8480,#8480,#8498,.T.);
#8498 = CIRCLE('',#8499,0.537392);
#8499 = AXIS2_PLACEMENT_3D('',#8500,#8501,#8502);
#8500 = CARTESIAN_POINT('',(12.5,-20.,0.));
#8501 = DIRECTION('',(0.,0.,1.));
#8502 = DIRECTION('',(1.,0.,-0.));
#8503 = CYLINDRICAL_SURFACE('',#8504,0.537392);
#8504 = AXIS2_PLACEMENT_3D('',#8505,#8506,#8507);
#8505 = CARTESIAN_POINT('',(12.5,-20.,0.));
#8506 = DIRECTION('',(0.,0.,1.));
#8507 = DIRECTION('',(1.,0.,-0.));
#8508 = ADVANCED_FACE('',(#8509,#8521,#8524,#8527),#8530,.F.);
#8509 = FACE_BOUND('',#8510,.F.);
#8510 = EDGE_LOOP('',(#8511,#8512,#8513,#8514,#8515,#8516,#8517,#8518,
    #8519,#8520));
#8511 = ORIENTED_EDGE('',*,*,#8122,.T.);
#8512 = ORIENTED_EDGE('',*,*,#8154,.T.);
#8513 = ORIENTED_EDGE('',*,*,#8186,.T.);
#8514 = ORIENTED_EDGE('',*,*,#8218,.T.);
#8515 = ORIENTED_EDGE('',*,*,#8249,.T.);
#8516 = ORIENTED_EDGE('',*,*,#8281,.T.);
#8517 = ORIENTED_EDGE('',*,*,#8313,.T.);
#8518 = ORIENTED_EDGE('',*,*,#8345,.T.);
#8519 = ORIENTED_EDGE('',*,*,#8377,.T.);
#8520 = ORIENTED_EDGE('',*,*,#8399,.T.);
#8521 = FACE_BOUND('',#8522,.F.);
#8522 = EDGE_LOOP('',(#8523));
#8523 = ORIENTED_EDGE('',*,*,#8431,.T.);
#8524 = FACE_BOUND('',#8525,.F.);
#8525 = EDGE_LOOP('',(#8526));
#8526 = ORIENTED_EDGE('',*,*,#8464,.T.);
#8527 = FACE_BOUND('',#8528,.F.);
#8528 = EDGE_LOOP('',(#8529));
#8529 = ORIENTED_EDGE('',*,*,#8497,.T.);
#8530 = PLANE('',#8531);
#8531 = AXIS2_PLACEMENT_3D('',#8532,#8533,#8534);
#8532 = CARTESIAN_POINT('',(0.,0.,0.));
#8533 = DIRECTION('',(-0.,-0.,-1.));
#8534 = DIRECTION('',(-1.,0.,0.));
#8535 = ADVANCED_FACE('',(#8536,#8548,#8551,#8554),#8557,.T.);
#8536 = FACE_BOUND('',#8537,.T.);
#8537 = EDGE_LOOP('',(#8538,#8539,#8540,#8541,#8542,#8543,#8544,#8545,
    #8546,#8547));
#8538 = ORIENTED_EDGE('',*,*,#8105,.T.);
#8539 = ORIENTED_EDGE('',*,*,#8138,.T.);
#8540 = ORIENTED_EDGE('',*,*,#8169,.T.);
#8541 = ORIENTED_EDGE('',*,*,#8202,.T.);
#8542 = ORIENTED_EDGE('',*,*,#8233,.T.);
#8543 = ORIENTED_EDGE('',*,*,#8264,.T.);
#8544 = ORIENTED_EDGE('',*,*,#8297,.T.);
#8545 = ORIENTED_EDGE('',*,*,#8328,.T.);
#8546 = ORIENTED_EDGE('',*,*,#8361,.T.);
#8547 = ORIENTED_EDGE('',*,*,#8392,.T.);
#8548 = FACE_BOUND('',#8549,.T.);
#8549 = EDGE_LOOP('',(#8550));
#8550 = ORIENTED_EDGE('',*,*,#8423,.T.);
#8551 = FACE_BOUND('',#8552,.T.);
#8552 = EDGE_LOOP('',(#8553));
#8553 = ORIENTED_EDGE('',*,*,#8456,.T.);
#8554 = FACE_BOUND('',#8555,.T.);
#8555 = EDGE_LOOP('',(#8556));
#8556 = ORIENTED_EDGE('',*,*,#8489,.T.);
#8557 = PLANE('',#8558);
#8558 = AXIS2_PLACEMENT_3D('',#8559,#8560,#8561);
#8559 = CARTESIAN_POINT('',(0.,0.,-3.5E-02));
#8560 = DIRECTION('',(-0.,-0.,-1.));
#8561 = DIRECTION('',(-1.,0.,0.));
#8562 = MANIFOLD_SOLID_BREP('',#8563);
#8563 = CLOSED_SHELL('',(#8564,#8606,#8637,#8670,#8701,#8732,#8763,#8796
    ,#8827,#8860,#8891,#8922,#8953,#8984,#9015,#9048,#9079,#9112,#9143,
    #9174,#9205,#9236,#9267,#9300,#9331,#9364,#9395,#9428,#9459,#9490,
    #9521,#9552,#9585,#9616,#9647,#9678,#9709,#9742,#9773,#9806,#9837,
    #9868,#9899,#9930,#9963,#9994,#10027,#10058,#10089,#10122,#10153,
    #10186,#10217,#10248,#10279,#10310,#10341,#10372,#10403,#10436,
    #10467,#10498,#10529,#10562,#10593,#10626,#10657,#10688,#10719,
    #10750,#10781,#10812,#10845,#10876,#10909,#10940,#10973,#11004,
    #11035,#11068,#11099,#11132,#11163,#11196,#11227,#11258,#11289,
    #11311,#11344,#11377,#11410,#11443,#11476,#11509,#11542,#11575,
    #11608,#11641,#11674,#11802));
#8564 = ADVANCED_FACE('',(#8565),#8601,.T.);
#8565 = FACE_BOUND('',#8566,.F.);
#8566 = EDGE_LOOP('',(#8567,#8577,#8586,#8594));
#8567 = ORIENTED_EDGE('',*,*,#8568,.T.);
#8568 = EDGE_CURVE('',#8569,#8571,#8573,.T.);
#8569 = VERTEX_POINT('',#8570);
#8570 = CARTESIAN_POINT('',(2.004815,-14.638017,0.));
#8571 = VERTEX_POINT('',#8572);
#8572 = CARTESIAN_POINT('',(2.004815,-14.638017,-3.5E-02));
#8573 = LINE('',#8574,#8575);
#8574 = CARTESIAN_POINT('',(2.004815,-14.638017,0.));
#8575 = VECTOR('',#8576,1.);
#8576 = DIRECTION('',(0.,0.,-1.));
#8577 = ORIENTED_EDGE('',*,*,#8578,.T.);
#8578 = EDGE_CURVE('',#8571,#8579,#8581,.T.);
#8579 = VERTEX_POINT('',#8580);
#8580 = CARTESIAN_POINT('',(3.,-13.54,-3.5E-02));
#8581 = CIRCLE('',#8582,1.000001500842);
#8582 = AXIS2_PLACEMENT_3D('',#8583,#8584,#8585);
#8583 = CARTESIAN_POINT('',(3.000001396416,-14.54000150084,-3.5E-02));
#8584 = DIRECTION('',(0.,0.,-1.));
#8585 = DIRECTION('',(-0.9951849028,-9.8015352053E-02,-0.));
#8586 = ORIENTED_EDGE('',*,*,#8587,.F.);
#8587 = EDGE_CURVE('',#8588,#8579,#8590,.T.);
#8588 = VERTEX_POINT('',#8589);
#8589 = CARTESIAN_POINT('',(3.,-13.54,0.));
#8590 = LINE('',#8591,#8592);
#8591 = CARTESIAN_POINT('',(3.,-13.54,0.));
#8592 = VECTOR('',#8593,1.);
#8593 = DIRECTION('',(0.,0.,-1.));
#8594 = ORIENTED_EDGE('',*,*,#8595,.F.);
#8595 = EDGE_CURVE('',#8569,#8588,#8596,.T.);
#8596 = CIRCLE('',#8597,1.000001500842);
#8597 = AXIS2_PLACEMENT_3D('',#8598,#8599,#8600);
#8598 = CARTESIAN_POINT('',(3.000001396416,-14.54000150084,0.));
#8599 = DIRECTION('',(0.,0.,-1.));
#8600 = DIRECTION('',(-0.9951849028,-9.8015352053E-02,-0.));
#8601 = CYLINDRICAL_SURFACE('',#8602,1.000001500842);
#8602 = AXIS2_PLACEMENT_3D('',#8603,#8604,#8605);
#8603 = CARTESIAN_POINT('',(3.000001396416,-14.54000150084,0.));
#8604 = DIRECTION('',(-0.,-0.,1.));
#8605 = DIRECTION('',(-0.9951849028,-9.8015352053E-02,-0.));
#8606 = ADVANCED_FACE('',(#8607),#8632,.F.);
#8607 = FACE_BOUND('',#8608,.F.);
#8608 = EDGE_LOOP('',(#8609,#8610,#8618,#8626));
#8609 = ORIENTED_EDGE('',*,*,#8587,.T.);
#8610 = ORIENTED_EDGE('',*,*,#8611,.T.);
#8611 = EDGE_CURVE('',#8579,#8612,#8614,.T.);
#8612 = VERTEX_POINT('',#8613);
#8613 = CARTESIAN_POINT('',(16.11,-13.54,-3.5E-02));
#8614 = LINE('',#8615,#8616);
#8615 = CARTESIAN_POINT('',(3.,-13.54,-3.5E-02));
#8616 = VECTOR('',#8617,1.);
#8617 = DIRECTION('',(1.,0.,0.));
#8618 = ORIENTED_EDGE('',*,*,#8619,.F.);
#8619 = EDGE_CURVE('',#8620,#8612,#8622,.T.);
#8620 = VERTEX_POINT('',#8621);
#8621 = CARTESIAN_POINT('',(16.11,-13.54,0.));
#8622 = LINE('',#8623,#8624);
#8623 = CARTESIAN_POINT('',(16.11,-13.54,0.));
#8624 = VECTOR('',#8625,1.);
#8625 = DIRECTION('',(0.,0.,-1.));
#8626 = ORIENTED_EDGE('',*,*,#8627,.F.);
#8627 = EDGE_CURVE('',#8588,#8620,#8628,.T.);
#8628 = LINE('',#8629,#8630);
#8629 = CARTESIAN_POINT('',(3.,-13.54,0.));
#8630 = VECTOR('',#8631,1.);
#8631 = DIRECTION('',(1.,0.,0.));
#8632 = PLANE('',#8633);
#8633 = AXIS2_PLACEMENT_3D('',#8634,#8635,#8636);
#8634 = CARTESIAN_POINT('',(3.,-13.54,0.));
#8635 = DIRECTION('',(0.,-1.,0.));
#8636 = DIRECTION('',(1.,0.,0.));
#8637 = ADVANCED_FACE('',(#8638),#8665,.T.);
#8638 = FACE_BOUND('',#8639,.F.);
#8639 = EDGE_LOOP('',(#8640,#8641,#8650,#8658));
#8640 = ORIENTED_EDGE('',*,*,#8619,.T.);
#8641 = ORIENTED_EDGE('',*,*,#8642,.T.);
#8642 = EDGE_CURVE('',#8612,#8643,#8645,.T.);
#8643 = VERTEX_POINT('',#8644);
#8644 = CARTESIAN_POINT('',(16.11,-15.54,-3.5E-02));
#8645 = CIRCLE('',#8646,1.);
#8646 = AXIS2_PLACEMENT_3D('',#8647,#8648,#8649);
#8647 = CARTESIAN_POINT('',(16.110000259507,-14.54,-3.5E-02));
#8648 = DIRECTION('',(0.,0.,-1.));
#8649 = DIRECTION('',(-2.595065247135E-07,1.,-0.));
#8650 = ORIENTED_EDGE('',*,*,#8651,.F.);
#8651 = EDGE_CURVE('',#8652,#8643,#8654,.T.);
#8652 = VERTEX_POINT('',#8653);
#8653 = CARTESIAN_POINT('',(16.11,-15.54,0.));
#8654 = LINE('',#8655,#8656);
#8655 = CARTESIAN_POINT('',(16.11,-15.54,0.));
#8656 = VECTOR('',#8657,1.);
#8657 = DIRECTION('',(0.,0.,-1.));
#8658 = ORIENTED_EDGE('',*,*,#8659,.F.);
#8659 = EDGE_CURVE('',#8620,#8652,#8660,.T.);
#8660 = CIRCLE('',#8661,1.);
#8661 = AXIS2_PLACEMENT_3D('',#8662,#8663,#8664);
#8662 = CARTESIAN_POINT('',(16.110000259507,-14.54,0.));
#8663 = DIRECTION('',(0.,0.,-1.));
#8664 = DIRECTION('',(-2.595065247135E-07,1.,-0.));
#8665 = CYLINDRICAL_SURFACE('',#8666,1.);
#8666 = AXIS2_PLACEMENT_3D('',#8667,#8668,#8669);
#8667 = CARTESIAN_POINT('',(16.110000259507,-14.54,0.));
#8668 = DIRECTION('',(-0.,-0.,1.));
#8669 = DIRECTION('',(-2.595065247135E-07,1.,-0.));
#8670 = ADVANCED_FACE('',(#8671),#8696,.F.);
#8671 = FACE_BOUND('',#8672,.F.);
#8672 = EDGE_LOOP('',(#8673,#8674,#8682,#8690));
#8673 = ORIENTED_EDGE('',*,*,#8651,.T.);
#8674 = ORIENTED_EDGE('',*,*,#8675,.T.);
#8675 = EDGE_CURVE('',#8643,#8676,#8678,.T.);
#8676 = VERTEX_POINT('',#8677);
#8677 = CARTESIAN_POINT('',(4.,-15.54,-3.5E-02));
#8678 = LINE('',#8679,#8680);
#8679 = CARTESIAN_POINT('',(16.11,-15.54,-3.5E-02));
#8680 = VECTOR('',#8681,1.);
#8681 = DIRECTION('',(-1.,0.,0.));
#8682 = ORIENTED_EDGE('',*,*,#8683,.F.);
#8683 = EDGE_CURVE('',#8684,#8676,#8686,.T.);
#8684 = VERTEX_POINT('',#8685);
#8685 = CARTESIAN_POINT('',(4.,-15.54,0.));
#8686 = LINE('',#8687,#8688);
#8687 = CARTESIAN_POINT('',(4.,-15.54,0.));
#8688 = VECTOR('',#8689,1.);
#8689 = DIRECTION('',(0.,0.,-1.));
#8690 = ORIENTED_EDGE('',*,*,#8691,.F.);
#8691 = EDGE_CURVE('',#8652,#8684,#8692,.T.);
#8692 = LINE('',#8693,#8694);
#8693 = CARTESIAN_POINT('',(16.11,-15.54,0.));
#8694 = VECTOR('',#8695,1.);
#8695 = DIRECTION('',(-1.,0.,0.));
#8696 = PLANE('',#8697);
#8697 = AXIS2_PLACEMENT_3D('',#8698,#8699,#8700);
#8698 = CARTESIAN_POINT('',(16.11,-15.54,0.));
#8699 = DIRECTION('',(0.,1.,0.));
#8700 = DIRECTION('',(-1.,0.,0.));
#8701 = ADVANCED_FACE('',(#8702),#8727,.F.);
#8702 = FACE_BOUND('',#8703,.F.);
#8703 = EDGE_LOOP('',(#8704,#8705,#8713,#8721));
#8704 = ORIENTED_EDGE('',*,*,#8683,.T.);
#8705 = ORIENTED_EDGE('',*,*,#8706,.T.);
#8706 = EDGE_CURVE('',#8676,#8707,#8709,.T.);
#8707 = VERTEX_POINT('',#8708);
#8708 = CARTESIAN_POINT('',(4.,-25.085786,-3.5E-02));
#8709 = LINE('',#8710,#8711);
#8710 = CARTESIAN_POINT('',(4.,-15.54,-3.5E-02));
#8711 = VECTOR('',#8712,1.);
#8712 = DIRECTION('',(0.,-1.,0.));
#8713 = ORIENTED_EDGE('',*,*,#8714,.F.);
#8714 = EDGE_CURVE('',#8715,#8707,#8717,.T.);
#8715 = VERTEX_POINT('',#8716);
#8716 = CARTESIAN_POINT('',(4.,-25.085786,0.));
#8717 = LINE('',#8718,#8719);
#8718 = CARTESIAN_POINT('',(4.,-25.085786,0.));
#8719 = VECTOR('',#8720,1.);
#8720 = DIRECTION('',(0.,0.,-1.));
#8721 = ORIENTED_EDGE('',*,*,#8722,.F.);
#8722 = EDGE_CURVE('',#8684,#8715,#8723,.T.);
#8723 = LINE('',#8724,#8725);
#8724 = CARTESIAN_POINT('',(4.,-15.54,0.));
#8725 = VECTOR('',#8726,1.);
#8726 = DIRECTION('',(0.,-1.,0.));
#8727 = PLANE('',#8728);
#8728 = AXIS2_PLACEMENT_3D('',#8729,#8730,#8731);
#8729 = CARTESIAN_POINT('',(4.,-15.54,0.));
#8730 = DIRECTION('',(-1.,-0.,-0.));
#8731 = DIRECTION('',(0.,-1.,0.));
#8732 = ADVANCED_FACE('',(#8733),#8758,.F.);
#8733 = FACE_BOUND('',#8734,.F.);
#8734 = EDGE_LOOP('',(#8735,#8736,#8744,#8752));
#8735 = ORIENTED_EDGE('',*,*,#8714,.T.);
#8736 = ORIENTED_EDGE('',*,*,#8737,.T.);
#8737 = EDGE_CURVE('',#8707,#8738,#8740,.T.);
#8738 = VERTEX_POINT('',#8739);
#8739 = CARTESIAN_POINT('',(5.292893,-23.792893,-3.5E-02));
#8740 = LINE('',#8741,#8742);
#8741 = CARTESIAN_POINT('',(4.,-25.085786,-3.5E-02));
#8742 = VECTOR('',#8743,1.);
#8743 = DIRECTION('',(0.707106781187,0.707106781187,0.));
#8744 = ORIENTED_EDGE('',*,*,#8745,.F.);
#8745 = EDGE_CURVE('',#8746,#8738,#8748,.T.);
#8746 = VERTEX_POINT('',#8747);
#8747 = CARTESIAN_POINT('',(5.292893,-23.792893,0.));
#8748 = LINE('',#8749,#8750);
#8749 = CARTESIAN_POINT('',(5.292893,-23.792893,0.));
#8750 = VECTOR('',#8751,1.);
#8751 = DIRECTION('',(0.,0.,-1.));
#8752 = ORIENTED_EDGE('',*,*,#8753,.F.);
#8753 = EDGE_CURVE('',#8715,#8746,#8754,.T.);
#8754 = LINE('',#8755,#8756);
#8755 = CARTESIAN_POINT('',(4.,-25.085786,0.));
#8756 = VECTOR('',#8757,1.);
#8757 = DIRECTION('',(0.707106781187,0.707106781187,0.));
#8758 = PLANE('',#8759);
#8759 = AXIS2_PLACEMENT_3D('',#8760,#8761,#8762);
#8760 = CARTESIAN_POINT('',(4.,-25.085786,0.));
#8761 = DIRECTION('',(0.707106781187,-0.707106781187,0.));
#8762 = DIRECTION('',(0.707106781187,0.707106781187,0.));
#8763 = ADVANCED_FACE('',(#8764),#8791,.T.);
#8764 = FACE_BOUND('',#8765,.F.);
#8765 = EDGE_LOOP('',(#8766,#8767,#8776,#8784));
#8766 = ORIENTED_EDGE('',*,*,#8745,.T.);
#8767 = ORIENTED_EDGE('',*,*,#8768,.T.);
#8768 = EDGE_CURVE('',#8738,#8769,#8771,.T.);
#8769 = VERTEX_POINT('',#8770);
#8770 = CARTESIAN_POINT('',(6.,-23.5,-3.5E-02));
#8771 = CIRCLE('',#8772,1.000004086185);
#8772 = AXIS2_PLACEMENT_3D('',#8773,#8774,#8775);
#8773 = CARTESIAN_POINT('',(6.000001254924,-24.50000408618,-3.5E-02));
#8774 = DIRECTION('',(0.,0.,-1.));
#8775 = DIRECTION('',(-0.707105365561,0.707108196809,0.));
#8776 = ORIENTED_EDGE('',*,*,#8777,.F.);
#8777 = EDGE_CURVE('',#8778,#8769,#8780,.T.);
#8778 = VERTEX_POINT('',#8779);
#8779 = CARTESIAN_POINT('',(6.,-23.5,0.));
#8780 = LINE('',#8781,#8782);
#8781 = CARTESIAN_POINT('',(6.,-23.5,0.));
#8782 = VECTOR('',#8783,1.);
#8783 = DIRECTION('',(0.,0.,-1.));
#8784 = ORIENTED_EDGE('',*,*,#8785,.F.);
#8785 = EDGE_CURVE('',#8746,#8778,#8786,.T.);
#8786 = CIRCLE('',#8787,1.000004086185);
#8787 = AXIS2_PLACEMENT_3D('',#8788,#8789,#8790);
#8788 = CARTESIAN_POINT('',(6.000001254924,-24.50000408618,0.));
#8789 = DIRECTION('',(0.,0.,-1.));
#8790 = DIRECTION('',(-0.707105365561,0.707108196809,0.));
#8791 = CYLINDRICAL_SURFACE('',#8792,1.000004086185);
#8792 = AXIS2_PLACEMENT_3D('',#8793,#8794,#8795);
#8793 = CARTESIAN_POINT('',(6.000001254924,-24.50000408618,0.));
#8794 = DIRECTION('',(-0.,-0.,1.));
#8795 = DIRECTION('',(-0.707105365561,0.707108196809,0.));
#8796 = ADVANCED_FACE('',(#8797),#8822,.F.);
#8797 = FACE_BOUND('',#8798,.F.);
#8798 = EDGE_LOOP('',(#8799,#8800,#8808,#8816));
#8799 = ORIENTED_EDGE('',*,*,#8777,.T.);
#8800 = ORIENTED_EDGE('',*,*,#8801,.T.);
#8801 = EDGE_CURVE('',#8769,#8802,#8804,.T.);
#8802 = VERTEX_POINT('',#8803);
#8803 = CARTESIAN_POINT('',(12.5,-23.5,-3.5E-02));
#8804 = LINE('',#8805,#8806);
#8805 = CARTESIAN_POINT('',(6.,-23.5,-3.5E-02));
#8806 = VECTOR('',#8807,1.);
#8807 = DIRECTION('',(1.,0.,0.));
#8808 = ORIENTED_EDGE('',*,*,#8809,.F.);
#8809 = EDGE_CURVE('',#8810,#8802,#8812,.T.);
#8810 = VERTEX_POINT('',#8811);
#8811 = CARTESIAN_POINT('',(12.5,-23.5,0.));
#8812 = LINE('',#8813,#8814);
#8813 = CARTESIAN_POINT('',(12.5,-23.5,0.));
#8814 = VECTOR('',#8815,1.);
#8815 = DIRECTION('',(0.,0.,-1.));
#8816 = ORIENTED_EDGE('',*,*,#8817,.F.);
#8817 = EDGE_CURVE('',#8778,#8810,#8818,.T.);
#8818 = LINE('',#8819,#8820);
#8819 = CARTESIAN_POINT('',(6.,-23.5,0.));
#8820 = VECTOR('',#8821,1.);
#8821 = DIRECTION('',(1.,0.,0.));
#8822 = PLANE('',#8823);
#8823 = AXIS2_PLACEMENT_3D('',#8824,#8825,#8826);
#8824 = CARTESIAN_POINT('',(6.,-23.5,0.));
#8825 = DIRECTION('',(0.,-1.,0.));
#8826 = DIRECTION('',(1.,0.,0.));
#8827 = ADVANCED_FACE('',(#8828),#8855,.T.);
#8828 = FACE_BOUND('',#8829,.F.);
#8829 = EDGE_LOOP('',(#8830,#8831,#8840,#8848));
#8830 = ORIENTED_EDGE('',*,*,#8809,.T.);
#8831 = ORIENTED_EDGE('',*,*,#8832,.T.);
#8832 = EDGE_CURVE('',#8802,#8833,#8835,.T.);
#8833 = VERTEX_POINT('',#8834);
#8834 = CARTESIAN_POINT('',(12.5,-25.5,-3.5E-02));
#8835 = CIRCLE('',#8836,1.);
#8836 = AXIS2_PLACEMENT_3D('',#8837,#8838,#8839);
#8837 = CARTESIAN_POINT('',(12.500000259507,-24.5,-3.5E-02));
#8838 = DIRECTION('',(0.,0.,-1.));
#8839 = DIRECTION('',(-2.595065229371E-07,1.,-0.));
#8840 = ORIENTED_EDGE('',*,*,#8841,.F.);
#8841 = EDGE_CURVE('',#8842,#8833,#8844,.T.);
#8842 = VERTEX_POINT('',#8843);
#8843 = CARTESIAN_POINT('',(12.5,-25.5,0.));
#8844 = LINE('',#8845,#8846);
#8845 = CARTESIAN_POINT('',(12.5,-25.5,0.));
#8846 = VECTOR('',#8847,1.);
#8847 = DIRECTION('',(0.,0.,-1.));
#8848 = ORIENTED_EDGE('',*,*,#8849,.F.);
#8849 = EDGE_CURVE('',#8810,#8842,#8850,.T.);
#8850 = CIRCLE('',#8851,1.);
#8851 = AXIS2_PLACEMENT_3D('',#8852,#8853,#8854);
#8852 = CARTESIAN_POINT('',(12.500000259507,-24.5,0.));
#8853 = DIRECTION('',(0.,0.,-1.));
#8854 = DIRECTION('',(-2.595065229371E-07,1.,-0.));
#8855 = CYLINDRICAL_SURFACE('',#8856,1.);
#8856 = AXIS2_PLACEMENT_3D('',#8857,#8858,#8859);
#8857 = CARTESIAN_POINT('',(12.500000259507,-24.5,0.));
#8858 = DIRECTION('',(-0.,-0.,1.));
#8859 = DIRECTION('',(-2.595065229371E-07,1.,-0.));
#8860 = ADVANCED_FACE('',(#8861),#8886,.F.);
#8861 = FACE_BOUND('',#8862,.F.);
#8862 = EDGE_LOOP('',(#8863,#8864,#8872,#8880));
#8863 = ORIENTED_EDGE('',*,*,#8841,.T.);
#8864 = ORIENTED_EDGE('',*,*,#8865,.T.);
#8865 = EDGE_CURVE('',#8833,#8866,#8868,.T.);
#8866 = VERTEX_POINT('',#8867);
#8867 = CARTESIAN_POINT('',(6.414214,-25.5,-3.5E-02));
#8868 = LINE('',#8869,#8870);
#8869 = CARTESIAN_POINT('',(12.5,-25.5,-3.5E-02));
#8870 = VECTOR('',#8871,1.);
#8871 = DIRECTION('',(-1.,0.,0.));
#8872 = ORIENTED_EDGE('',*,*,#8873,.F.);
#8873 = EDGE_CURVE('',#8874,#8866,#8876,.T.);
#8874 = VERTEX_POINT('',#8875);
#8875 = CARTESIAN_POINT('',(6.414214,-25.5,0.));
#8876 = LINE('',#8877,#8878);
#8877 = CARTESIAN_POINT('',(6.414214,-25.5,0.));
#8878 = VECTOR('',#8879,1.);
#8879 = DIRECTION('',(0.,0.,-1.));
#8880 = ORIENTED_EDGE('',*,*,#8881,.F.);
#8881 = EDGE_CURVE('',#8842,#8874,#8882,.T.);
#8882 = LINE('',#8883,#8884);
#8883 = CARTESIAN_POINT('',(12.5,-25.5,0.));
#8884 = VECTOR('',#8885,1.);
#8885 = DIRECTION('',(-1.,0.,0.));
#8886 = PLANE('',#8887);
#8887 = AXIS2_PLACEMENT_3D('',#8888,#8889,#8890);
#8888 = CARTESIAN_POINT('',(12.5,-25.5,0.));
#8889 = DIRECTION('',(0.,1.,0.));
#8890 = DIRECTION('',(-1.,0.,0.));
#8891 = ADVANCED_FACE('',(#8892),#8917,.F.);
#8892 = FACE_BOUND('',#8893,.F.);
#8893 = EDGE_LOOP('',(#8894,#8895,#8903,#8911));
#8894 = ORIENTED_EDGE('',*,*,#8873,.T.);
#8895 = ORIENTED_EDGE('',*,*,#8896,.T.);
#8896 = EDGE_CURVE('',#8866,#8897,#8899,.T.);
#8897 = VERTEX_POINT('',#8898);
#8898 = CARTESIAN_POINT('',(4.,-27.914214,-3.5E-02));
#8899 = LINE('',#8900,#8901);
#8900 = CARTESIAN_POINT('',(6.414214,-25.5,-3.5E-02));
#8901 = VECTOR('',#8902,1.);
#8902 = DIRECTION('',(-0.707106781187,-0.707106781187,0.));
#8903 = ORIENTED_EDGE('',*,*,#8904,.F.);
#8904 = EDGE_CURVE('',#8905,#8897,#8907,.T.);
#8905 = VERTEX_POINT('',#8906);
#8906 = CARTESIAN_POINT('',(4.,-27.914214,0.));
#8907 = LINE('',#8908,#8909);
#8908 = CARTESIAN_POINT('',(4.,-27.914214,0.));
#8909 = VECTOR('',#8910,1.);
#8910 = DIRECTION('',(0.,0.,-1.));
#8911 = ORIENTED_EDGE('',*,*,#8912,.F.);
#8912 = EDGE_CURVE('',#8874,#8905,#8913,.T.);
#8913 = LINE('',#8914,#8915);
#8914 = CARTESIAN_POINT('',(6.414214,-25.5,0.));
#8915 = VECTOR('',#8916,1.);
#8916 = DIRECTION('',(-0.707106781187,-0.707106781187,0.));
#8917 = PLANE('',#8918);
#8918 = AXIS2_PLACEMENT_3D('',#8919,#8920,#8921);
#8919 = CARTESIAN_POINT('',(6.414214,-25.5,0.));
#8920 = DIRECTION('',(-0.707106781187,0.707106781187,0.));
#8921 = DIRECTION('',(-0.707106781187,-0.707106781187,0.));
#8922 = ADVANCED_FACE('',(#8923),#8948,.F.);
#8923 = FACE_BOUND('',#8924,.F.);
#8924 = EDGE_LOOP('',(#8925,#8926,#8934,#8942));
#8925 = ORIENTED_EDGE('',*,*,#8904,.T.);
#8926 = ORIENTED_EDGE('',*,*,#8927,.T.);
#8927 = EDGE_CURVE('',#8897,#8928,#8930,.T.);
#8928 = VERTEX_POINT('',#8929);
#8929 = CARTESIAN_POINT('',(4.,-36.5,-3.5E-02));
#8930 = LINE('',#8931,#8932);
#8931 = CARTESIAN_POINT('',(4.,-27.914214,-3.5E-02));
#8932 = VECTOR('',#8933,1.);
#8933 = DIRECTION('',(0.,-1.,0.));
#8934 = ORIENTED_EDGE('',*,*,#8935,.F.);
#8935 = EDGE_CURVE('',#8936,#8928,#8938,.T.);
#8936 = VERTEX_POINT('',#8937);
#8937 = CARTESIAN_POINT('',(4.,-36.5,0.));
#8938 = LINE('',#8939,#8940);
#8939 = CARTESIAN_POINT('',(4.,-36.5,0.));
#8940 = VECTOR('',#8941,1.);
#8941 = DIRECTION('',(0.,0.,-1.));
#8942 = ORIENTED_EDGE('',*,*,#8943,.F.);
#8943 = EDGE_CURVE('',#8905,#8936,#8944,.T.);
#8944 = LINE('',#8945,#8946);
#8945 = CARTESIAN_POINT('',(4.,-27.914214,0.));
#8946 = VECTOR('',#8947,1.);
#8947 = DIRECTION('',(0.,-1.,0.));
#8948 = PLANE('',#8949);
#8949 = AXIS2_PLACEMENT_3D('',#8950,#8951,#8952);
#8950 = CARTESIAN_POINT('',(4.,-27.914214,0.));
#8951 = DIRECTION('',(-1.,-0.,-0.));
#8952 = DIRECTION('',(0.,-1.,0.));
#8953 = ADVANCED_FACE('',(#8954),#8979,.F.);
#8954 = FACE_BOUND('',#8955,.F.);
#8955 = EDGE_LOOP('',(#8956,#8957,#8965,#8973));
#8956 = ORIENTED_EDGE('',*,*,#8935,.T.);
#8957 = ORIENTED_EDGE('',*,*,#8958,.T.);
#8958 = EDGE_CURVE('',#8928,#8959,#8961,.T.);
#8959 = VERTEX_POINT('',#8960);
#8960 = CARTESIAN_POINT('',(6.823669,-36.5,-3.5E-02));
#8961 = LINE('',#8962,#8963);
#8962 = CARTESIAN_POINT('',(4.,-36.5,-3.5E-02));
#8963 = VECTOR('',#8964,1.);
#8964 = DIRECTION('',(1.,0.,0.));
#8965 = ORIENTED_EDGE('',*,*,#8966,.F.);
#8966 = EDGE_CURVE('',#8967,#8959,#8969,.T.);
#8967 = VERTEX_POINT('',#8968);
#8968 = CARTESIAN_POINT('',(6.823669,-36.5,0.));
#8969 = LINE('',#8970,#8971);
#8970 = CARTESIAN_POINT('',(6.823669,-36.5,0.));
#8971 = VECTOR('',#8972,1.);
#8972 = DIRECTION('',(0.,0.,-1.));
#8973 = ORIENTED_EDGE('',*,*,#8974,.F.);
#8974 = EDGE_CURVE('',#8936,#8967,#8975,.T.);
#8975 = LINE('',#8976,#8977);
#8976 = CARTESIAN_POINT('',(4.,-36.5,0.));
#8977 = VECTOR('',#8978,1.);
#8978 = DIRECTION('',(1.,0.,0.));
#8979 = PLANE('',#8980);
#8980 = AXIS2_PLACEMENT_3D('',#8981,#8982,#8983);
#8981 = CARTESIAN_POINT('',(4.,-36.5,0.));
#8982 = DIRECTION('',(0.,-1.,0.));
#8983 = DIRECTION('',(1.,0.,0.));
#8984 = ADVANCED_FACE('',(#8985),#9010,.F.);
#8985 = FACE_BOUND('',#8986,.F.);
#8986 = EDGE_LOOP('',(#8987,#8988,#8996,#9004));
#8987 = ORIENTED_EDGE('',*,*,#8966,.T.);
#8988 = ORIENTED_EDGE('',*,*,#8989,.T.);
#8989 = EDGE_CURVE('',#8959,#8990,#8992,.T.);
#8990 = VERTEX_POINT('',#8991);
#8991 = CARTESIAN_POINT('',(6.865607,-36.461989,-3.5E-02));
#8992 = LINE('',#8993,#8994);
#8993 = CARTESIAN_POINT('',(6.823669,-36.5,-3.5E-02));
#8994 = VECTOR('',#8995,1.);
#8995 = DIRECTION('',(0.740945741322,0.671564895164,0.));
#8996 = ORIENTED_EDGE('',*,*,#8997,.F.);
#8997 = EDGE_CURVE('',#8998,#8990,#9000,.T.);
#8998 = VERTEX_POINT('',#8999);
#8999 = CARTESIAN_POINT('',(6.865607,-36.461989,0.));
#9000 = LINE('',#9001,#9002);
#9001 = CARTESIAN_POINT('',(6.865607,-36.461989,0.));
#9002 = VECTOR('',#9003,1.);
#9003 = DIRECTION('',(0.,0.,-1.));
#9004 = ORIENTED_EDGE('',*,*,#9005,.F.);
#9005 = EDGE_CURVE('',#8967,#8998,#9006,.T.);
#9006 = LINE('',#9007,#9008);
#9007 = CARTESIAN_POINT('',(6.823669,-36.5,0.));
#9008 = VECTOR('',#9009,1.);
#9009 = DIRECTION('',(0.740945741322,0.671564895164,0.));
#9010 = PLANE('',#9011);
#9011 = AXIS2_PLACEMENT_3D('',#9012,#9013,#9014);
#9012 = CARTESIAN_POINT('',(6.823669,-36.5,0.));
#9013 = DIRECTION('',(0.671564895164,-0.740945741322,0.));
#9014 = DIRECTION('',(0.740945741322,0.671564895164,0.));
#9015 = ADVANCED_FACE('',(#9016),#9043,.T.);
#9016 = FACE_BOUND('',#9017,.F.);
#9017 = EDGE_LOOP('',(#9018,#9019,#9028,#9036));
#9018 = ORIENTED_EDGE('',*,*,#8997,.T.);
#9019 = ORIENTED_EDGE('',*,*,#9020,.T.);
#9020 = EDGE_CURVE('',#8990,#9021,#9023,.T.);
#9021 = VERTEX_POINT('',#9022);
#9022 = CARTESIAN_POINT('',(8.207107,-37.942106,-3.5E-02));
#9023 = CIRCLE('',#9024,0.999999872194);
#9024 = AXIS2_PLACEMENT_3D('',#9025,#9026,#9027);
#9025 = CARTESIAN_POINT('',(7.500000541694,-37.23499907667,-3.5E-02));
#9026 = DIRECTION('',(0.,0.,-1.));
#9027 = DIRECTION('',(-0.634393622773,0.773010175473,-0.));
#9028 = ORIENTED_EDGE('',*,*,#9029,.F.);
#9029 = EDGE_CURVE('',#9030,#9021,#9032,.T.);
#9030 = VERTEX_POINT('',#9031);
#9031 = CARTESIAN_POINT('',(8.207107,-37.942106,0.));
#9032 = LINE('',#9033,#9034);
#9033 = CARTESIAN_POINT('',(8.207107,-37.942106,0.));
#9034 = VECTOR('',#9035,1.);
#9035 = DIRECTION('',(0.,0.,-1.));
#9036 = ORIENTED_EDGE('',*,*,#9037,.F.);
#9037 = EDGE_CURVE('',#8998,#9030,#9038,.T.);
#9038 = CIRCLE('',#9039,0.999999872194);
#9039 = AXIS2_PLACEMENT_3D('',#9040,#9041,#9042);
#9040 = CARTESIAN_POINT('',(7.500000541694,-37.23499907667,0.));
#9041 = DIRECTION('',(0.,0.,-1.));
#9042 = DIRECTION('',(-0.634393622773,0.773010175473,-0.));
#9043 = CYLINDRICAL_SURFACE('',#9044,0.999999872194);
#9044 = AXIS2_PLACEMENT_3D('',#9045,#9046,#9047);
#9045 = CARTESIAN_POINT('',(7.500000541694,-37.23499907667,0.));
#9046 = DIRECTION('',(-0.,-0.,1.));
#9047 = DIRECTION('',(-0.634393622773,0.773010175473,-0.));
#9048 = ADVANCED_FACE('',(#9049),#9074,.F.);
#9049 = FACE_BOUND('',#9050,.F.);
#9050 = EDGE_LOOP('',(#9051,#9052,#9060,#9068));
#9051 = ORIENTED_EDGE('',*,*,#9029,.T.);
#9052 = ORIENTED_EDGE('',*,*,#9053,.T.);
#9053 = EDGE_CURVE('',#9021,#9054,#9056,.T.);
#9054 = VERTEX_POINT('',#9055);
#9055 = CARTESIAN_POINT('',(7.942107,-38.207107,-3.5E-02));
#9056 = LINE('',#9057,#9058);
#9057 = CARTESIAN_POINT('',(8.207107,-37.942106,-3.5E-02));
#9058 = VECTOR('',#9059,1.);
#9059 = DIRECTION('',(-0.707105447024,-0.707108115347,0.));
#9060 = ORIENTED_EDGE('',*,*,#9061,.F.);
#9061 = EDGE_CURVE('',#9062,#9054,#9064,.T.);
#9062 = VERTEX_POINT('',#9063);
#9063 = CARTESIAN_POINT('',(7.942107,-38.207107,0.));
#9064 = LINE('',#9065,#9066);
#9065 = CARTESIAN_POINT('',(7.942107,-38.207107,0.));
#9066 = VECTOR('',#9067,1.);
#9067 = DIRECTION('',(0.,0.,-1.));
#9068 = ORIENTED_EDGE('',*,*,#9069,.F.);
#9069 = EDGE_CURVE('',#9030,#9062,#9070,.T.);
#9070 = LINE('',#9071,#9072);
#9071 = CARTESIAN_POINT('',(8.207107,-37.942106,0.));
#9072 = VECTOR('',#9073,1.);
#9073 = DIRECTION('',(-0.707105447024,-0.707108115347,0.));
#9074 = PLANE('',#9075);
#9075 = AXIS2_PLACEMENT_3D('',#9076,#9077,#9078);
#9076 = CARTESIAN_POINT('',(8.207107,-37.942106,0.));
#9077 = DIRECTION('',(-0.707108115347,0.707105447024,0.));
#9078 = DIRECTION('',(-0.707105447024,-0.707108115347,0.));
#9079 = ADVANCED_FACE('',(#9080),#9107,.T.);
#9080 = FACE_BOUND('',#9081,.F.);
#9081 = EDGE_LOOP('',(#9082,#9083,#9092,#9100));
#9082 = ORIENTED_EDGE('',*,*,#9061,.T.);
#9083 = ORIENTED_EDGE('',*,*,#9084,.T.);
#9084 = EDGE_CURVE('',#9054,#9085,#9087,.T.);
#9085 = VERTEX_POINT('',#9086);
#9086 = CARTESIAN_POINT('',(7.235,-38.5,-3.5E-02));
#9087 = CIRCLE('',#9088,1.000004086185);
#9088 = AXIS2_PLACEMENT_3D('',#9089,#9090,#9091);
#9089 = CARTESIAN_POINT('',(7.234998745076,-37.49999591381,-3.5E-02));
#9090 = DIRECTION('',(0.,0.,-1.));
#9091 = DIRECTION('',(0.707105365561,-0.707108196809,0.));
#9092 = ORIENTED_EDGE('',*,*,#9093,.F.);
#9093 = EDGE_CURVE('',#9094,#9085,#9096,.T.);
#9094 = VERTEX_POINT('',#9095);
#9095 = CARTESIAN_POINT('',(7.235,-38.5,0.));
#9096 = LINE('',#9097,#9098);
#9097 = CARTESIAN_POINT('',(7.235,-38.5,0.));
#9098 = VECTOR('',#9099,1.);
#9099 = DIRECTION('',(0.,0.,-1.));
#9100 = ORIENTED_EDGE('',*,*,#9101,.F.);
#9101 = EDGE_CURVE('',#9062,#9094,#9102,.T.);
#9102 = CIRCLE('',#9103,1.000004086185);
#9103 = AXIS2_PLACEMENT_3D('',#9104,#9105,#9106);
#9104 = CARTESIAN_POINT('',(7.234998745076,-37.49999591381,0.));
#9105 = DIRECTION('',(0.,0.,-1.));
#9106 = DIRECTION('',(0.707105365561,-0.707108196809,0.));
#9107 = CYLINDRICAL_SURFACE('',#9108,1.000004086185);
#9108 = AXIS2_PLACEMENT_3D('',#9109,#9110,#9111);
#9109 = CARTESIAN_POINT('',(7.234998745076,-37.49999591381,0.));
#9110 = DIRECTION('',(-0.,-0.,1.));
#9111 = DIRECTION('',(0.707105365561,-0.707108196809,0.));
#9112 = ADVANCED_FACE('',(#9113),#9138,.F.);
#9113 = FACE_BOUND('',#9114,.F.);
#9114 = EDGE_LOOP('',(#9115,#9116,#9124,#9132));
#9115 = ORIENTED_EDGE('',*,*,#9093,.T.);
#9116 = ORIENTED_EDGE('',*,*,#9117,.T.);
#9117 = EDGE_CURVE('',#9085,#9118,#9120,.T.);
#9118 = VERTEX_POINT('',#9119);
#9119 = CARTESIAN_POINT('',(4.,-38.5,-3.5E-02));
#9120 = LINE('',#9121,#9122);
#9121 = CARTESIAN_POINT('',(7.235,-38.5,-3.5E-02));
#9122 = VECTOR('',#9123,1.);
#9123 = DIRECTION('',(-1.,0.,0.));
#9124 = ORIENTED_EDGE('',*,*,#9125,.F.);
#9125 = EDGE_CURVE('',#9126,#9118,#9128,.T.);
#9126 = VERTEX_POINT('',#9127);
#9127 = CARTESIAN_POINT('',(4.,-38.5,0.));
#9128 = LINE('',#9129,#9130);
#9129 = CARTESIAN_POINT('',(4.,-38.5,0.));
#9130 = VECTOR('',#9131,1.);
#9131 = DIRECTION('',(0.,0.,-1.));
#9132 = ORIENTED_EDGE('',*,*,#9133,.F.);
#9133 = EDGE_CURVE('',#9094,#9126,#9134,.T.);
#9134 = LINE('',#9135,#9136);
#9135 = CARTESIAN_POINT('',(7.235,-38.5,0.));
#9136 = VECTOR('',#9137,1.);
#9137 = DIRECTION('',(-1.,0.,0.));
#9138 = PLANE('',#9139);
#9139 = AXIS2_PLACEMENT_3D('',#9140,#9141,#9142);
#9140 = CARTESIAN_POINT('',(7.235,-38.5,0.));
#9141 = DIRECTION('',(0.,1.,0.));
#9142 = DIRECTION('',(-1.,0.,0.));
#9143 = ADVANCED_FACE('',(#9144),#9169,.F.);
#9144 = FACE_BOUND('',#9145,.F.);
#9145 = EDGE_LOOP('',(#9146,#9147,#9155,#9163));
#9146 = ORIENTED_EDGE('',*,*,#9125,.T.);
#9147 = ORIENTED_EDGE('',*,*,#9148,.T.);
#9148 = EDGE_CURVE('',#9118,#9149,#9151,.T.);
#9149 = VERTEX_POINT('',#9150);
#9150 = CARTESIAN_POINT('',(4.,-51.585786,-3.5E-02));
#9151 = LINE('',#9152,#9153);
#9152 = CARTESIAN_POINT('',(4.,-38.5,-3.5E-02));
#9153 = VECTOR('',#9154,1.);
#9154 = DIRECTION('',(0.,-1.,0.));
#9155 = ORIENTED_EDGE('',*,*,#9156,.F.);
#9156 = EDGE_CURVE('',#9157,#9149,#9159,.T.);
#9157 = VERTEX_POINT('',#9158);
#9158 = CARTESIAN_POINT('',(4.,-51.585786,0.));
#9159 = LINE('',#9160,#9161);
#9160 = CARTESIAN_POINT('',(4.,-51.585786,0.));
#9161 = VECTOR('',#9162,1.);
#9162 = DIRECTION('',(0.,0.,-1.));
#9163 = ORIENTED_EDGE('',*,*,#9164,.F.);
#9164 = EDGE_CURVE('',#9126,#9157,#9165,.T.);
#9165 = LINE('',#9166,#9167);
#9166 = CARTESIAN_POINT('',(4.,-38.5,0.));
#9167 = VECTOR('',#9168,1.);
#9168 = DIRECTION('',(0.,-1.,0.));
#9169 = PLANE('',#9170);
#9170 = AXIS2_PLACEMENT_3D('',#9171,#9172,#9173);
#9171 = CARTESIAN_POINT('',(4.,-38.5,0.));
#9172 = DIRECTION('',(-1.,-0.,-0.));
#9173 = DIRECTION('',(0.,-1.,0.));
#9174 = ADVANCED_FACE('',(#9175),#9200,.F.);
#9175 = FACE_BOUND('',#9176,.F.);
#9176 = EDGE_LOOP('',(#9177,#9178,#9186,#9194));
#9177 = ORIENTED_EDGE('',*,*,#9156,.T.);
#9178 = ORIENTED_EDGE('',*,*,#9179,.T.);
#9179 = EDGE_CURVE('',#9149,#9180,#9182,.T.);
#9180 = VERTEX_POINT('',#9181);
#9181 = CARTESIAN_POINT('',(6.414214,-54.,-3.5E-02));
#9182 = LINE('',#9183,#9184);
#9183 = CARTESIAN_POINT('',(4.,-51.585786,-3.5E-02));
#9184 = VECTOR('',#9185,1.);
#9185 = DIRECTION('',(0.707106781187,-0.707106781187,0.));
#9186 = ORIENTED_EDGE('',*,*,#9187,.F.);
#9187 = EDGE_CURVE('',#9188,#9180,#9190,.T.);
#9188 = VERTEX_POINT('',#9189);
#9189 = CARTESIAN_POINT('',(6.414214,-54.,0.));
#9190 = LINE('',#9191,#9192);
#9191 = CARTESIAN_POINT('',(6.414214,-54.,0.));
#9192 = VECTOR('',#9193,1.);
#9193 = DIRECTION('',(0.,0.,-1.));
#9194 = ORIENTED_EDGE('',*,*,#9195,.F.);
#9195 = EDGE_CURVE('',#9157,#9188,#9196,.T.);
#9196 = LINE('',#9197,#9198);
#9197 = CARTESIAN_POINT('',(4.,-51.585786,0.));
#9198 = VECTOR('',#9199,1.);
#9199 = DIRECTION('',(0.707106781187,-0.707106781187,0.));
#9200 = PLANE('',#9201);
#9201 = AXIS2_PLACEMENT_3D('',#9202,#9203,#9204);
#9202 = CARTESIAN_POINT('',(4.,-51.585786,0.));
#9203 = DIRECTION('',(-0.707106781187,-0.707106781187,-0.));
#9204 = DIRECTION('',(0.707106781187,-0.707106781187,0.));
#9205 = ADVANCED_FACE('',(#9206),#9231,.F.);
#9206 = FACE_BOUND('',#9207,.F.);
#9207 = EDGE_LOOP('',(#9208,#9209,#9217,#9225));
#9208 = ORIENTED_EDGE('',*,*,#9187,.T.);
#9209 = ORIENTED_EDGE('',*,*,#9210,.T.);
#9210 = EDGE_CURVE('',#9180,#9211,#9213,.T.);
#9211 = VERTEX_POINT('',#9212);
#9212 = CARTESIAN_POINT('',(23.,-54.,-3.5E-02));
#9213 = LINE('',#9214,#9215);
#9214 = CARTESIAN_POINT('',(6.414214,-54.,-3.5E-02));
#9215 = VECTOR('',#9216,1.);
#9216 = DIRECTION('',(1.,0.,0.));
#9217 = ORIENTED_EDGE('',*,*,#9218,.F.);
#9218 = EDGE_CURVE('',#9219,#9211,#9221,.T.);
#9219 = VERTEX_POINT('',#9220);
#9220 = CARTESIAN_POINT('',(23.,-54.,0.));
#9221 = LINE('',#9222,#9223);
#9222 = CARTESIAN_POINT('',(23.,-54.,0.));
#9223 = VECTOR('',#9224,1.);
#9224 = DIRECTION('',(0.,0.,-1.));
#9225 = ORIENTED_EDGE('',*,*,#9226,.F.);
#9226 = EDGE_CURVE('',#9188,#9219,#9227,.T.);
#9227 = LINE('',#9228,#9229);
#9228 = CARTESIAN_POINT('',(6.414214,-54.,0.));
#9229 = VECTOR('',#9230,1.);
#9230 = DIRECTION('',(1.,0.,0.));
#9231 = PLANE('',#9232);
#9232 = AXIS2_PLACEMENT_3D('',#9233,#9234,#9235);
#9233 = CARTESIAN_POINT('',(6.414214,-54.,0.));
#9234 = DIRECTION('',(0.,-1.,0.));
#9235 = DIRECTION('',(1.,0.,0.));
#9236 = ADVANCED_FACE('',(#9237),#9262,.F.);
#9237 = FACE_BOUND('',#9238,.F.);
#9238 = EDGE_LOOP('',(#9239,#9240,#9248,#9256));
#9239 = ORIENTED_EDGE('',*,*,#9218,.T.);
#9240 = ORIENTED_EDGE('',*,*,#9241,.T.);
#9241 = EDGE_CURVE('',#9211,#9242,#9244,.T.);
#9242 = VERTEX_POINT('',#9243);
#9243 = CARTESIAN_POINT('',(23.,-38.,-3.5E-02));
#9244 = LINE('',#9245,#9246);
#9245 = CARTESIAN_POINT('',(23.,-54.,-3.5E-02));
#9246 = VECTOR('',#9247,1.);
#9247 = DIRECTION('',(0.,1.,0.));
#9248 = ORIENTED_EDGE('',*,*,#9249,.F.);
#9249 = EDGE_CURVE('',#9250,#9242,#9252,.T.);
#9250 = VERTEX_POINT('',#9251);
#9251 = CARTESIAN_POINT('',(23.,-38.,0.));
#9252 = LINE('',#9253,#9254);
#9253 = CARTESIAN_POINT('',(23.,-38.,0.));
#9254 = VECTOR('',#9255,1.);
#9255 = DIRECTION('',(0.,0.,-1.));
#9256 = ORIENTED_EDGE('',*,*,#9257,.F.);
#9257 = EDGE_CURVE('',#9219,#9250,#9258,.T.);
#9258 = LINE('',#9259,#9260);
#9259 = CARTESIAN_POINT('',(23.,-54.,0.));
#9260 = VECTOR('',#9261,1.);
#9261 = DIRECTION('',(0.,1.,0.));
#9262 = PLANE('',#9263);
#9263 = AXIS2_PLACEMENT_3D('',#9264,#9265,#9266);
#9264 = CARTESIAN_POINT('',(23.,-54.,0.));
#9265 = DIRECTION('',(1.,-0.,0.));
#9266 = DIRECTION('',(0.,1.,0.));
#9267 = ADVANCED_FACE('',(#9268),#9295,.T.);
#9268 = FACE_BOUND('',#9269,.F.);
#9269 = EDGE_LOOP('',(#9270,#9271,#9280,#9288));
#9270 = ORIENTED_EDGE('',*,*,#9249,.T.);
#9271 = ORIENTED_EDGE('',*,*,#9272,.T.);
#9272 = EDGE_CURVE('',#9242,#9273,#9275,.T.);
#9273 = VERTEX_POINT('',#9274);
#9274 = CARTESIAN_POINT('',(25.,-38.,-3.5E-02));
#9275 = CIRCLE('',#9276,1.);
#9276 = AXIS2_PLACEMENT_3D('',#9277,#9278,#9279);
#9277 = CARTESIAN_POINT('',(24.,-37.99999974049,-3.5E-02));
#9278 = DIRECTION('',(0.,0.,-1.));
#9279 = DIRECTION('',(-1.,-2.595065211608E-07,-0.));
#9280 = ORIENTED_EDGE('',*,*,#9281,.F.);
#9281 = EDGE_CURVE('',#9282,#9273,#9284,.T.);
#9282 = VERTEX_POINT('',#9283);
#9283 = CARTESIAN_POINT('',(25.,-38.,0.));
#9284 = LINE('',#9285,#9286);
#9285 = CARTESIAN_POINT('',(25.,-38.,0.));
#9286 = VECTOR('',#9287,1.);
#9287 = DIRECTION('',(0.,0.,-1.));
#9288 = ORIENTED_EDGE('',*,*,#9289,.F.);
#9289 = EDGE_CURVE('',#9250,#9282,#9290,.T.);
#9290 = CIRCLE('',#9291,1.);
#9291 = AXIS2_PLACEMENT_3D('',#9292,#9293,#9294);
#9292 = CARTESIAN_POINT('',(24.,-37.99999974049,0.));
#9293 = DIRECTION('',(0.,0.,-1.));
#9294 = DIRECTION('',(-1.,-2.595065211608E-07,-0.));
#9295 = CYLINDRICAL_SURFACE('',#9296,1.);
#9296 = AXIS2_PLACEMENT_3D('',#9297,#9298,#9299);
#9297 = CARTESIAN_POINT('',(24.,-37.99999974049,0.));
#9298 = DIRECTION('',(-0.,-0.,1.));
#9299 = DIRECTION('',(-1.,-2.595065211608E-07,-0.));
#9300 = ADVANCED_FACE('',(#9301),#9326,.F.);
#9301 = FACE_BOUND('',#9302,.F.);
#9302 = EDGE_LOOP('',(#9303,#9304,#9312,#9320));
#9303 = ORIENTED_EDGE('',*,*,#9281,.T.);
#9304 = ORIENTED_EDGE('',*,*,#9305,.T.);
#9305 = EDGE_CURVE('',#9273,#9306,#9308,.T.);
#9306 = VERTEX_POINT('',#9307);
#9307 = CARTESIAN_POINT('',(25.,-55.,-3.5E-02));
#9308 = LINE('',#9309,#9310);
#9309 = CARTESIAN_POINT('',(25.,-38.,-3.5E-02));
#9310 = VECTOR('',#9311,1.);
#9311 = DIRECTION('',(0.,-1.,0.));
#9312 = ORIENTED_EDGE('',*,*,#9313,.F.);
#9313 = EDGE_CURVE('',#9314,#9306,#9316,.T.);
#9314 = VERTEX_POINT('',#9315);
#9315 = CARTESIAN_POINT('',(25.,-55.,0.));
#9316 = LINE('',#9317,#9318);
#9317 = CARTESIAN_POINT('',(25.,-55.,0.));
#9318 = VECTOR('',#9319,1.);
#9319 = DIRECTION('',(0.,0.,-1.));
#9320 = ORIENTED_EDGE('',*,*,#9321,.F.);
#9321 = EDGE_CURVE('',#9282,#9314,#9322,.T.);
#9322 = LINE('',#9323,#9324);
#9323 = CARTESIAN_POINT('',(25.,-38.,0.));
#9324 = VECTOR('',#9325,1.);
#9325 = DIRECTION('',(0.,-1.,0.));
#9326 = PLANE('',#9327);
#9327 = AXIS2_PLACEMENT_3D('',#9328,#9329,#9330);
#9328 = CARTESIAN_POINT('',(25.,-38.,0.));
#9329 = DIRECTION('',(-1.,-0.,-0.));
#9330 = DIRECTION('',(0.,-1.,0.));
#9331 = ADVANCED_FACE('',(#9332),#9359,.T.);
#9332 = FACE_BOUND('',#9333,.F.);
#9333 = EDGE_LOOP('',(#9334,#9335,#9344,#9352));
#9334 = ORIENTED_EDGE('',*,*,#9313,.T.);
#9335 = ORIENTED_EDGE('',*,*,#9336,.T.);
#9336 = EDGE_CURVE('',#9306,#9337,#9339,.T.);
#9337 = VERTEX_POINT('',#9338);
#9338 = CARTESIAN_POINT('',(24.,-56.,-3.5E-02));
#9339 = CIRCLE('',#9340,1.000001302705);
#9340 = AXIS2_PLACEMENT_3D('',#9341,#9342,#9343);
#9341 = CARTESIAN_POINT('',(23.999998697296,-54.99999869729,-3.5E-02));
#9342 = DIRECTION('',(0.,0.,-1.));
#9343 = DIRECTION('',(0.999999999999,-1.302702253009E-06,0.));
#9344 = ORIENTED_EDGE('',*,*,#9345,.F.);
#9345 = EDGE_CURVE('',#9346,#9337,#9348,.T.);
#9346 = VERTEX_POINT('',#9347);
#9347 = CARTESIAN_POINT('',(24.,-56.,0.));
#9348 = LINE('',#9349,#9350);
#9349 = CARTESIAN_POINT('',(24.,-56.,0.));
#9350 = VECTOR('',#9351,1.);
#9351 = DIRECTION('',(0.,0.,-1.));
#9352 = ORIENTED_EDGE('',*,*,#9353,.F.);
#9353 = EDGE_CURVE('',#9314,#9346,#9354,.T.);
#9354 = CIRCLE('',#9355,1.000001302705);
#9355 = AXIS2_PLACEMENT_3D('',#9356,#9357,#9358);
#9356 = CARTESIAN_POINT('',(23.999998697296,-54.99999869729,0.));
#9357 = DIRECTION('',(0.,0.,-1.));
#9358 = DIRECTION('',(0.999999999999,-1.302702253009E-06,0.));
#9359 = CYLINDRICAL_SURFACE('',#9360,1.000001302705);
#9360 = AXIS2_PLACEMENT_3D('',#9361,#9362,#9363);
#9361 = CARTESIAN_POINT('',(23.999998697296,-54.99999869729,0.));
#9362 = DIRECTION('',(-0.,-0.,1.));
#9363 = DIRECTION('',(0.999999999999,-1.302702253009E-06,0.));
#9364 = ADVANCED_FACE('',(#9365),#9390,.F.);
#9365 = FACE_BOUND('',#9366,.F.);
#9366 = EDGE_LOOP('',(#9367,#9368,#9376,#9384));
#9367 = ORIENTED_EDGE('',*,*,#9345,.T.);
#9368 = ORIENTED_EDGE('',*,*,#9369,.T.);
#9369 = EDGE_CURVE('',#9337,#9370,#9372,.T.);
#9370 = VERTEX_POINT('',#9371);
#9371 = CARTESIAN_POINT('',(6.,-56.,-3.5E-02));
#9372 = LINE('',#9373,#9374);
#9373 = CARTESIAN_POINT('',(24.,-56.,-3.5E-02));
#9374 = VECTOR('',#9375,1.);
#9375 = DIRECTION('',(-1.,0.,0.));
#9376 = ORIENTED_EDGE('',*,*,#9377,.F.);
#9377 = EDGE_CURVE('',#9378,#9370,#9380,.T.);
#9378 = VERTEX_POINT('',#9379);
#9379 = CARTESIAN_POINT('',(6.,-56.,0.));
#9380 = LINE('',#9381,#9382);
#9381 = CARTESIAN_POINT('',(6.,-56.,0.));
#9382 = VECTOR('',#9383,1.);
#9383 = DIRECTION('',(0.,0.,-1.));
#9384 = ORIENTED_EDGE('',*,*,#9385,.F.);
#9385 = EDGE_CURVE('',#9346,#9378,#9386,.T.);
#9386 = LINE('',#9387,#9388);
#9387 = CARTESIAN_POINT('',(24.,-56.,0.));
#9388 = VECTOR('',#9389,1.);
#9389 = DIRECTION('',(-1.,0.,0.));
#9390 = PLANE('',#9391);
#9391 = AXIS2_PLACEMENT_3D('',#9392,#9393,#9394);
#9392 = CARTESIAN_POINT('',(24.,-56.,0.));
#9393 = DIRECTION('',(0.,1.,0.));
#9394 = DIRECTION('',(-1.,0.,0.));
#9395 = ADVANCED_FACE('',(#9396),#9423,.T.);
#9396 = FACE_BOUND('',#9397,.F.);
#9397 = EDGE_LOOP('',(#9398,#9399,#9408,#9416));
#9398 = ORIENTED_EDGE('',*,*,#9377,.T.);
#9399 = ORIENTED_EDGE('',*,*,#9400,.T.);
#9400 = EDGE_CURVE('',#9370,#9401,#9403,.T.);
#9401 = VERTEX_POINT('',#9402);
#9402 = CARTESIAN_POINT('',(5.292893,-55.707107,-3.5E-02));
#9403 = CIRCLE('',#9404,0.999995957107);
#9404 = AXIS2_PLACEMENT_3D('',#9405,#9406,#9407);
#9405 = CARTESIAN_POINT('',(5.999997887753,-55.00000404289,-3.5E-02));
#9406 = DIRECTION('',(0.,0.,-1.));
#9407 = DIRECTION('',(2.112255578233E-06,-0.999999999998,0.));
#9408 = ORIENTED_EDGE('',*,*,#9409,.F.);
#9409 = EDGE_CURVE('',#9410,#9401,#9412,.T.);
#9410 = VERTEX_POINT('',#9411);
#9411 = CARTESIAN_POINT('',(5.292893,-55.707107,0.));
#9412 = LINE('',#9413,#9414);
#9413 = CARTESIAN_POINT('',(5.292893,-55.707107,0.));
#9414 = VECTOR('',#9415,1.);
#9415 = DIRECTION('',(0.,0.,-1.));
#9416 = ORIENTED_EDGE('',*,*,#9417,.F.);
#9417 = EDGE_CURVE('',#9378,#9410,#9418,.T.);
#9418 = CIRCLE('',#9419,0.999995957107);
#9419 = AXIS2_PLACEMENT_3D('',#9420,#9421,#9422);
#9420 = CARTESIAN_POINT('',(5.999997887753,-55.00000404289,0.));
#9421 = DIRECTION('',(0.,0.,-1.));
#9422 = DIRECTION('',(2.112255578233E-06,-0.999999999998,0.));
#9423 = CYLINDRICAL_SURFACE('',#9424,0.999995957107);
#9424 = AXIS2_PLACEMENT_3D('',#9425,#9426,#9427);
#9425 = CARTESIAN_POINT('',(5.999997887753,-55.00000404289,0.));
#9426 = DIRECTION('',(-0.,-0.,1.));
#9427 = DIRECTION('',(2.112255578233E-06,-0.999999999998,0.));
#9428 = ADVANCED_FACE('',(#9429),#9454,.F.);
#9429 = FACE_BOUND('',#9430,.F.);
#9430 = EDGE_LOOP('',(#9431,#9432,#9440,#9448));
#9431 = ORIENTED_EDGE('',*,*,#9409,.T.);
#9432 = ORIENTED_EDGE('',*,*,#9433,.T.);
#9433 = EDGE_CURVE('',#9401,#9434,#9436,.T.);
#9434 = VERTEX_POINT('',#9435);
#9435 = CARTESIAN_POINT('',(4.,-54.414214,-3.5E-02));
#9436 = LINE('',#9437,#9438);
#9437 = CARTESIAN_POINT('',(5.292893,-55.707107,-3.5E-02));
#9438 = VECTOR('',#9439,1.);
#9439 = DIRECTION('',(-0.707106781187,0.707106781187,0.));
#9440 = ORIENTED_EDGE('',*,*,#9441,.F.);
#9441 = EDGE_CURVE('',#9442,#9434,#9444,.T.);
#9442 = VERTEX_POINT('',#9443);
#9443 = CARTESIAN_POINT('',(4.,-54.414214,0.));
#9444 = LINE('',#9445,#9446);
#9445 = CARTESIAN_POINT('',(4.,-54.414214,0.));
#9446 = VECTOR('',#9447,1.);
#9447 = DIRECTION('',(0.,0.,-1.));
#9448 = ORIENTED_EDGE('',*,*,#9449,.F.);
#9449 = EDGE_CURVE('',#9410,#9442,#9450,.T.);
#9450 = LINE('',#9451,#9452);
#9451 = CARTESIAN_POINT('',(5.292893,-55.707107,0.));
#9452 = VECTOR('',#9453,1.);
#9453 = DIRECTION('',(-0.707106781187,0.707106781187,0.));
#9454 = PLANE('',#9455);
#9455 = AXIS2_PLACEMENT_3D('',#9456,#9457,#9458);
#9456 = CARTESIAN_POINT('',(5.292893,-55.707107,0.));
#9457 = DIRECTION('',(0.707106781187,0.707106781187,0.));
#9458 = DIRECTION('',(-0.707106781187,0.707106781187,0.));
#9459 = ADVANCED_FACE('',(#9460),#9485,.F.);
#9460 = FACE_BOUND('',#9461,.F.);
#9461 = EDGE_LOOP('',(#9462,#9463,#9471,#9479));
#9462 = ORIENTED_EDGE('',*,*,#9441,.T.);
#9463 = ORIENTED_EDGE('',*,*,#9464,.T.);
#9464 = EDGE_CURVE('',#9434,#9465,#9467,.T.);
#9465 = VERTEX_POINT('',#9466);
#9466 = CARTESIAN_POINT('',(4.,-94.625786,-3.5E-02));
#9467 = LINE('',#9468,#9469);
#9468 = CARTESIAN_POINT('',(4.,-54.414214,-3.5E-02));
#9469 = VECTOR('',#9470,1.);
#9470 = DIRECTION('',(0.,-1.,0.));
#9471 = ORIENTED_EDGE('',*,*,#9472,.F.);
#9472 = EDGE_CURVE('',#9473,#9465,#9475,.T.);
#9473 = VERTEX_POINT('',#9474);
#9474 = CARTESIAN_POINT('',(4.,-94.625786,0.));
#9475 = LINE('',#9476,#9477);
#9476 = CARTESIAN_POINT('',(4.,-94.625786,0.));
#9477 = VECTOR('',#9478,1.);
#9478 = DIRECTION('',(0.,0.,-1.));
#9479 = ORIENTED_EDGE('',*,*,#9480,.F.);
#9480 = EDGE_CURVE('',#9442,#9473,#9481,.T.);
#9481 = LINE('',#9482,#9483);
#9482 = CARTESIAN_POINT('',(4.,-54.414214,0.));
#9483 = VECTOR('',#9484,1.);
#9484 = DIRECTION('',(0.,-1.,0.));
#9485 = PLANE('',#9486);
#9486 = AXIS2_PLACEMENT_3D('',#9487,#9488,#9489);
#9487 = CARTESIAN_POINT('',(4.,-54.414214,0.));
#9488 = DIRECTION('',(-1.,-0.,-0.));
#9489 = DIRECTION('',(0.,-1.,0.));
#9490 = ADVANCED_FACE('',(#9491),#9516,.F.);
#9491 = FACE_BOUND('',#9492,.F.);
#9492 = EDGE_LOOP('',(#9493,#9494,#9502,#9510));
#9493 = ORIENTED_EDGE('',*,*,#9472,.T.);
#9494 = ORIENTED_EDGE('',*,*,#9495,.T.);
#9495 = EDGE_CURVE('',#9465,#9496,#9498,.T.);
#9496 = VERTEX_POINT('',#9497);
#9497 = CARTESIAN_POINT('',(5.914214,-96.54,-3.5E-02));
#9498 = LINE('',#9499,#9500);
#9499 = CARTESIAN_POINT('',(4.,-94.625786,-3.5E-02));
#9500 = VECTOR('',#9501,1.);
#9501 = DIRECTION('',(0.707106781187,-0.707106781187,0.));
#9502 = ORIENTED_EDGE('',*,*,#9503,.F.);
#9503 = EDGE_CURVE('',#9504,#9496,#9506,.T.);
#9504 = VERTEX_POINT('',#9505);
#9505 = CARTESIAN_POINT('',(5.914214,-96.54,0.));
#9506 = LINE('',#9507,#9508);
#9507 = CARTESIAN_POINT('',(5.914214,-96.54,0.));
#9508 = VECTOR('',#9509,1.);
#9509 = DIRECTION('',(0.,0.,-1.));
#9510 = ORIENTED_EDGE('',*,*,#9511,.F.);
#9511 = EDGE_CURVE('',#9473,#9504,#9512,.T.);
#9512 = LINE('',#9513,#9514);
#9513 = CARTESIAN_POINT('',(4.,-94.625786,0.));
#9514 = VECTOR('',#9515,1.);
#9515 = DIRECTION('',(0.707106781187,-0.707106781187,0.));
#9516 = PLANE('',#9517);
#9517 = AXIS2_PLACEMENT_3D('',#9518,#9519,#9520);
#9518 = CARTESIAN_POINT('',(4.,-94.625786,0.));
#9519 = DIRECTION('',(-0.707106781187,-0.707106781187,-0.));
#9520 = DIRECTION('',(0.707106781187,-0.707106781187,0.));
#9521 = ADVANCED_FACE('',(#9522),#9547,.F.);
#9522 = FACE_BOUND('',#9523,.F.);
#9523 = EDGE_LOOP('',(#9524,#9525,#9533,#9541));
#9524 = ORIENTED_EDGE('',*,*,#9503,.T.);
#9525 = ORIENTED_EDGE('',*,*,#9526,.T.);
#9526 = EDGE_CURVE('',#9496,#9527,#9529,.T.);
#9527 = VERTEX_POINT('',#9528);
#9528 = CARTESIAN_POINT('',(9.,-96.54,-3.5E-02));
#9529 = LINE('',#9530,#9531);
#9530 = CARTESIAN_POINT('',(5.914214,-96.54,-3.5E-02));
#9531 = VECTOR('',#9532,1.);
#9532 = DIRECTION('',(1.,0.,0.));
#9533 = ORIENTED_EDGE('',*,*,#9534,.F.);
#9534 = EDGE_CURVE('',#9535,#9527,#9537,.T.);
#9535 = VERTEX_POINT('',#9536);
#9536 = CARTESIAN_POINT('',(9.,-96.54,0.));
#9537 = LINE('',#9538,#9539);
#9538 = CARTESIAN_POINT('',(9.,-96.54,0.));
#9539 = VECTOR('',#9540,1.);
#9540 = DIRECTION('',(0.,0.,-1.));
#9541 = ORIENTED_EDGE('',*,*,#9542,.F.);
#9542 = EDGE_CURVE('',#9504,#9535,#9543,.T.);
#9543 = LINE('',#9544,#9545);
#9544 = CARTESIAN_POINT('',(5.914214,-96.54,0.));
#9545 = VECTOR('',#9546,1.);
#9546 = DIRECTION('',(1.,0.,0.));
#9547 = PLANE('',#9548);
#9548 = AXIS2_PLACEMENT_3D('',#9549,#9550,#9551);
#9549 = CARTESIAN_POINT('',(5.914214,-96.54,0.));
#9550 = DIRECTION('',(0.,-1.,0.));
#9551 = DIRECTION('',(1.,0.,0.));
#9552 = ADVANCED_FACE('',(#9553),#9580,.T.);
#9553 = FACE_BOUND('',#9554,.F.);
#9554 = EDGE_LOOP('',(#9555,#9556,#9565,#9573));
#9555 = ORIENTED_EDGE('',*,*,#9534,.T.);
#9556 = ORIENTED_EDGE('',*,*,#9557,.T.);
#9557 = EDGE_CURVE('',#9527,#9558,#9560,.T.);
#9558 = VERTEX_POINT('',#9559);
#9559 = CARTESIAN_POINT('',(9.95694,-97.830285,-3.5E-02));
#9560 = CIRCLE('',#9561,1.000000512626);
#9561 = AXIS2_PLACEMENT_3D('',#9562,#9563,#9564);
#9562 = CARTESIAN_POINT('',(8.999999070976,-97.54000051262,-3.5E-02));
#9563 = DIRECTION('',(0.,0.,-1.));
#9564 = DIRECTION('',(9.290236311797E-07,1.,0.));
#9565 = ORIENTED_EDGE('',*,*,#9566,.F.);
#9566 = EDGE_CURVE('',#9567,#9558,#9569,.T.);
#9567 = VERTEX_POINT('',#9568);
#9568 = CARTESIAN_POINT('',(9.95694,-97.830285,0.));
#9569 = LINE('',#9570,#9571);
#9570 = CARTESIAN_POINT('',(9.95694,-97.830285,0.));
#9571 = VECTOR('',#9572,1.);
#9572 = DIRECTION('',(0.,0.,-1.));
#9573 = ORIENTED_EDGE('',*,*,#9574,.F.);
#9574 = EDGE_CURVE('',#9535,#9567,#9575,.T.);
#9575 = CIRCLE('',#9576,1.000000512626);
#9576 = AXIS2_PLACEMENT_3D('',#9577,#9578,#9579);
#9577 = CARTESIAN_POINT('',(8.999999070976,-97.54000051262,0.));
#9578 = DIRECTION('',(0.,0.,-1.));
#9579 = DIRECTION('',(9.290236311797E-07,1.,0.));
#9580 = CYLINDRICAL_SURFACE('',#9581,1.000000512626);
#9581 = AXIS2_PLACEMENT_3D('',#9582,#9583,#9584);
#9582 = CARTESIAN_POINT('',(8.999999070976,-97.54000051262,0.));
#9583 = DIRECTION('',(-0.,-0.,1.));
#9584 = DIRECTION('',(9.290236311797E-07,1.,0.));
#9585 = ADVANCED_FACE('',(#9586),#9611,.F.);
#9586 = FACE_BOUND('',#9587,.F.);
#9587 = EDGE_LOOP('',(#9588,#9589,#9597,#9605));
#9588 = ORIENTED_EDGE('',*,*,#9566,.T.);
#9589 = ORIENTED_EDGE('',*,*,#9590,.T.);
#9590 = EDGE_CURVE('',#9558,#9591,#9593,.T.);
#9591 = VERTEX_POINT('',#9592);
#9592 = CARTESIAN_POINT('',(9.886642,-98.,-3.5E-02));
#9593 = LINE('',#9594,#9595);
#9594 = CARTESIAN_POINT('',(9.95694,-97.830285,-3.5E-02));
#9595 = VECTOR('',#9596,1.);
#9596 = DIRECTION('',(-0.382682248724,-0.923880022791,0.));
#9597 = ORIENTED_EDGE('',*,*,#9598,.F.);
#9598 = EDGE_CURVE('',#9599,#9591,#9601,.T.);
#9599 = VERTEX_POINT('',#9600);
#9600 = CARTESIAN_POINT('',(9.886642,-98.,0.));
#9601 = LINE('',#9602,#9603);
#9602 = CARTESIAN_POINT('',(9.886642,-98.,0.));
#9603 = VECTOR('',#9604,1.);
#9604 = DIRECTION('',(0.,0.,-1.));
#9605 = ORIENTED_EDGE('',*,*,#9606,.F.);
#9606 = EDGE_CURVE('',#9567,#9599,#9607,.T.);
#9607 = LINE('',#9608,#9609);
#9608 = CARTESIAN_POINT('',(9.95694,-97.830285,0.));
#9609 = VECTOR('',#9610,1.);
#9610 = DIRECTION('',(-0.382682248724,-0.923880022791,0.));
#9611 = PLANE('',#9612);
#9612 = AXIS2_PLACEMENT_3D('',#9613,#9614,#9615);
#9613 = CARTESIAN_POINT('',(9.95694,-97.830285,0.));
#9614 = DIRECTION('',(-0.923880022791,0.382682248724,0.));
#9615 = DIRECTION('',(-0.382682248724,-0.923880022791,0.));
#9616 = ADVANCED_FACE('',(#9617),#9642,.F.);
#9617 = FACE_BOUND('',#9618,.F.);
#9618 = EDGE_LOOP('',(#9619,#9620,#9628,#9636));
#9619 = ORIENTED_EDGE('',*,*,#9598,.T.);
#9620 = ORIENTED_EDGE('',*,*,#9621,.T.);
#9621 = EDGE_CURVE('',#9591,#9622,#9624,.T.);
#9622 = VERTEX_POINT('',#9623);
#9623 = CARTESIAN_POINT('',(16.205786,-98.,-3.5E-02));
#9624 = LINE('',#9625,#9626);
#9625 = CARTESIAN_POINT('',(9.886642,-98.,-3.5E-02));
#9626 = VECTOR('',#9627,1.);
#9627 = DIRECTION('',(1.,0.,0.));
#9628 = ORIENTED_EDGE('',*,*,#9629,.F.);
#9629 = EDGE_CURVE('',#9630,#9622,#9632,.T.);
#9630 = VERTEX_POINT('',#9631);
#9631 = CARTESIAN_POINT('',(16.205786,-98.,0.));
#9632 = LINE('',#9633,#9634);
#9633 = CARTESIAN_POINT('',(16.205786,-98.,0.));
#9634 = VECTOR('',#9635,1.);
#9635 = DIRECTION('',(0.,0.,-1.));
#9636 = ORIENTED_EDGE('',*,*,#9637,.F.);
#9637 = EDGE_CURVE('',#9599,#9630,#9638,.T.);
#9638 = LINE('',#9639,#9640);
#9639 = CARTESIAN_POINT('',(9.886642,-98.,0.));
#9640 = VECTOR('',#9641,1.);
#9641 = DIRECTION('',(1.,0.,0.));
#9642 = PLANE('',#9643);
#9643 = AXIS2_PLACEMENT_3D('',#9644,#9645,#9646);
#9644 = CARTESIAN_POINT('',(9.886642,-98.,0.));
#9645 = DIRECTION('',(0.,-1.,0.));
#9646 = DIRECTION('',(1.,0.,0.));
#9647 = ADVANCED_FACE('',(#9648),#9673,.F.);
#9648 = FACE_BOUND('',#9649,.F.);
#9649 = EDGE_LOOP('',(#9650,#9651,#9659,#9667));
#9650 = ORIENTED_EDGE('',*,*,#9629,.T.);
#9651 = ORIENTED_EDGE('',*,*,#9652,.T.);
#9652 = EDGE_CURVE('',#9622,#9653,#9655,.T.);
#9653 = VERTEX_POINT('',#9654);
#9654 = CARTESIAN_POINT('',(20.705786,-93.5,-3.5E-02));
#9655 = LINE('',#9656,#9657);
#9656 = CARTESIAN_POINT('',(16.205786,-98.,-3.5E-02));
#9657 = VECTOR('',#9658,1.);
#9658 = DIRECTION('',(0.707106781187,0.707106781187,0.));
#9659 = ORIENTED_EDGE('',*,*,#9660,.F.);
#9660 = EDGE_CURVE('',#9661,#9653,#9663,.T.);
#9661 = VERTEX_POINT('',#9662);
#9662 = CARTESIAN_POINT('',(20.705786,-93.5,0.));
#9663 = LINE('',#9664,#9665);
#9664 = CARTESIAN_POINT('',(20.705786,-93.5,0.));
#9665 = VECTOR('',#9666,1.);
#9666 = DIRECTION('',(0.,0.,-1.));
#9667 = ORIENTED_EDGE('',*,*,#9668,.F.);
#9668 = EDGE_CURVE('',#9630,#9661,#9669,.T.);
#9669 = LINE('',#9670,#9671);
#9670 = CARTESIAN_POINT('',(16.205786,-98.,0.));
#9671 = VECTOR('',#9672,1.);
#9672 = DIRECTION('',(0.707106781187,0.707106781187,0.));
#9673 = PLANE('',#9674);
#9674 = AXIS2_PLACEMENT_3D('',#9675,#9676,#9677);
#9675 = CARTESIAN_POINT('',(16.205786,-98.,0.));
#9676 = DIRECTION('',(0.707106781187,-0.707106781187,0.));
#9677 = DIRECTION('',(0.707106781187,0.707106781187,0.));
#9678 = ADVANCED_FACE('',(#9679),#9704,.F.);
#9679 = FACE_BOUND('',#9680,.F.);
#9680 = EDGE_LOOP('',(#9681,#9682,#9690,#9698));
#9681 = ORIENTED_EDGE('',*,*,#9660,.T.);
#9682 = ORIENTED_EDGE('',*,*,#9683,.T.);
#9683 = EDGE_CURVE('',#9653,#9684,#9686,.T.);
#9684 = VERTEX_POINT('',#9685);
#9685 = CARTESIAN_POINT('',(16.372893,-89.167107,-3.5E-02));
#9686 = LINE('',#9687,#9688);
#9687 = CARTESIAN_POINT('',(20.705786,-93.5,-3.5E-02));
#9688 = VECTOR('',#9689,1.);
#9689 = DIRECTION('',(-0.707106781187,0.707106781187,0.));
#9690 = ORIENTED_EDGE('',*,*,#9691,.F.);
#9691 = EDGE_CURVE('',#9692,#9684,#9694,.T.);
#9692 = VERTEX_POINT('',#9693);
#9693 = CARTESIAN_POINT('',(16.372893,-89.167107,0.));
#9694 = LINE('',#9695,#9696);
#9695 = CARTESIAN_POINT('',(16.372893,-89.167107,0.));
#9696 = VECTOR('',#9697,1.);
#9697 = DIRECTION('',(0.,0.,-1.));
#9698 = ORIENTED_EDGE('',*,*,#9699,.F.);
#9699 = EDGE_CURVE('',#9661,#9692,#9700,.T.);
#9700 = LINE('',#9701,#9702);
#9701 = CARTESIAN_POINT('',(20.705786,-93.5,0.));
#9702 = VECTOR('',#9703,1.);
#9703 = DIRECTION('',(-0.707106781187,0.707106781187,0.));
#9704 = PLANE('',#9705);
#9705 = AXIS2_PLACEMENT_3D('',#9706,#9707,#9708);
#9706 = CARTESIAN_POINT('',(20.705786,-93.5,0.));
#9707 = DIRECTION('',(0.707106781187,0.707106781187,0.));
#9708 = DIRECTION('',(-0.707106781187,0.707106781187,0.));
#9709 = ADVANCED_FACE('',(#9710),#9737,.T.);
#9710 = FACE_BOUND('',#9711,.F.);
#9711 = EDGE_LOOP('',(#9712,#9713,#9722,#9730));
#9712 = ORIENTED_EDGE('',*,*,#9691,.T.);
#9713 = ORIENTED_EDGE('',*,*,#9714,.T.);
#9714 = EDGE_CURVE('',#9684,#9715,#9717,.T.);
#9715 = VERTEX_POINT('',#9716);
#9716 = CARTESIAN_POINT('',(16.08,-88.46,-3.5E-02));
#9717 = CIRCLE('',#9718,1.000004086185);
#9718 = AXIS2_PLACEMENT_3D('',#9719,#9720,#9721);
#9719 = CARTESIAN_POINT('',(17.080004086184,-88.45999874507,-3.5E-02));
#9720 = DIRECTION('',(0.,0.,-1.));
#9721 = DIRECTION('',(-0.707108196809,-0.707105365561,-0.));
#9722 = ORIENTED_EDGE('',*,*,#9723,.F.);
#9723 = EDGE_CURVE('',#9724,#9715,#9726,.T.);
#9724 = VERTEX_POINT('',#9725);
#9725 = CARTESIAN_POINT('',(16.08,-88.46,0.));
#9726 = LINE('',#9727,#9728);
#9727 = CARTESIAN_POINT('',(16.08,-88.46,0.));
#9728 = VECTOR('',#9729,1.);
#9729 = DIRECTION('',(0.,0.,-1.));
#9730 = ORIENTED_EDGE('',*,*,#9731,.F.);
#9731 = EDGE_CURVE('',#9692,#9724,#9732,.T.);
#9732 = CIRCLE('',#9733,1.000004086185);
#9733 = AXIS2_PLACEMENT_3D('',#9734,#9735,#9736);
#9734 = CARTESIAN_POINT('',(17.080004086184,-88.45999874507,0.));
#9735 = DIRECTION('',(0.,0.,-1.));
#9736 = DIRECTION('',(-0.707108196809,-0.707105365561,-0.));
#9737 = CYLINDRICAL_SURFACE('',#9738,1.000004086185);
#9738 = AXIS2_PLACEMENT_3D('',#9739,#9740,#9741);
#9739 = CARTESIAN_POINT('',(17.080004086184,-88.45999874507,0.));
#9740 = DIRECTION('',(-0.,-0.,1.));
#9741 = DIRECTION('',(-0.707108196809,-0.707105365561,-0.));
#9742 = ADVANCED_FACE('',(#9743),#9768,.F.);
#9743 = FACE_BOUND('',#9744,.F.);
#9744 = EDGE_LOOP('',(#9745,#9746,#9754,#9762));
#9745 = ORIENTED_EDGE('',*,*,#9723,.T.);
#9746 = ORIENTED_EDGE('',*,*,#9747,.T.);
#9747 = EDGE_CURVE('',#9715,#9748,#9750,.T.);
#9748 = VERTEX_POINT('',#9749);
#9749 = CARTESIAN_POINT('',(16.08,-72.,-3.5E-02));
#9750 = LINE('',#9751,#9752);
#9751 = CARTESIAN_POINT('',(16.08,-88.46,-3.5E-02));
#9752 = VECTOR('',#9753,1.);
#9753 = DIRECTION('',(0.,1.,0.));
#9754 = ORIENTED_EDGE('',*,*,#9755,.F.);
#9755 = EDGE_CURVE('',#9756,#9748,#9758,.T.);
#9756 = VERTEX_POINT('',#9757);
#9757 = CARTESIAN_POINT('',(16.08,-72.,0.));
#9758 = LINE('',#9759,#9760);
#9759 = CARTESIAN_POINT('',(16.08,-72.,0.));
#9760 = VECTOR('',#9761,1.);
#9761 = DIRECTION('',(0.,0.,-1.));
#9762 = ORIENTED_EDGE('',*,*,#9763,.F.);
#9763 = EDGE_CURVE('',#9724,#9756,#9764,.T.);
#9764 = LINE('',#9765,#9766);
#9765 = CARTESIAN_POINT('',(16.08,-88.46,0.));
#9766 = VECTOR('',#9767,1.);
#9767 = DIRECTION('',(0.,1.,0.));
#9768 = PLANE('',#9769);
#9769 = AXIS2_PLACEMENT_3D('',#9770,#9771,#9772);
#9770 = CARTESIAN_POINT('',(16.08,-88.46,0.));
#9771 = DIRECTION('',(1.,-0.,0.));
#9772 = DIRECTION('',(0.,1.,0.));
#9773 = ADVANCED_FACE('',(#9774),#9801,.T.);
#9774 = FACE_BOUND('',#9775,.F.);
#9775 = EDGE_LOOP('',(#9776,#9777,#9786,#9794));
#9776 = ORIENTED_EDGE('',*,*,#9755,.T.);
#9777 = ORIENTED_EDGE('',*,*,#9778,.T.);
#9778 = EDGE_CURVE('',#9748,#9779,#9781,.T.);
#9779 = VERTEX_POINT('',#9780);
#9780 = CARTESIAN_POINT('',(18.08,-72.,-3.5E-02));
#9781 = CIRCLE('',#9782,1.);
#9782 = AXIS2_PLACEMENT_3D('',#9783,#9784,#9785);
#9783 = CARTESIAN_POINT('',(17.08,-71.99999974049,-3.5E-02));
#9784 = DIRECTION('',(0.,0.,-1.));
#9785 = DIRECTION('',(-1.,-2.595065211608E-07,-0.));
#9786 = ORIENTED_EDGE('',*,*,#9787,.F.);
#9787 = EDGE_CURVE('',#9788,#9779,#9790,.T.);
#9788 = VERTEX_POINT('',#9789);
#9789 = CARTESIAN_POINT('',(18.08,-72.,0.));
#9790 = LINE('',#9791,#9792);
#9791 = CARTESIAN_POINT('',(18.08,-72.,0.));
#9792 = VECTOR('',#9793,1.);
#9793 = DIRECTION('',(0.,0.,-1.));
#9794 = ORIENTED_EDGE('',*,*,#9795,.F.);
#9795 = EDGE_CURVE('',#9756,#9788,#9796,.T.);
#9796 = CIRCLE('',#9797,1.);
#9797 = AXIS2_PLACEMENT_3D('',#9798,#9799,#9800);
#9798 = CARTESIAN_POINT('',(17.08,-71.99999974049,0.));
#9799 = DIRECTION('',(0.,0.,-1.));
#9800 = DIRECTION('',(-1.,-2.595065211608E-07,-0.));
#9801 = CYLINDRICAL_SURFACE('',#9802,1.);
#9802 = AXIS2_PLACEMENT_3D('',#9803,#9804,#9805);
#9803 = CARTESIAN_POINT('',(17.08,-71.99999974049,0.));
#9804 = DIRECTION('',(-0.,-0.,1.));
#9805 = DIRECTION('',(-1.,-2.595065211608E-07,-0.));
#9806 = ADVANCED_FACE('',(#9807),#9832,.F.);
#9807 = FACE_BOUND('',#9808,.F.);
#9808 = EDGE_LOOP('',(#9809,#9810,#9818,#9826));
#9809 = ORIENTED_EDGE('',*,*,#9787,.T.);
#9810 = ORIENTED_EDGE('',*,*,#9811,.T.);
#9811 = EDGE_CURVE('',#9779,#9812,#9814,.T.);
#9812 = VERTEX_POINT('',#9813);
#9813 = CARTESIAN_POINT('',(18.08,-80.,-3.5E-02));
#9814 = LINE('',#9815,#9816);
#9815 = CARTESIAN_POINT('',(18.08,-72.,-3.5E-02));
#9816 = VECTOR('',#9817,1.);
#9817 = DIRECTION('',(0.,-1.,0.));
#9818 = ORIENTED_EDGE('',*,*,#9819,.F.);
#9819 = EDGE_CURVE('',#9820,#9812,#9822,.T.);
#9820 = VERTEX_POINT('',#9821);
#9821 = CARTESIAN_POINT('',(18.08,-80.,0.));
#9822 = LINE('',#9823,#9824);
#9823 = CARTESIAN_POINT('',(18.08,-80.,0.));
#9824 = VECTOR('',#9825,1.);
#9825 = DIRECTION('',(0.,0.,-1.));
#9826 = ORIENTED_EDGE('',*,*,#9827,.F.);
#9827 = EDGE_CURVE('',#9788,#9820,#9828,.T.);
#9828 = LINE('',#9829,#9830);
#9829 = CARTESIAN_POINT('',(18.08,-72.,0.));
#9830 = VECTOR('',#9831,1.);
#9831 = DIRECTION('',(0.,-1.,0.));
#9832 = PLANE('',#9833);
#9833 = AXIS2_PLACEMENT_3D('',#9834,#9835,#9836);
#9834 = CARTESIAN_POINT('',(18.08,-72.,0.));
#9835 = DIRECTION('',(-1.,-0.,-0.));
#9836 = DIRECTION('',(0.,-1.,0.));
#9837 = ADVANCED_FACE('',(#9838),#9863,.F.);
#9838 = FACE_BOUND('',#9839,.F.);
#9839 = EDGE_LOOP('',(#9840,#9841,#9849,#9857));
#9840 = ORIENTED_EDGE('',*,*,#9819,.T.);
#9841 = ORIENTED_EDGE('',*,*,#9842,.T.);
#9842 = EDGE_CURVE('',#9812,#9843,#9845,.T.);
#9843 = VERTEX_POINT('',#9844);
#9844 = CARTESIAN_POINT('',(18.835786,-80.,-3.5E-02));
#9845 = LINE('',#9846,#9847);
#9846 = CARTESIAN_POINT('',(18.08,-80.,-3.5E-02));
#9847 = VECTOR('',#9848,1.);
#9848 = DIRECTION('',(1.,0.,0.));
#9849 = ORIENTED_EDGE('',*,*,#9850,.F.);
#9850 = EDGE_CURVE('',#9851,#9843,#9853,.T.);
#9851 = VERTEX_POINT('',#9852);
#9852 = CARTESIAN_POINT('',(18.835786,-80.,0.));
#9853 = LINE('',#9854,#9855);
#9854 = CARTESIAN_POINT('',(18.835786,-80.,0.));
#9855 = VECTOR('',#9856,1.);
#9856 = DIRECTION('',(0.,0.,-1.));
#9857 = ORIENTED_EDGE('',*,*,#9858,.F.);
#9858 = EDGE_CURVE('',#9820,#9851,#9859,.T.);
#9859 = LINE('',#9860,#9861);
#9860 = CARTESIAN_POINT('',(18.08,-80.,0.));
#9861 = VECTOR('',#9862,1.);
#9862 = DIRECTION('',(1.,0.,0.));
#9863 = PLANE('',#9864);
#9864 = AXIS2_PLACEMENT_3D('',#9865,#9866,#9867);
#9865 = CARTESIAN_POINT('',(18.08,-80.,0.));
#9866 = DIRECTION('',(0.,-1.,0.));
#9867 = DIRECTION('',(1.,0.,0.));
#9868 = ADVANCED_FACE('',(#9869),#9894,.F.);
#9869 = FACE_BOUND('',#9870,.F.);
#9870 = EDGE_LOOP('',(#9871,#9872,#9880,#9888));
#9871 = ORIENTED_EDGE('',*,*,#9850,.T.);
#9872 = ORIENTED_EDGE('',*,*,#9873,.T.);
#9873 = EDGE_CURVE('',#9843,#9874,#9876,.T.);
#9874 = VERTEX_POINT('',#9875);
#9875 = CARTESIAN_POINT('',(22.8,-76.035786,-3.5E-02));
#9876 = LINE('',#9877,#9878);
#9877 = CARTESIAN_POINT('',(18.835786,-80.,-3.5E-02));
#9878 = VECTOR('',#9879,1.);
#9879 = DIRECTION('',(0.707106781187,0.707106781187,0.));
#9880 = ORIENTED_EDGE('',*,*,#9881,.F.);
#9881 = EDGE_CURVE('',#9882,#9874,#9884,.T.);
#9882 = VERTEX_POINT('',#9883);
#9883 = CARTESIAN_POINT('',(22.8,-76.035786,0.));
#9884 = LINE('',#9885,#9886);
#9885 = CARTESIAN_POINT('',(22.8,-76.035786,0.));
#9886 = VECTOR('',#9887,1.);
#9887 = DIRECTION('',(0.,0.,-1.));
#9888 = ORIENTED_EDGE('',*,*,#9889,.F.);
#9889 = EDGE_CURVE('',#9851,#9882,#9890,.T.);
#9890 = LINE('',#9891,#9892);
#9891 = CARTESIAN_POINT('',(18.835786,-80.,0.));
#9892 = VECTOR('',#9893,1.);
#9893 = DIRECTION('',(0.707106781187,0.707106781187,0.));
#9894 = PLANE('',#9895);
#9895 = AXIS2_PLACEMENT_3D('',#9896,#9897,#9898);
#9896 = CARTESIAN_POINT('',(18.835786,-80.,0.));
#9897 = DIRECTION('',(0.707106781187,-0.707106781187,0.));
#9898 = DIRECTION('',(0.707106781187,0.707106781187,0.));
#9899 = ADVANCED_FACE('',(#9900),#9925,.F.);
#9900 = FACE_BOUND('',#9901,.F.);
#9901 = EDGE_LOOP('',(#9902,#9903,#9911,#9919));
#9902 = ORIENTED_EDGE('',*,*,#9881,.T.);
#9903 = ORIENTED_EDGE('',*,*,#9904,.T.);
#9904 = EDGE_CURVE('',#9874,#9905,#9907,.T.);
#9905 = VERTEX_POINT('',#9906);
#9906 = CARTESIAN_POINT('',(22.8,-73.7,-3.5E-02));
#9907 = LINE('',#9908,#9909);
#9908 = CARTESIAN_POINT('',(22.8,-76.035786,-3.5E-02));
#9909 = VECTOR('',#9910,1.);
#9910 = DIRECTION('',(0.,1.,0.));
#9911 = ORIENTED_EDGE('',*,*,#9912,.F.);
#9912 = EDGE_CURVE('',#9913,#9905,#9915,.T.);
#9913 = VERTEX_POINT('',#9914);
#9914 = CARTESIAN_POINT('',(22.8,-73.7,0.));
#9915 = LINE('',#9916,#9917);
#9916 = CARTESIAN_POINT('',(22.8,-73.7,0.));
#9917 = VECTOR('',#9918,1.);
#9918 = DIRECTION('',(0.,0.,-1.));
#9919 = ORIENTED_EDGE('',*,*,#9920,.F.);
#9920 = EDGE_CURVE('',#9882,#9913,#9921,.T.);
#9921 = LINE('',#9922,#9923);
#9922 = CARTESIAN_POINT('',(22.8,-76.035786,0.));
#9923 = VECTOR('',#9924,1.);
#9924 = DIRECTION('',(0.,1.,0.));
#9925 = PLANE('',#9926);
#9926 = AXIS2_PLACEMENT_3D('',#9927,#9928,#9929);
#9927 = CARTESIAN_POINT('',(22.8,-76.035786,0.));
#9928 = DIRECTION('',(1.,-0.,0.));
#9929 = DIRECTION('',(0.,1.,0.));
#9930 = ADVANCED_FACE('',(#9931),#9958,.T.);
#9931 = FACE_BOUND('',#9932,.F.);
#9932 = EDGE_LOOP('',(#9933,#9934,#9943,#9951));
#9933 = ORIENTED_EDGE('',*,*,#9912,.T.);
#9934 = ORIENTED_EDGE('',*,*,#9935,.T.);
#9935 = EDGE_CURVE('',#9905,#9936,#9938,.T.);
#9936 = VERTEX_POINT('',#9937);
#9937 = CARTESIAN_POINT('',(23.092893,-72.992893,-3.5E-02));
#9938 = CIRCLE('',#9939,1.000004594775);
#9939 = AXIS2_PLACEMENT_3D('',#9940,#9941,#9942);
#9940 = CARTESIAN_POINT('',(23.800004594774,-73.70000146558,-3.5E-02));
#9941 = DIRECTION('',(0.,0.,-1.));
#9942 = DIRECTION('',(-0.999999999999,1.465582160668E-06,0.));
#9943 = ORIENTED_EDGE('',*,*,#9944,.F.);
#9944 = EDGE_CURVE('',#9945,#9936,#9947,.T.);
#9945 = VERTEX_POINT('',#9946);
#9946 = CARTESIAN_POINT('',(23.092893,-72.992893,0.));
#9947 = LINE('',#9948,#9949);
#9948 = CARTESIAN_POINT('',(23.092893,-72.992893,0.));
#9949 = VECTOR('',#9950,1.);
#9950 = DIRECTION('',(0.,0.,-1.));
#9951 = ORIENTED_EDGE('',*,*,#9952,.F.);
#9952 = EDGE_CURVE('',#9913,#9945,#9953,.T.);
#9953 = CIRCLE('',#9954,1.000004594775);
#9954 = AXIS2_PLACEMENT_3D('',#9955,#9956,#9957);
#9955 = CARTESIAN_POINT('',(23.800004594774,-73.70000146558,0.));
#9956 = DIRECTION('',(0.,0.,-1.));
#9957 = DIRECTION('',(-0.999999999999,1.465582160668E-06,0.));
#9958 = CYLINDRICAL_SURFACE('',#9959,1.000004594775);
#9959 = AXIS2_PLACEMENT_3D('',#9960,#9961,#9962);
#9960 = CARTESIAN_POINT('',(23.800004594774,-73.70000146558,0.));
#9961 = DIRECTION('',(-0.,-0.,1.));
#9962 = DIRECTION('',(-0.999999999999,1.465582160668E-06,0.));
#9963 = ADVANCED_FACE('',(#9964),#9989,.F.);
#9964 = FACE_BOUND('',#9965,.F.);
#9965 = EDGE_LOOP('',(#9966,#9967,#9975,#9983));
#9966 = ORIENTED_EDGE('',*,*,#9944,.T.);
#9967 = ORIENTED_EDGE('',*,*,#9968,.T.);
#9968 = EDGE_CURVE('',#9936,#9969,#9971,.T.);
#9969 = VERTEX_POINT('',#9970);
#9970 = CARTESIAN_POINT('',(23.292893,-72.792893,-3.5E-02));
#9971 = LINE('',#9972,#9973);
#9972 = CARTESIAN_POINT('',(23.092893,-72.992893,-3.5E-02));
#9973 = VECTOR('',#9974,1.);
#9974 = DIRECTION('',(0.707106781187,0.707106781187,0.));
#9975 = ORIENTED_EDGE('',*,*,#9976,.F.);
#9976 = EDGE_CURVE('',#9977,#9969,#9979,.T.);
#9977 = VERTEX_POINT('',#9978);
#9978 = CARTESIAN_POINT('',(23.292893,-72.792893,0.));
#9979 = LINE('',#9980,#9981);
#9980 = CARTESIAN_POINT('',(23.292893,-72.792893,0.));
#9981 = VECTOR('',#9982,1.);
#9982 = DIRECTION('',(0.,0.,-1.));
#9983 = ORIENTED_EDGE('',*,*,#9984,.F.);
#9984 = EDGE_CURVE('',#9945,#9977,#9985,.T.);
#9985 = LINE('',#9986,#9987);
#9986 = CARTESIAN_POINT('',(23.092893,-72.992893,0.));
#9987 = VECTOR('',#9988,1.);
#9988 = DIRECTION('',(0.707106781187,0.707106781187,0.));
#9989 = PLANE('',#9990);
#9990 = AXIS2_PLACEMENT_3D('',#9991,#9992,#9993);
#9991 = CARTESIAN_POINT('',(23.092893,-72.992893,0.));
#9992 = DIRECTION('',(0.707106781187,-0.707106781187,0.));
#9993 = DIRECTION('',(0.707106781187,0.707106781187,0.));
#9994 = ADVANCED_FACE('',(#9995),#10022,.T.);
#9995 = FACE_BOUND('',#9996,.F.);
#9996 = EDGE_LOOP('',(#9997,#9998,#10007,#10015));
#9997 = ORIENTED_EDGE('',*,*,#9976,.T.);
#9998 = ORIENTED_EDGE('',*,*,#9999,.T.);
#9999 = EDGE_CURVE('',#9969,#10000,#10002,.T.);
#10000 = VERTEX_POINT('',#10001);
#10001 = CARTESIAN_POINT('',(24.881921,-73.971396,-3.5E-02));
#10002 = CIRCLE('',#10003,0.999999953485);
#10003 = AXIS2_PLACEMENT_3D('',#10004,#10005,#10006);
#10004 = CARTESIAN_POINT('',(23.999999277388,-73.5000002192,-3.5E-02));
#10005 = DIRECTION('',(0.,0.,-1.));
#10006 = DIRECTION('',(-0.707106310279,0.707107252094,0.));
#10007 = ORIENTED_EDGE('',*,*,#10008,.F.);
#10008 = EDGE_CURVE('',#10009,#10000,#10011,.T.);
#10009 = VERTEX_POINT('',#10010);
#10010 = CARTESIAN_POINT('',(24.881921,-73.971396,0.));
#10011 = LINE('',#10012,#10013);
#10012 = CARTESIAN_POINT('',(24.881921,-73.971396,0.));
#10013 = VECTOR('',#10014,1.);
#10014 = DIRECTION('',(0.,0.,-1.));
#10015 = ORIENTED_EDGE('',*,*,#10016,.F.);
#10016 = EDGE_CURVE('',#9977,#10009,#10017,.T.);
#10017 = CIRCLE('',#10018,0.999999953485);
#10018 = AXIS2_PLACEMENT_3D('',#10019,#10020,#10021);
#10019 = CARTESIAN_POINT('',(23.999999277388,-73.5000002192,0.));
#10020 = DIRECTION('',(0.,0.,-1.));
#10021 = DIRECTION('',(-0.707106310279,0.707107252094,0.));
#10022 = CYLINDRICAL_SURFACE('',#10023,0.999999953485);
#10023 = AXIS2_PLACEMENT_3D('',#10024,#10025,#10026);
#10024 = CARTESIAN_POINT('',(23.999999277388,-73.5000002192,0.));
#10025 = DIRECTION('',(-0.,-0.,1.));
#10026 = DIRECTION('',(-0.707106310279,0.707107252094,0.));
#10027 = ADVANCED_FACE('',(#10028),#10053,.F.);
#10028 = FACE_BOUND('',#10029,.F.);
#10029 = EDGE_LOOP('',(#10030,#10031,#10039,#10047));
#10030 = ORIENTED_EDGE('',*,*,#10008,.T.);
#10031 = ORIENTED_EDGE('',*,*,#10032,.T.);
#10032 = EDGE_CURVE('',#10000,#10033,#10035,.T.);
#10033 = VERTEX_POINT('',#10034);
#10034 = CARTESIAN_POINT('',(24.8,-74.094,-3.5E-02));
#10035 = LINE('',#10036,#10037);
#10036 = CARTESIAN_POINT('',(24.881921,-73.971396,-3.5E-02));
#10037 = VECTOR('',#10038,1.);
#10038 = DIRECTION('',(-0.555568480811,-0.831470783088,0.));
#10039 = ORIENTED_EDGE('',*,*,#10040,.F.);
#10040 = EDGE_CURVE('',#10041,#10033,#10043,.T.);
#10041 = VERTEX_POINT('',#10042);
#10042 = CARTESIAN_POINT('',(24.8,-74.094,0.));
#10043 = LINE('',#10044,#10045);
#10044 = CARTESIAN_POINT('',(24.8,-74.094,0.));
#10045 = VECTOR('',#10046,1.);
#10046 = DIRECTION('',(0.,0.,-1.));
#10047 = ORIENTED_EDGE('',*,*,#10048,.F.);
#10048 = EDGE_CURVE('',#10009,#10041,#10049,.T.);
#10049 = LINE('',#10050,#10051);
#10050 = CARTESIAN_POINT('',(24.881921,-73.971396,0.));
#10051 = VECTOR('',#10052,1.);
#10052 = DIRECTION('',(-0.555568480811,-0.831470783088,0.));
#10053 = PLANE('',#10054);
#10054 = AXIS2_PLACEMENT_3D('',#10055,#10056,#10057);
#10055 = CARTESIAN_POINT('',(24.881921,-73.971396,0.));
#10056 = DIRECTION('',(-0.831470783088,0.555568480811,0.));
#10057 = DIRECTION('',(-0.555568480811,-0.831470783088,0.));
#10058 = ADVANCED_FACE('',(#10059),#10084,.F.);
#10059 = FACE_BOUND('',#10060,.F.);
#10060 = EDGE_LOOP('',(#10061,#10062,#10070,#10078));
#10061 = ORIENTED_EDGE('',*,*,#10040,.T.);
#10062 = ORIENTED_EDGE('',*,*,#10063,.T.);
#10063 = EDGE_CURVE('',#10033,#10064,#10066,.T.);
#10064 = VERTEX_POINT('',#10065);
#10065 = CARTESIAN_POINT('',(24.8,-76.45,-3.5E-02));
#10066 = LINE('',#10067,#10068);
#10067 = CARTESIAN_POINT('',(24.8,-74.094,-3.5E-02));
#10068 = VECTOR('',#10069,1.);
#10069 = DIRECTION('',(0.,-1.,0.));
#10070 = ORIENTED_EDGE('',*,*,#10071,.F.);
#10071 = EDGE_CURVE('',#10072,#10064,#10074,.T.);
#10072 = VERTEX_POINT('',#10073);
#10073 = CARTESIAN_POINT('',(24.8,-76.45,0.));
#10074 = LINE('',#10075,#10076);
#10075 = CARTESIAN_POINT('',(24.8,-76.45,0.));
#10076 = VECTOR('',#10077,1.);
#10077 = DIRECTION('',(0.,0.,-1.));
#10078 = ORIENTED_EDGE('',*,*,#10079,.F.);
#10079 = EDGE_CURVE('',#10041,#10072,#10080,.T.);
#10080 = LINE('',#10081,#10082);
#10081 = CARTESIAN_POINT('',(24.8,-74.094,0.));
#10082 = VECTOR('',#10083,1.);
#10083 = DIRECTION('',(0.,-1.,0.));
#10084 = PLANE('',#10085);
#10085 = AXIS2_PLACEMENT_3D('',#10086,#10087,#10088);
#10086 = CARTESIAN_POINT('',(24.8,-74.094,0.));
#10087 = DIRECTION('',(-1.,-0.,-0.));
#10088 = DIRECTION('',(0.,-1.,0.));
#10089 = ADVANCED_FACE('',(#10090),#10117,.T.);
#10090 = FACE_BOUND('',#10091,.F.);
#10091 = EDGE_LOOP('',(#10092,#10093,#10102,#10110));
#10092 = ORIENTED_EDGE('',*,*,#10071,.T.);
#10093 = ORIENTED_EDGE('',*,*,#10094,.T.);
#10094 = EDGE_CURVE('',#10064,#10095,#10097,.T.);
#10095 = VERTEX_POINT('',#10096);
#10096 = CARTESIAN_POINT('',(24.507107,-77.157107,-3.5E-02));
#10097 = CIRCLE('',#10098,0.999995957107);
#10098 = AXIS2_PLACEMENT_3D('',#10099,#10100,#10101);
#10099 = CARTESIAN_POINT('',(23.800004042895,-76.45000211224,-3.5E-02));
#10100 = DIRECTION('',(0.,0.,-1.));
#10101 = DIRECTION('',(0.999999999998,2.112255585339E-06,0.));
#10102 = ORIENTED_EDGE('',*,*,#10103,.F.);
#10103 = EDGE_CURVE('',#10104,#10095,#10106,.T.);
#10104 = VERTEX_POINT('',#10105);
#10105 = CARTESIAN_POINT('',(24.507107,-77.157107,0.));
#10106 = LINE('',#10107,#10108);
#10107 = CARTESIAN_POINT('',(24.507107,-77.157107,0.));
#10108 = VECTOR('',#10109,1.);
#10109 = DIRECTION('',(0.,0.,-1.));
#10110 = ORIENTED_EDGE('',*,*,#10111,.F.);
#10111 = EDGE_CURVE('',#10072,#10104,#10112,.T.);
#10112 = CIRCLE('',#10113,0.999995957107);
#10113 = AXIS2_PLACEMENT_3D('',#10114,#10115,#10116);
#10114 = CARTESIAN_POINT('',(23.800004042895,-76.45000211224,0.));
#10115 = DIRECTION('',(0.,0.,-1.));
#10116 = DIRECTION('',(0.999999999998,2.112255585339E-06,0.));
#10117 = CYLINDRICAL_SURFACE('',#10118,0.999995957107);
#10118 = AXIS2_PLACEMENT_3D('',#10119,#10120,#10121);
#10119 = CARTESIAN_POINT('',(23.800004042895,-76.45000211224,0.));
#10120 = DIRECTION('',(-0.,-0.,1.));
#10121 = DIRECTION('',(0.999999999998,2.112255585339E-06,0.));
#10122 = ADVANCED_FACE('',(#10123),#10148,.F.);
#10123 = FACE_BOUND('',#10124,.F.);
#10124 = EDGE_LOOP('',(#10125,#10126,#10134,#10142));
#10125 = ORIENTED_EDGE('',*,*,#10103,.T.);
#10126 = ORIENTED_EDGE('',*,*,#10127,.T.);
#10127 = EDGE_CURVE('',#10095,#10128,#10130,.T.);
#10128 = VERTEX_POINT('',#10129);
#10129 = CARTESIAN_POINT('',(19.957107,-81.707107,-3.5E-02));
#10130 = LINE('',#10131,#10132);
#10131 = CARTESIAN_POINT('',(24.507107,-77.157107,-3.5E-02));
#10132 = VECTOR('',#10133,1.);
#10133 = DIRECTION('',(-0.707106781187,-0.707106781187,0.));
#10134 = ORIENTED_EDGE('',*,*,#10135,.F.);
#10135 = EDGE_CURVE('',#10136,#10128,#10138,.T.);
#10136 = VERTEX_POINT('',#10137);
#10137 = CARTESIAN_POINT('',(19.957107,-81.707107,0.));
#10138 = LINE('',#10139,#10140);
#10139 = CARTESIAN_POINT('',(19.957107,-81.707107,0.));
#10140 = VECTOR('',#10141,1.);
#10141 = DIRECTION('',(0.,0.,-1.));
#10142 = ORIENTED_EDGE('',*,*,#10143,.F.);
#10143 = EDGE_CURVE('',#10104,#10136,#10144,.T.);
#10144 = LINE('',#10145,#10146);
#10145 = CARTESIAN_POINT('',(24.507107,-77.157107,0.));
#10146 = VECTOR('',#10147,1.);
#10147 = DIRECTION('',(-0.707106781187,-0.707106781187,0.));
#10148 = PLANE('',#10149);
#10149 = AXIS2_PLACEMENT_3D('',#10150,#10151,#10152);
#10150 = CARTESIAN_POINT('',(24.507107,-77.157107,0.));
#10151 = DIRECTION('',(-0.707106781187,0.707106781187,0.));
#10152 = DIRECTION('',(-0.707106781187,-0.707106781187,0.));
#10153 = ADVANCED_FACE('',(#10154),#10181,.T.);
#10154 = FACE_BOUND('',#10155,.F.);
#10155 = EDGE_LOOP('',(#10156,#10157,#10166,#10174));
#10156 = ORIENTED_EDGE('',*,*,#10135,.T.);
#10157 = ORIENTED_EDGE('',*,*,#10158,.T.);
#10158 = EDGE_CURVE('',#10128,#10159,#10161,.T.);
#10159 = VERTEX_POINT('',#10160);
#10160 = CARTESIAN_POINT('',(19.25,-82.,-3.5E-02));
#10161 = CIRCLE('',#10162,1.000004086185);
#10162 = AXIS2_PLACEMENT_3D('',#10163,#10164,#10165);
#10163 = CARTESIAN_POINT('',(19.249998745076,-80.99999591381,-3.5E-02));
#10164 = DIRECTION('',(0.,0.,-1.));
#10165 = DIRECTION('',(0.707105365561,-0.707108196809,0.));
#10166 = ORIENTED_EDGE('',*,*,#10167,.F.);
#10167 = EDGE_CURVE('',#10168,#10159,#10170,.T.);
#10168 = VERTEX_POINT('',#10169);
#10169 = CARTESIAN_POINT('',(19.25,-82.,0.));
#10170 = LINE('',#10171,#10172);
#10171 = CARTESIAN_POINT('',(19.25,-82.,0.));
#10172 = VECTOR('',#10173,1.);
#10173 = DIRECTION('',(0.,0.,-1.));
#10174 = ORIENTED_EDGE('',*,*,#10175,.F.);
#10175 = EDGE_CURVE('',#10136,#10168,#10176,.T.);
#10176 = CIRCLE('',#10177,1.000004086185);
#10177 = AXIS2_PLACEMENT_3D('',#10178,#10179,#10180);
#10178 = CARTESIAN_POINT('',(19.249998745076,-80.99999591381,0.));
#10179 = DIRECTION('',(0.,0.,-1.));
#10180 = DIRECTION('',(0.707105365561,-0.707108196809,0.));
#10181 = CYLINDRICAL_SURFACE('',#10182,1.000004086185);
#10182 = AXIS2_PLACEMENT_3D('',#10183,#10184,#10185);
#10183 = CARTESIAN_POINT('',(19.249998745076,-80.99999591381,0.));
#10184 = DIRECTION('',(-0.,-0.,1.));
#10185 = DIRECTION('',(0.707105365561,-0.707108196809,0.));
#10186 = ADVANCED_FACE('',(#10187),#10212,.F.);
#10187 = FACE_BOUND('',#10188,.F.);
#10188 = EDGE_LOOP('',(#10189,#10190,#10198,#10206));
#10189 = ORIENTED_EDGE('',*,*,#10167,.T.);
#10190 = ORIENTED_EDGE('',*,*,#10191,.T.);
#10191 = EDGE_CURVE('',#10159,#10192,#10194,.T.);
#10192 = VERTEX_POINT('',#10193);
#10193 = CARTESIAN_POINT('',(18.08,-82.,-3.5E-02));
#10194 = LINE('',#10195,#10196);
#10195 = CARTESIAN_POINT('',(19.25,-82.,-3.5E-02));
#10196 = VECTOR('',#10197,1.);
#10197 = DIRECTION('',(-1.,0.,0.));
#10198 = ORIENTED_EDGE('',*,*,#10199,.F.);
#10199 = EDGE_CURVE('',#10200,#10192,#10202,.T.);
#10200 = VERTEX_POINT('',#10201);
#10201 = CARTESIAN_POINT('',(18.08,-82.,0.));
#10202 = LINE('',#10203,#10204);
#10203 = CARTESIAN_POINT('',(18.08,-82.,0.));
#10204 = VECTOR('',#10205,1.);
#10205 = DIRECTION('',(0.,0.,-1.));
#10206 = ORIENTED_EDGE('',*,*,#10207,.F.);
#10207 = EDGE_CURVE('',#10168,#10200,#10208,.T.);
#10208 = LINE('',#10209,#10210);
#10209 = CARTESIAN_POINT('',(19.25,-82.,0.));
#10210 = VECTOR('',#10211,1.);
#10211 = DIRECTION('',(-1.,0.,0.));
#10212 = PLANE('',#10213);
#10213 = AXIS2_PLACEMENT_3D('',#10214,#10215,#10216);
#10214 = CARTESIAN_POINT('',(19.25,-82.,0.));
#10215 = DIRECTION('',(0.,1.,0.));
#10216 = DIRECTION('',(-1.,0.,0.));
#10217 = ADVANCED_FACE('',(#10218),#10243,.F.);
#10218 = FACE_BOUND('',#10219,.F.);
#10219 = EDGE_LOOP('',(#10220,#10221,#10229,#10237));
#10220 = ORIENTED_EDGE('',*,*,#10199,.T.);
#10221 = ORIENTED_EDGE('',*,*,#10222,.T.);
#10222 = EDGE_CURVE('',#10192,#10223,#10225,.T.);
#10223 = VERTEX_POINT('',#10224);
#10224 = CARTESIAN_POINT('',(18.08,-88.045786,-3.5E-02));
#10225 = LINE('',#10226,#10227);
#10226 = CARTESIAN_POINT('',(18.08,-82.,-3.5E-02));
#10227 = VECTOR('',#10228,1.);
#10228 = DIRECTION('',(0.,-1.,0.));
#10229 = ORIENTED_EDGE('',*,*,#10230,.F.);
#10230 = EDGE_CURVE('',#10231,#10223,#10233,.T.);
#10231 = VERTEX_POINT('',#10232);
#10232 = CARTESIAN_POINT('',(18.08,-88.045786,0.));
#10233 = LINE('',#10234,#10235);
#10234 = CARTESIAN_POINT('',(18.08,-88.045786,0.));
#10235 = VECTOR('',#10236,1.);
#10236 = DIRECTION('',(0.,0.,-1.));
#10237 = ORIENTED_EDGE('',*,*,#10238,.F.);
#10238 = EDGE_CURVE('',#10200,#10231,#10239,.T.);
#10239 = LINE('',#10240,#10241);
#10240 = CARTESIAN_POINT('',(18.08,-82.,0.));
#10241 = VECTOR('',#10242,1.);
#10242 = DIRECTION('',(0.,-1.,0.));
#10243 = PLANE('',#10244);
#10244 = AXIS2_PLACEMENT_3D('',#10245,#10246,#10247);
#10245 = CARTESIAN_POINT('',(18.08,-82.,0.));
#10246 = DIRECTION('',(-1.,-0.,-0.));
#10247 = DIRECTION('',(0.,-1.,0.));
#10248 = ADVANCED_FACE('',(#10249),#10274,.F.);
#10249 = FACE_BOUND('',#10250,.F.);
#10250 = EDGE_LOOP('',(#10251,#10252,#10260,#10268));
#10251 = ORIENTED_EDGE('',*,*,#10230,.T.);
#10252 = ORIENTED_EDGE('',*,*,#10253,.T.);
#10253 = EDGE_CURVE('',#10223,#10254,#10256,.T.);
#10254 = VERTEX_POINT('',#10255);
#10255 = CARTESIAN_POINT('',(22.534214,-92.5,-3.5E-02));
#10256 = LINE('',#10257,#10258);
#10257 = CARTESIAN_POINT('',(18.08,-88.045786,-3.5E-02));
#10258 = VECTOR('',#10259,1.);
#10259 = DIRECTION('',(0.707106781187,-0.707106781187,0.));
#10260 = ORIENTED_EDGE('',*,*,#10261,.F.);
#10261 = EDGE_CURVE('',#10262,#10254,#10264,.T.);
#10262 = VERTEX_POINT('',#10263);
#10263 = CARTESIAN_POINT('',(22.534214,-92.5,0.));
#10264 = LINE('',#10265,#10266);
#10265 = CARTESIAN_POINT('',(22.534214,-92.5,0.));
#10266 = VECTOR('',#10267,1.);
#10267 = DIRECTION('',(0.,0.,-1.));
#10268 = ORIENTED_EDGE('',*,*,#10269,.F.);
#10269 = EDGE_CURVE('',#10231,#10262,#10270,.T.);
#10270 = LINE('',#10271,#10272);
#10271 = CARTESIAN_POINT('',(18.08,-88.045786,0.));
#10272 = VECTOR('',#10273,1.);
#10273 = DIRECTION('',(0.707106781187,-0.707106781187,0.));
#10274 = PLANE('',#10275);
#10275 = AXIS2_PLACEMENT_3D('',#10276,#10277,#10278);
#10276 = CARTESIAN_POINT('',(18.08,-88.045786,0.));
#10277 = DIRECTION('',(-0.707106781187,-0.707106781187,-0.));
#10278 = DIRECTION('',(0.707106781187,-0.707106781187,0.));
#10279 = ADVANCED_FACE('',(#10280),#10305,.F.);
#10280 = FACE_BOUND('',#10281,.F.);
#10281 = EDGE_LOOP('',(#10282,#10283,#10291,#10299));
#10282 = ORIENTED_EDGE('',*,*,#10261,.T.);
#10283 = ORIENTED_EDGE('',*,*,#10284,.T.);
#10284 = EDGE_CURVE('',#10254,#10285,#10287,.T.);
#10285 = VERTEX_POINT('',#10286);
#10286 = CARTESIAN_POINT('',(42.085786,-92.5,-3.5E-02));
#10287 = LINE('',#10288,#10289);
#10288 = CARTESIAN_POINT('',(22.534214,-92.5,-3.5E-02));
#10289 = VECTOR('',#10290,1.);
#10290 = DIRECTION('',(1.,0.,0.));
#10291 = ORIENTED_EDGE('',*,*,#10292,.F.);
#10292 = EDGE_CURVE('',#10293,#10285,#10295,.T.);
#10293 = VERTEX_POINT('',#10294);
#10294 = CARTESIAN_POINT('',(42.085786,-92.5,0.));
#10295 = LINE('',#10296,#10297);
#10296 = CARTESIAN_POINT('',(42.085786,-92.5,0.));
#10297 = VECTOR('',#10298,1.);
#10298 = DIRECTION('',(0.,0.,-1.));
#10299 = ORIENTED_EDGE('',*,*,#10300,.F.);
#10300 = EDGE_CURVE('',#10262,#10293,#10301,.T.);
#10301 = LINE('',#10302,#10303);
#10302 = CARTESIAN_POINT('',(22.534214,-92.5,0.));
#10303 = VECTOR('',#10304,1.);
#10304 = DIRECTION('',(1.,0.,0.));
#10305 = PLANE('',#10306);
#10306 = AXIS2_PLACEMENT_3D('',#10307,#10308,#10309);
#10307 = CARTESIAN_POINT('',(22.534214,-92.5,0.));
#10308 = DIRECTION('',(0.,-1.,0.));
#10309 = DIRECTION('',(1.,0.,0.));
#10310 = ADVANCED_FACE('',(#10311),#10336,.F.);
#10311 = FACE_BOUND('',#10312,.F.);
#10312 = EDGE_LOOP('',(#10313,#10314,#10322,#10330));
#10313 = ORIENTED_EDGE('',*,*,#10292,.T.);
#10314 = ORIENTED_EDGE('',*,*,#10315,.T.);
#10315 = EDGE_CURVE('',#10285,#10316,#10318,.T.);
#10316 = VERTEX_POINT('',#10317);
#10317 = CARTESIAN_POINT('',(44.,-90.585786,-3.5E-02));
#10318 = LINE('',#10319,#10320);
#10319 = CARTESIAN_POINT('',(42.085786,-92.5,-3.5E-02));
#10320 = VECTOR('',#10321,1.);
#10321 = DIRECTION('',(0.707106781187,0.707106781187,0.));
#10322 = ORIENTED_EDGE('',*,*,#10323,.F.);
#10323 = EDGE_CURVE('',#10324,#10316,#10326,.T.);
#10324 = VERTEX_POINT('',#10325);
#10325 = CARTESIAN_POINT('',(44.,-90.585786,0.));
#10326 = LINE('',#10327,#10328);
#10327 = CARTESIAN_POINT('',(44.,-90.585786,0.));
#10328 = VECTOR('',#10329,1.);
#10329 = DIRECTION('',(0.,0.,-1.));
#10330 = ORIENTED_EDGE('',*,*,#10331,.F.);
#10331 = EDGE_CURVE('',#10293,#10324,#10332,.T.);
#10332 = LINE('',#10333,#10334);
#10333 = CARTESIAN_POINT('',(42.085786,-92.5,0.));
#10334 = VECTOR('',#10335,1.);
#10335 = DIRECTION('',(0.707106781187,0.707106781187,0.));
#10336 = PLANE('',#10337);
#10337 = AXIS2_PLACEMENT_3D('',#10338,#10339,#10340);
#10338 = CARTESIAN_POINT('',(42.085786,-92.5,0.));
#10339 = DIRECTION('',(0.707106781187,-0.707106781187,0.));
#10340 = DIRECTION('',(0.707106781187,0.707106781187,0.));
#10341 = ADVANCED_FACE('',(#10342),#10367,.F.);
#10342 = FACE_BOUND('',#10343,.F.);
#10343 = EDGE_LOOP('',(#10344,#10345,#10353,#10361));
#10344 = ORIENTED_EDGE('',*,*,#10323,.T.);
#10345 = ORIENTED_EDGE('',*,*,#10346,.T.);
#10346 = EDGE_CURVE('',#10316,#10347,#10349,.T.);
#10347 = VERTEX_POINT('',#10348);
#10348 = CARTESIAN_POINT('',(44.,-89.54,-3.5E-02));
#10349 = LINE('',#10350,#10351);
#10350 = CARTESIAN_POINT('',(44.,-90.585786,-3.5E-02));
#10351 = VECTOR('',#10352,1.);
#10352 = DIRECTION('',(0.,1.,0.));
#10353 = ORIENTED_EDGE('',*,*,#10354,.F.);
#10354 = EDGE_CURVE('',#10355,#10347,#10357,.T.);
#10355 = VERTEX_POINT('',#10356);
#10356 = CARTESIAN_POINT('',(44.,-89.54,0.));
#10357 = LINE('',#10358,#10359);
#10358 = CARTESIAN_POINT('',(44.,-89.54,0.));
#10359 = VECTOR('',#10360,1.);
#10360 = DIRECTION('',(0.,0.,-1.));
#10361 = ORIENTED_EDGE('',*,*,#10362,.F.);
#10362 = EDGE_CURVE('',#10324,#10355,#10363,.T.);
#10363 = LINE('',#10364,#10365);
#10364 = CARTESIAN_POINT('',(44.,-90.585786,0.));
#10365 = VECTOR('',#10366,1.);
#10366 = DIRECTION('',(0.,1.,0.));
#10367 = PLANE('',#10368);
#10368 = AXIS2_PLACEMENT_3D('',#10369,#10370,#10371);
#10369 = CARTESIAN_POINT('',(44.,-90.585786,0.));
#10370 = DIRECTION('',(1.,-0.,0.));
#10371 = DIRECTION('',(0.,1.,0.));
#10372 = ADVANCED_FACE('',(#10373),#10398,.F.);
#10373 = FACE_BOUND('',#10374,.F.);
#10374 = EDGE_LOOP('',(#10375,#10376,#10384,#10392));
#10375 = ORIENTED_EDGE('',*,*,#10354,.T.);
#10376 = ORIENTED_EDGE('',*,*,#10377,.T.);
#10377 = EDGE_CURVE('',#10347,#10378,#10380,.T.);
#10378 = VERTEX_POINT('',#10379);
#10379 = CARTESIAN_POINT('',(41.,-89.54,-3.5E-02));
#10380 = LINE('',#10381,#10382);
#10381 = CARTESIAN_POINT('',(44.,-89.54,-3.5E-02));
#10382 = VECTOR('',#10383,1.);
#10383 = DIRECTION('',(-1.,0.,0.));
#10384 = ORIENTED_EDGE('',*,*,#10385,.F.);
#10385 = EDGE_CURVE('',#10386,#10378,#10388,.T.);
#10386 = VERTEX_POINT('',#10387);
#10387 = CARTESIAN_POINT('',(41.,-89.54,0.));
#10388 = LINE('',#10389,#10390);
#10389 = CARTESIAN_POINT('',(41.,-89.54,0.));
#10390 = VECTOR('',#10391,1.);
#10391 = DIRECTION('',(0.,0.,-1.));
#10392 = ORIENTED_EDGE('',*,*,#10393,.F.);
#10393 = EDGE_CURVE('',#10355,#10386,#10394,.T.);
#10394 = LINE('',#10395,#10396);
#10395 = CARTESIAN_POINT('',(44.,-89.54,0.));
#10396 = VECTOR('',#10397,1.);
#10397 = DIRECTION('',(-1.,0.,0.));
#10398 = PLANE('',#10399);
#10399 = AXIS2_PLACEMENT_3D('',#10400,#10401,#10402);
#10400 = CARTESIAN_POINT('',(44.,-89.54,0.));
#10401 = DIRECTION('',(0.,1.,0.));
#10402 = DIRECTION('',(-1.,0.,0.));
#10403 = ADVANCED_FACE('',(#10404),#10431,.T.);
#10404 = FACE_BOUND('',#10405,.F.);
#10405 = EDGE_LOOP('',(#10406,#10407,#10416,#10424));
#10406 = ORIENTED_EDGE('',*,*,#10385,.T.);
#10407 = ORIENTED_EDGE('',*,*,#10408,.T.);
#10408 = EDGE_CURVE('',#10378,#10409,#10411,.T.);
#10409 = VERTEX_POINT('',#10410);
#10410 = CARTESIAN_POINT('',(41.,-87.54,-3.5E-02));
#10411 = CIRCLE('',#10412,1.);
#10412 = AXIS2_PLACEMENT_3D('',#10413,#10414,#10415);
#10413 = CARTESIAN_POINT('',(40.999999740493,-88.54,-3.5E-02));
#10414 = DIRECTION('',(0.,0.,-1.));
#10415 = DIRECTION('',(2.595065211608E-07,-1.,0.));
#10416 = ORIENTED_EDGE('',*,*,#10417,.F.);
#10417 = EDGE_CURVE('',#10418,#10409,#10420,.T.);
#10418 = VERTEX_POINT('',#10419);
#10419 = CARTESIAN_POINT('',(41.,-87.54,0.));
#10420 = LINE('',#10421,#10422);
#10421 = CARTESIAN_POINT('',(41.,-87.54,0.));
#10422 = VECTOR('',#10423,1.);
#10423 = DIRECTION('',(0.,0.,-1.));
#10424 = ORIENTED_EDGE('',*,*,#10425,.F.);
#10425 = EDGE_CURVE('',#10386,#10418,#10426,.T.);
#10426 = CIRCLE('',#10427,1.);
#10427 = AXIS2_PLACEMENT_3D('',#10428,#10429,#10430);
#10428 = CARTESIAN_POINT('',(40.999999740493,-88.54,0.));
#10429 = DIRECTION('',(0.,0.,-1.));
#10430 = DIRECTION('',(2.595065211608E-07,-1.,0.));
#10431 = CYLINDRICAL_SURFACE('',#10432,1.);
#10432 = AXIS2_PLACEMENT_3D('',#10433,#10434,#10435);
#10433 = CARTESIAN_POINT('',(40.999999740493,-88.54,0.));
#10434 = DIRECTION('',(-0.,-0.,1.));
#10435 = DIRECTION('',(2.595065211608E-07,-1.,0.));
#10436 = ADVANCED_FACE('',(#10437),#10462,.F.);
#10437 = FACE_BOUND('',#10438,.F.);
#10438 = EDGE_LOOP('',(#10439,#10440,#10448,#10456));
#10439 = ORIENTED_EDGE('',*,*,#10417,.T.);
#10440 = ORIENTED_EDGE('',*,*,#10441,.T.);
#10441 = EDGE_CURVE('',#10409,#10442,#10444,.T.);
#10442 = VERTEX_POINT('',#10443);
#10443 = CARTESIAN_POINT('',(44.,-87.54,-3.5E-02));
#10444 = LINE('',#10445,#10446);
#10445 = CARTESIAN_POINT('',(41.,-87.54,-3.5E-02));
#10446 = VECTOR('',#10447,1.);
#10447 = DIRECTION('',(1.,0.,0.));
#10448 = ORIENTED_EDGE('',*,*,#10449,.F.);
#10449 = EDGE_CURVE('',#10450,#10442,#10452,.T.);
#10450 = VERTEX_POINT('',#10451);
#10451 = CARTESIAN_POINT('',(44.,-87.54,0.));
#10452 = LINE('',#10453,#10454);
#10453 = CARTESIAN_POINT('',(44.,-87.54,0.));
#10454 = VECTOR('',#10455,1.);
#10455 = DIRECTION('',(0.,0.,-1.));
#10456 = ORIENTED_EDGE('',*,*,#10457,.F.);
#10457 = EDGE_CURVE('',#10418,#10450,#10458,.T.);
#10458 = LINE('',#10459,#10460);
#10459 = CARTESIAN_POINT('',(41.,-87.54,0.));
#10460 = VECTOR('',#10461,1.);
#10461 = DIRECTION('',(1.,0.,0.));
#10462 = PLANE('',#10463);
#10463 = AXIS2_PLACEMENT_3D('',#10464,#10465,#10466);
#10464 = CARTESIAN_POINT('',(41.,-87.54,0.));
#10465 = DIRECTION('',(0.,-1.,0.));
#10466 = DIRECTION('',(1.,0.,0.));
#10467 = ADVANCED_FACE('',(#10468),#10493,.F.);
#10468 = FACE_BOUND('',#10469,.F.);
#10469 = EDGE_LOOP('',(#10470,#10471,#10479,#10487));
#10470 = ORIENTED_EDGE('',*,*,#10449,.T.);
#10471 = ORIENTED_EDGE('',*,*,#10472,.T.);
#10472 = EDGE_CURVE('',#10442,#10473,#10475,.T.);
#10473 = VERTEX_POINT('',#10474);
#10474 = CARTESIAN_POINT('',(44.,-75.914214,-3.5E-02));
#10475 = LINE('',#10476,#10477);
#10476 = CARTESIAN_POINT('',(44.,-87.54,-3.5E-02));
#10477 = VECTOR('',#10478,1.);
#10478 = DIRECTION('',(0.,1.,0.));
#10479 = ORIENTED_EDGE('',*,*,#10480,.F.);
#10480 = EDGE_CURVE('',#10481,#10473,#10483,.T.);
#10481 = VERTEX_POINT('',#10482);
#10482 = CARTESIAN_POINT('',(44.,-75.914214,0.));
#10483 = LINE('',#10484,#10485);
#10484 = CARTESIAN_POINT('',(44.,-75.914214,0.));
#10485 = VECTOR('',#10486,1.);
#10486 = DIRECTION('',(0.,0.,-1.));
#10487 = ORIENTED_EDGE('',*,*,#10488,.F.);
#10488 = EDGE_CURVE('',#10450,#10481,#10489,.T.);
#10489 = LINE('',#10490,#10491);
#10490 = CARTESIAN_POINT('',(44.,-87.54,0.));
#10491 = VECTOR('',#10492,1.);
#10492 = DIRECTION('',(0.,1.,0.));
#10493 = PLANE('',#10494);
#10494 = AXIS2_PLACEMENT_3D('',#10495,#10496,#10497);
#10495 = CARTESIAN_POINT('',(44.,-87.54,0.));
#10496 = DIRECTION('',(1.,-0.,0.));
#10497 = DIRECTION('',(0.,1.,0.));
#10498 = ADVANCED_FACE('',(#10499),#10524,.F.);
#10499 = FACE_BOUND('',#10500,.F.);
#10500 = EDGE_LOOP('',(#10501,#10502,#10510,#10518));
#10501 = ORIENTED_EDGE('',*,*,#10480,.T.);
#10502 = ORIENTED_EDGE('',*,*,#10503,.T.);
#10503 = EDGE_CURVE('',#10473,#10504,#10506,.T.);
#10504 = VERTEX_POINT('',#10505);
#10505 = CARTESIAN_POINT('',(43.085786,-75.,-3.5E-02));
#10506 = LINE('',#10507,#10508);
#10507 = CARTESIAN_POINT('',(44.,-75.914214,-3.5E-02));
#10508 = VECTOR('',#10509,1.);
#10509 = DIRECTION('',(-0.707106781187,0.707106781187,0.));
#10510 = ORIENTED_EDGE('',*,*,#10511,.F.);
#10511 = EDGE_CURVE('',#10512,#10504,#10514,.T.);
#10512 = VERTEX_POINT('',#10513);
#10513 = CARTESIAN_POINT('',(43.085786,-75.,0.));
#10514 = LINE('',#10515,#10516);
#10515 = CARTESIAN_POINT('',(43.085786,-75.,0.));
#10516 = VECTOR('',#10517,1.);
#10517 = DIRECTION('',(0.,0.,-1.));
#10518 = ORIENTED_EDGE('',*,*,#10519,.F.);
#10519 = EDGE_CURVE('',#10481,#10512,#10520,.T.);
#10520 = LINE('',#10521,#10522);
#10521 = CARTESIAN_POINT('',(44.,-75.914214,0.));
#10522 = VECTOR('',#10523,1.);
#10523 = DIRECTION('',(-0.707106781187,0.707106781187,0.));
#10524 = PLANE('',#10525);
#10525 = AXIS2_PLACEMENT_3D('',#10526,#10527,#10528);
#10526 = CARTESIAN_POINT('',(44.,-75.914214,0.));
#10527 = DIRECTION('',(0.707106781187,0.707106781187,0.));
#10528 = DIRECTION('',(-0.707106781187,0.707106781187,0.));
#10529 = ADVANCED_FACE('',(#10530),#10557,.T.);
#10530 = FACE_BOUND('',#10531,.F.);
#10531 = EDGE_LOOP('',(#10532,#10533,#10542,#10550));
#10532 = ORIENTED_EDGE('',*,*,#10511,.T.);
#10533 = ORIENTED_EDGE('',*,*,#10534,.T.);
#10534 = EDGE_CURVE('',#10504,#10535,#10537,.T.);
#10535 = VERTEX_POINT('',#10536);
#10536 = CARTESIAN_POINT('',(42.08,-74.,-3.5E-02));
#10537 = CIRCLE('',#10538,1.000032704325);
#10538 = AXIS2_PLACEMENT_3D('',#10539,#10540,#10541);
#10539 = CARTESIAN_POINT('',(43.080032704195,-73.99998384547,-3.5E-02));
#10540 = DIRECTION('',(0.,0.,-1.));
#10541 = DIRECTION('',(5.753107653652E-03,-0.999983450739,0.));
#10542 = ORIENTED_EDGE('',*,*,#10543,.F.);
#10543 = EDGE_CURVE('',#10544,#10535,#10546,.T.);
#10544 = VERTEX_POINT('',#10545);
#10545 = CARTESIAN_POINT('',(42.08,-74.,0.));
#10546 = LINE('',#10547,#10548);
#10547 = CARTESIAN_POINT('',(42.08,-74.,0.));
#10548 = VECTOR('',#10549,1.);
#10549 = DIRECTION('',(0.,0.,-1.));
#10550 = ORIENTED_EDGE('',*,*,#10551,.F.);
#10551 = EDGE_CURVE('',#10512,#10544,#10552,.T.);
#10552 = CIRCLE('',#10553,1.000032704325);
#10553 = AXIS2_PLACEMENT_3D('',#10554,#10555,#10556);
#10554 = CARTESIAN_POINT('',(43.080032704195,-73.99998384547,0.));
#10555 = DIRECTION('',(0.,0.,-1.));
#10556 = DIRECTION('',(5.753107653652E-03,-0.999983450739,0.));
#10557 = CYLINDRICAL_SURFACE('',#10558,1.000032704325);
#10558 = AXIS2_PLACEMENT_3D('',#10559,#10560,#10561);
#10559 = CARTESIAN_POINT('',(43.080032704195,-73.99998384547,0.));
#10560 = DIRECTION('',(-0.,-0.,1.));
#10561 = DIRECTION('',(5.753107653652E-03,-0.999983450739,0.));
#10562 = ADVANCED_FACE('',(#10563),#10588,.F.);
#10563 = FACE_BOUND('',#10564,.F.);
#10564 = EDGE_LOOP('',(#10565,#10566,#10574,#10582));
#10565 = ORIENTED_EDGE('',*,*,#10543,.T.);
#10566 = ORIENTED_EDGE('',*,*,#10567,.T.);
#10567 = EDGE_CURVE('',#10535,#10568,#10570,.T.);
#10568 = VERTEX_POINT('',#10569);
#10569 = CARTESIAN_POINT('',(42.08,-70.,-3.5E-02));
#10570 = LINE('',#10571,#10572);
#10571 = CARTESIAN_POINT('',(42.08,-74.,-3.5E-02));
#10572 = VECTOR('',#10573,1.);
#10573 = DIRECTION('',(0.,1.,0.));
#10574 = ORIENTED_EDGE('',*,*,#10575,.F.);
#10575 = EDGE_CURVE('',#10576,#10568,#10578,.T.);
#10576 = VERTEX_POINT('',#10577);
#10577 = CARTESIAN_POINT('',(42.08,-70.,0.));
#10578 = LINE('',#10579,#10580);
#10579 = CARTESIAN_POINT('',(42.08,-70.,0.));
#10580 = VECTOR('',#10581,1.);
#10581 = DIRECTION('',(0.,0.,-1.));
#10582 = ORIENTED_EDGE('',*,*,#10583,.F.);
#10583 = EDGE_CURVE('',#10544,#10576,#10584,.T.);
#10584 = LINE('',#10585,#10586);
#10585 = CARTESIAN_POINT('',(42.08,-74.,0.));
#10586 = VECTOR('',#10587,1.);
#10587 = DIRECTION('',(0.,1.,0.));
#10588 = PLANE('',#10589);
#10589 = AXIS2_PLACEMENT_3D('',#10590,#10591,#10592);
#10590 = CARTESIAN_POINT('',(42.08,-74.,0.));
#10591 = DIRECTION('',(1.,-0.,0.));
#10592 = DIRECTION('',(0.,1.,0.));
#10593 = ADVANCED_FACE('',(#10594),#10621,.T.);
#10594 = FACE_BOUND('',#10595,.F.);
#10595 = EDGE_LOOP('',(#10596,#10597,#10606,#10614));
#10596 = ORIENTED_EDGE('',*,*,#10575,.T.);
#10597 = ORIENTED_EDGE('',*,*,#10598,.T.);
#10598 = EDGE_CURVE('',#10568,#10599,#10601,.T.);
#10599 = VERTEX_POINT('',#10600);
#10600 = CARTESIAN_POINT('',(44.08,-70.,-3.5E-02));
#10601 = CIRCLE('',#10602,1.);
#10602 = AXIS2_PLACEMENT_3D('',#10603,#10604,#10605);
#10603 = CARTESIAN_POINT('',(43.08,-69.99999974049,-3.5E-02));
#10604 = DIRECTION('',(0.,0.,-1.));
#10605 = DIRECTION('',(-1.,-2.595065211608E-07,-0.));
#10606 = ORIENTED_EDGE('',*,*,#10607,.F.);
#10607 = EDGE_CURVE('',#10608,#10599,#10610,.T.);
#10608 = VERTEX_POINT('',#10609);
#10609 = CARTESIAN_POINT('',(44.08,-70.,0.));
#10610 = LINE('',#10611,#10612);
#10611 = CARTESIAN_POINT('',(44.08,-70.,0.));
#10612 = VECTOR('',#10613,1.);
#10613 = DIRECTION('',(0.,0.,-1.));
#10614 = ORIENTED_EDGE('',*,*,#10615,.F.);
#10615 = EDGE_CURVE('',#10576,#10608,#10616,.T.);
#10616 = CIRCLE('',#10617,1.);
#10617 = AXIS2_PLACEMENT_3D('',#10618,#10619,#10620);
#10618 = CARTESIAN_POINT('',(43.08,-69.99999974049,0.));
#10619 = DIRECTION('',(0.,0.,-1.));
#10620 = DIRECTION('',(-1.,-2.595065211608E-07,-0.));
#10621 = CYLINDRICAL_SURFACE('',#10622,1.);
#10622 = AXIS2_PLACEMENT_3D('',#10623,#10624,#10625);
#10623 = CARTESIAN_POINT('',(43.08,-69.99999974049,0.));
#10624 = DIRECTION('',(-0.,-0.,1.));
#10625 = DIRECTION('',(-1.,-2.595065211608E-07,-0.));
#10626 = ADVANCED_FACE('',(#10627),#10652,.F.);
#10627 = FACE_BOUND('',#10628,.F.);
#10628 = EDGE_LOOP('',(#10629,#10630,#10638,#10646));
#10629 = ORIENTED_EDGE('',*,*,#10607,.T.);
#10630 = ORIENTED_EDGE('',*,*,#10631,.T.);
#10631 = EDGE_CURVE('',#10599,#10632,#10634,.T.);
#10632 = VERTEX_POINT('',#10633);
#10633 = CARTESIAN_POINT('',(44.08,-73.190644,-3.5E-02));
#10634 = LINE('',#10635,#10636);
#10635 = CARTESIAN_POINT('',(44.08,-70.,-3.5E-02));
#10636 = VECTOR('',#10637,1.);
#10637 = DIRECTION('',(0.,-1.,0.));
#10638 = ORIENTED_EDGE('',*,*,#10639,.F.);
#10639 = EDGE_CURVE('',#10640,#10632,#10642,.T.);
#10640 = VERTEX_POINT('',#10641);
#10641 = CARTESIAN_POINT('',(44.08,-73.190644,0.));
#10642 = LINE('',#10643,#10644);
#10643 = CARTESIAN_POINT('',(44.08,-73.190644,0.));
#10644 = VECTOR('',#10645,1.);
#10645 = DIRECTION('',(0.,0.,-1.));
#10646 = ORIENTED_EDGE('',*,*,#10647,.F.);
#10647 = EDGE_CURVE('',#10608,#10640,#10648,.T.);
#10648 = LINE('',#10649,#10650);
#10649 = CARTESIAN_POINT('',(44.08,-70.,0.));
#10650 = VECTOR('',#10651,1.);
#10651 = DIRECTION('',(0.,-1.,0.));
#10652 = PLANE('',#10653);
#10653 = AXIS2_PLACEMENT_3D('',#10654,#10655,#10656);
#10654 = CARTESIAN_POINT('',(44.08,-70.,0.));
#10655 = DIRECTION('',(-1.,-0.,-0.));
#10656 = DIRECTION('',(0.,-1.,0.));
#10657 = ADVANCED_FACE('',(#10658),#10683,.F.);
#10658 = FACE_BOUND('',#10659,.F.);
#10659 = EDGE_LOOP('',(#10660,#10661,#10669,#10677));
#10660 = ORIENTED_EDGE('',*,*,#10639,.T.);
#10661 = ORIENTED_EDGE('',*,*,#10662,.T.);
#10662 = EDGE_CURVE('',#10632,#10663,#10665,.T.);
#10663 = VERTEX_POINT('',#10664);
#10664 = CARTESIAN_POINT('',(44.134394,-73.226989,-3.5E-02));
#10665 = LINE('',#10666,#10667);
#10666 = CARTESIAN_POINT('',(44.08,-73.190644,-3.5E-02));
#10667 = VECTOR('',#10668,1.);
#10668 = DIRECTION('',(0.831468968537,-0.555571196482,0.));
#10669 = ORIENTED_EDGE('',*,*,#10670,.F.);
#10670 = EDGE_CURVE('',#10671,#10663,#10673,.T.);
#10671 = VERTEX_POINT('',#10672);
#10672 = CARTESIAN_POINT('',(44.134394,-73.226989,0.));
#10673 = LINE('',#10674,#10675);
#10674 = CARTESIAN_POINT('',(44.134394,-73.226989,0.));
#10675 = VECTOR('',#10676,1.);
#10676 = DIRECTION('',(0.,0.,-1.));
#10677 = ORIENTED_EDGE('',*,*,#10678,.F.);
#10678 = EDGE_CURVE('',#10640,#10671,#10679,.T.);
#10679 = LINE('',#10680,#10681);
#10680 = CARTESIAN_POINT('',(44.08,-73.190644,0.));
#10681 = VECTOR('',#10682,1.);
#10682 = DIRECTION('',(0.831468968537,-0.555571196482,0.));
#10683 = PLANE('',#10684);
#10684 = AXIS2_PLACEMENT_3D('',#10685,#10686,#10687);
#10685 = CARTESIAN_POINT('',(44.08,-73.190644,0.));
#10686 = DIRECTION('',(-0.555571196482,-0.831468968537,-0.));
#10687 = DIRECTION('',(0.831468968537,-0.555571196482,0.));
#10688 = ADVANCED_FACE('',(#10689),#10714,.F.);
#10689 = FACE_BOUND('',#10690,.F.);
#10690 = EDGE_LOOP('',(#10691,#10692,#10700,#10708));
#10691 = ORIENTED_EDGE('',*,*,#10670,.T.);
#10692 = ORIENTED_EDGE('',*,*,#10693,.T.);
#10693 = EDGE_CURVE('',#10663,#10694,#10696,.T.);
#10694 = VERTEX_POINT('',#10695);
#10695 = CARTESIAN_POINT('',(44.207107,-73.292893,-3.5E-02));
#10696 = LINE('',#10697,#10698);
#10697 = CARTESIAN_POINT('',(44.134394,-73.226989,-3.5E-02));
#10698 = VECTOR('',#10699,1.);
#10699 = DIRECTION('',(0.740947178994,-0.67156330896,0.));
#10700 = ORIENTED_EDGE('',*,*,#10701,.F.);
#10701 = EDGE_CURVE('',#10702,#10694,#10704,.T.);
#10702 = VERTEX_POINT('',#10703);
#10703 = CARTESIAN_POINT('',(44.207107,-73.292893,0.));
#10704 = LINE('',#10705,#10706);
#10705 = CARTESIAN_POINT('',(44.207107,-73.292893,0.));
#10706 = VECTOR('',#10707,1.);
#10707 = DIRECTION('',(0.,0.,-1.));
#10708 = ORIENTED_EDGE('',*,*,#10709,.F.);
#10709 = EDGE_CURVE('',#10671,#10702,#10710,.T.);
#10710 = LINE('',#10711,#10712);
#10711 = CARTESIAN_POINT('',(44.134394,-73.226989,0.));
#10712 = VECTOR('',#10713,1.);
#10713 = DIRECTION('',(0.740947178994,-0.67156330896,0.));
#10714 = PLANE('',#10715);
#10715 = AXIS2_PLACEMENT_3D('',#10716,#10717,#10718);
#10716 = CARTESIAN_POINT('',(44.134394,-73.226989,0.));
#10717 = DIRECTION('',(-0.67156330896,-0.740947178994,-0.));
#10718 = DIRECTION('',(0.740947178994,-0.67156330896,0.));
#10719 = ADVANCED_FACE('',(#10720),#10745,.F.);
#10720 = FACE_BOUND('',#10721,.F.);
#10721 = EDGE_LOOP('',(#10722,#10723,#10731,#10739));
#10722 = ORIENTED_EDGE('',*,*,#10701,.T.);
#10723 = ORIENTED_EDGE('',*,*,#10724,.T.);
#10724 = EDGE_CURVE('',#10694,#10725,#10727,.T.);
#10725 = VERTEX_POINT('',#10726);
#10726 = CARTESIAN_POINT('',(45.707107,-74.792893,-3.5E-02));
#10727 = LINE('',#10728,#10729);
#10728 = CARTESIAN_POINT('',(44.207107,-73.292893,-3.5E-02));
#10729 = VECTOR('',#10730,1.);
#10730 = DIRECTION('',(0.707106781187,-0.707106781187,0.));
#10731 = ORIENTED_EDGE('',*,*,#10732,.F.);
#10732 = EDGE_CURVE('',#10733,#10725,#10735,.T.);
#10733 = VERTEX_POINT('',#10734);
#10734 = CARTESIAN_POINT('',(45.707107,-74.792893,0.));
#10735 = LINE('',#10736,#10737);
#10736 = CARTESIAN_POINT('',(45.707107,-74.792893,0.));
#10737 = VECTOR('',#10738,1.);
#10738 = DIRECTION('',(0.,0.,-1.));
#10739 = ORIENTED_EDGE('',*,*,#10740,.F.);
#10740 = EDGE_CURVE('',#10702,#10733,#10741,.T.);
#10741 = LINE('',#10742,#10743);
#10742 = CARTESIAN_POINT('',(44.207107,-73.292893,0.));
#10743 = VECTOR('',#10744,1.);
#10744 = DIRECTION('',(0.707106781187,-0.707106781187,0.));
#10745 = PLANE('',#10746);
#10746 = AXIS2_PLACEMENT_3D('',#10747,#10748,#10749);
#10747 = CARTESIAN_POINT('',(44.207107,-73.292893,0.));
#10748 = DIRECTION('',(-0.707106781187,-0.707106781187,-0.));
#10749 = DIRECTION('',(0.707106781187,-0.707106781187,0.));
#10750 = ADVANCED_FACE('',(#10751),#10776,.F.);
#10751 = FACE_BOUND('',#10752,.F.);
#10752 = EDGE_LOOP('',(#10753,#10754,#10762,#10770));
#10753 = ORIENTED_EDGE('',*,*,#10732,.T.);
#10754 = ORIENTED_EDGE('',*,*,#10755,.T.);
#10755 = EDGE_CURVE('',#10725,#10756,#10758,.T.);
#10756 = VERTEX_POINT('',#10757);
#10757 = CARTESIAN_POINT('',(45.783911,-74.881921,-3.5E-02));
#10758 = LINE('',#10759,#10760);
#10759 = CARTESIAN_POINT('',(45.707107,-74.792893,-3.5E-02));
#10760 = VECTOR('',#10761,1.);
#10761 = DIRECTION('',(0.653211458801,-0.757175534531,0.));
#10762 = ORIENTED_EDGE('',*,*,#10763,.F.);
#10763 = EDGE_CURVE('',#10764,#10756,#10766,.T.);
#10764 = VERTEX_POINT('',#10765);
#10765 = CARTESIAN_POINT('',(45.783911,-74.881921,0.));
#10766 = LINE('',#10767,#10768);
#10767 = CARTESIAN_POINT('',(45.783911,-74.881921,0.));
#10768 = VECTOR('',#10769,1.);
#10769 = DIRECTION('',(0.,0.,-1.));
#10770 = ORIENTED_EDGE('',*,*,#10771,.F.);
#10771 = EDGE_CURVE('',#10733,#10764,#10772,.T.);
#10772 = LINE('',#10773,#10774);
#10773 = CARTESIAN_POINT('',(45.707107,-74.792893,0.));
#10774 = VECTOR('',#10775,1.);
#10775 = DIRECTION('',(0.653211458801,-0.757175534531,0.));
#10776 = PLANE('',#10777);
#10777 = AXIS2_PLACEMENT_3D('',#10778,#10779,#10780);
#10778 = CARTESIAN_POINT('',(45.707107,-74.792893,0.));
#10779 = DIRECTION('',(-0.757175534531,-0.653211458801,-0.));
#10780 = DIRECTION('',(0.653211458801,-0.757175534531,0.));
#10781 = ADVANCED_FACE('',(#10782),#10807,.F.);
#10782 = FACE_BOUND('',#10783,.F.);
#10783 = EDGE_LOOP('',(#10784,#10785,#10793,#10801));
#10784 = ORIENTED_EDGE('',*,*,#10763,.T.);
#10785 = ORIENTED_EDGE('',*,*,#10786,.T.);
#10786 = EDGE_CURVE('',#10756,#10787,#10789,.T.);
#10787 = VERTEX_POINT('',#10788);
#10788 = CARTESIAN_POINT('',(45.881921,-75.028603,-3.5E-02));
#10789 = LINE('',#10790,#10791);
#10790 = CARTESIAN_POINT('',(45.783911,-74.881921,-3.5E-02));
#10791 = VECTOR('',#10792,1.);
#10792 = DIRECTION('',(0.55557109922,-0.831469033525,0.));
#10793 = ORIENTED_EDGE('',*,*,#10794,.F.);
#10794 = EDGE_CURVE('',#10795,#10787,#10797,.T.);
#10795 = VERTEX_POINT('',#10796);
#10796 = CARTESIAN_POINT('',(45.881921,-75.028603,0.));
#10797 = LINE('',#10798,#10799);
#10798 = CARTESIAN_POINT('',(45.881921,-75.028603,0.));
#10799 = VECTOR('',#10800,1.);
#10800 = DIRECTION('',(0.,0.,-1.));
#10801 = ORIENTED_EDGE('',*,*,#10802,.F.);
#10802 = EDGE_CURVE('',#10764,#10795,#10803,.T.);
#10803 = LINE('',#10804,#10805);
#10804 = CARTESIAN_POINT('',(45.783911,-74.881921,0.));
#10805 = VECTOR('',#10806,1.);
#10806 = DIRECTION('',(0.55557109922,-0.831469033525,0.));
#10807 = PLANE('',#10808);
#10808 = AXIS2_PLACEMENT_3D('',#10809,#10810,#10811);
#10809 = CARTESIAN_POINT('',(45.783911,-74.881921,0.));
#10810 = DIRECTION('',(-0.831469033525,-0.55557109922,-0.));
#10811 = DIRECTION('',(0.55557109922,-0.831469033525,0.));
#10812 = ADVANCED_FACE('',(#10813),#10840,.T.);
#10813 = FACE_BOUND('',#10814,.F.);
#10814 = EDGE_LOOP('',(#10815,#10816,#10825,#10833));
#10815 = ORIENTED_EDGE('',*,*,#10794,.T.);
#10816 = ORIENTED_EDGE('',*,*,#10817,.T.);
#10817 = EDGE_CURVE('',#10787,#10818,#10820,.T.);
#10818 = VERTEX_POINT('',#10819);
#10819 = CARTESIAN_POINT('',(46.,-75.5,-3.5E-02));
#10820 = CIRCLE('',#10821,1.000005409939);
#10821 = AXIS2_PLACEMENT_3D('',#10822,#10823,#10824);
#10822 = CARTESIAN_POINT('',(44.999994590063,-75.5000015865,-3.5E-02));
#10823 = DIRECTION('',(0.,0.,-1.));
#10824 = DIRECTION('',(0.881921638795,0.471396036284,0.));
#10825 = ORIENTED_EDGE('',*,*,#10826,.F.);
#10826 = EDGE_CURVE('',#10827,#10818,#10829,.T.);
#10827 = VERTEX_POINT('',#10828);
#10828 = CARTESIAN_POINT('',(46.,-75.5,0.));
#10829 = LINE('',#10830,#10831);
#10830 = CARTESIAN_POINT('',(46.,-75.5,0.));
#10831 = VECTOR('',#10832,1.);
#10832 = DIRECTION('',(0.,0.,-1.));
#10833 = ORIENTED_EDGE('',*,*,#10834,.F.);
#10834 = EDGE_CURVE('',#10795,#10827,#10835,.T.);
#10835 = CIRCLE('',#10836,1.000005409939);
#10836 = AXIS2_PLACEMENT_3D('',#10837,#10838,#10839);
#10837 = CARTESIAN_POINT('',(44.999994590063,-75.5000015865,0.));
#10838 = DIRECTION('',(0.,0.,-1.));
#10839 = DIRECTION('',(0.881921638795,0.471396036284,0.));
#10840 = CYLINDRICAL_SURFACE('',#10841,1.000005409939);
#10841 = AXIS2_PLACEMENT_3D('',#10842,#10843,#10844);
#10842 = CARTESIAN_POINT('',(44.999994590063,-75.5000015865,0.));
#10843 = DIRECTION('',(-0.,-0.,1.));
#10844 = DIRECTION('',(0.881921638795,0.471396036284,0.));
#10845 = ADVANCED_FACE('',(#10846),#10871,.F.);
#10846 = FACE_BOUND('',#10847,.F.);
#10847 = EDGE_LOOP('',(#10848,#10849,#10857,#10865));
#10848 = ORIENTED_EDGE('',*,*,#10826,.T.);
#10849 = ORIENTED_EDGE('',*,*,#10850,.T.);
#10850 = EDGE_CURVE('',#10818,#10851,#10853,.T.);
#10851 = VERTEX_POINT('',#10852);
#10852 = CARTESIAN_POINT('',(46.,-91.,-3.5E-02));
#10853 = LINE('',#10854,#10855);
#10854 = CARTESIAN_POINT('',(46.,-75.5,-3.5E-02));
#10855 = VECTOR('',#10856,1.);
#10856 = DIRECTION('',(0.,-1.,0.));
#10857 = ORIENTED_EDGE('',*,*,#10858,.F.);
#10858 = EDGE_CURVE('',#10859,#10851,#10861,.T.);
#10859 = VERTEX_POINT('',#10860);
#10860 = CARTESIAN_POINT('',(46.,-91.,0.));
#10861 = LINE('',#10862,#10863);
#10862 = CARTESIAN_POINT('',(46.,-91.,0.));
#10863 = VECTOR('',#10864,1.);
#10864 = DIRECTION('',(0.,0.,-1.));
#10865 = ORIENTED_EDGE('',*,*,#10866,.F.);
#10866 = EDGE_CURVE('',#10827,#10859,#10867,.T.);
#10867 = LINE('',#10868,#10869);
#10868 = CARTESIAN_POINT('',(46.,-75.5,0.));
#10869 = VECTOR('',#10870,1.);
#10870 = DIRECTION('',(0.,-1.,0.));
#10871 = PLANE('',#10872);
#10872 = AXIS2_PLACEMENT_3D('',#10873,#10874,#10875);
#10873 = CARTESIAN_POINT('',(46.,-75.5,0.));
#10874 = DIRECTION('',(-1.,-0.,-0.));
#10875 = DIRECTION('',(0.,-1.,0.));
#10876 = ADVANCED_FACE('',(#10877),#10904,.T.);
#10877 = FACE_BOUND('',#10878,.F.);
#10878 = EDGE_LOOP('',(#10879,#10880,#10889,#10897));
#10879 = ORIENTED_EDGE('',*,*,#10858,.T.);
#10880 = ORIENTED_EDGE('',*,*,#10881,.T.);
#10881 = EDGE_CURVE('',#10851,#10882,#10884,.T.);
#10882 = VERTEX_POINT('',#10883);
#10883 = CARTESIAN_POINT('',(45.707107,-91.707107,-3.5E-02));
#10884 = CIRCLE('',#10885,1.000004594775);
#10885 = AXIS2_PLACEMENT_3D('',#10886,#10887,#10888);
#10886 = CARTESIAN_POINT('',(44.999995405226,-90.99999853441,-3.5E-02));
#10887 = DIRECTION('',(0.,0.,-1.));
#10888 = DIRECTION('',(0.999999999999,-1.465582160669E-06,0.));
#10889 = ORIENTED_EDGE('',*,*,#10890,.F.);
#10890 = EDGE_CURVE('',#10891,#10882,#10893,.T.);
#10891 = VERTEX_POINT('',#10892);
#10892 = CARTESIAN_POINT('',(45.707107,-91.707107,0.));
#10893 = LINE('',#10894,#10895);
#10894 = CARTESIAN_POINT('',(45.707107,-91.707107,0.));
#10895 = VECTOR('',#10896,1.);
#10896 = DIRECTION('',(0.,0.,-1.));
#10897 = ORIENTED_EDGE('',*,*,#10898,.F.);
#10898 = EDGE_CURVE('',#10859,#10891,#10899,.T.);
#10899 = CIRCLE('',#10900,1.000004594775);
#10900 = AXIS2_PLACEMENT_3D('',#10901,#10902,#10903);
#10901 = CARTESIAN_POINT('',(44.999995405226,-90.99999853441,0.));
#10902 = DIRECTION('',(0.,0.,-1.));
#10903 = DIRECTION('',(0.999999999999,-1.465582160669E-06,0.));
#10904 = CYLINDRICAL_SURFACE('',#10905,1.000004594775);
#10905 = AXIS2_PLACEMENT_3D('',#10906,#10907,#10908);
#10906 = CARTESIAN_POINT('',(44.999995405226,-90.99999853441,0.));
#10907 = DIRECTION('',(-0.,-0.,1.));
#10908 = DIRECTION('',(0.999999999999,-1.465582160669E-06,0.));
#10909 = ADVANCED_FACE('',(#10910),#10935,.F.);
#10910 = FACE_BOUND('',#10911,.F.);
#10911 = EDGE_LOOP('',(#10912,#10913,#10921,#10929));
#10912 = ORIENTED_EDGE('',*,*,#10890,.T.);
#10913 = ORIENTED_EDGE('',*,*,#10914,.T.);
#10914 = EDGE_CURVE('',#10882,#10915,#10917,.T.);
#10915 = VERTEX_POINT('',#10916);
#10916 = CARTESIAN_POINT('',(43.207107,-94.207107,-3.5E-02));
#10917 = LINE('',#10918,#10919);
#10918 = CARTESIAN_POINT('',(45.707107,-91.707107,-3.5E-02));
#10919 = VECTOR('',#10920,1.);
#10920 = DIRECTION('',(-0.707106781187,-0.707106781187,0.));
#10921 = ORIENTED_EDGE('',*,*,#10922,.F.);
#10922 = EDGE_CURVE('',#10923,#10915,#10925,.T.);
#10923 = VERTEX_POINT('',#10924);
#10924 = CARTESIAN_POINT('',(43.207107,-94.207107,0.));
#10925 = LINE('',#10926,#10927);
#10926 = CARTESIAN_POINT('',(43.207107,-94.207107,0.));
#10927 = VECTOR('',#10928,1.);
#10928 = DIRECTION('',(0.,0.,-1.));
#10929 = ORIENTED_EDGE('',*,*,#10930,.F.);
#10930 = EDGE_CURVE('',#10891,#10923,#10931,.T.);
#10931 = LINE('',#10932,#10933);
#10932 = CARTESIAN_POINT('',(45.707107,-91.707107,0.));
#10933 = VECTOR('',#10934,1.);
#10934 = DIRECTION('',(-0.707106781187,-0.707106781187,0.));
#10935 = PLANE('',#10936);
#10936 = AXIS2_PLACEMENT_3D('',#10937,#10938,#10939);
#10937 = CARTESIAN_POINT('',(45.707107,-91.707107,0.));
#10938 = DIRECTION('',(-0.707106781187,0.707106781187,0.));
#10939 = DIRECTION('',(-0.707106781187,-0.707106781187,0.));
#10940 = ADVANCED_FACE('',(#10941),#10968,.T.);
#10941 = FACE_BOUND('',#10942,.F.);
#10942 = EDGE_LOOP('',(#10943,#10944,#10953,#10961));
#10943 = ORIENTED_EDGE('',*,*,#10922,.T.);
#10944 = ORIENTED_EDGE('',*,*,#10945,.T.);
#10945 = EDGE_CURVE('',#10915,#10946,#10948,.T.);
#10946 = VERTEX_POINT('',#10947);
#10947 = CARTESIAN_POINT('',(42.5,-94.5,-3.5E-02));
#10948 = CIRCLE('',#10949,1.000004086185);
#10949 = AXIS2_PLACEMENT_3D('',#10950,#10951,#10952);
#10950 = CARTESIAN_POINT('',(42.499998745076,-93.49999591381,-3.5E-02));
#10951 = DIRECTION('',(0.,0.,-1.));
#10952 = DIRECTION('',(0.707105365561,-0.707108196809,0.));
#10953 = ORIENTED_EDGE('',*,*,#10954,.F.);
#10954 = EDGE_CURVE('',#10955,#10946,#10957,.T.);
#10955 = VERTEX_POINT('',#10956);
#10956 = CARTESIAN_POINT('',(42.5,-94.5,0.));
#10957 = LINE('',#10958,#10959);
#10958 = CARTESIAN_POINT('',(42.5,-94.5,0.));
#10959 = VECTOR('',#10960,1.);
#10960 = DIRECTION('',(0.,0.,-1.));
#10961 = ORIENTED_EDGE('',*,*,#10962,.F.);
#10962 = EDGE_CURVE('',#10923,#10955,#10963,.T.);
#10963 = CIRCLE('',#10964,1.000004086185);
#10964 = AXIS2_PLACEMENT_3D('',#10965,#10966,#10967);
#10965 = CARTESIAN_POINT('',(42.499998745076,-93.49999591381,0.));
#10966 = DIRECTION('',(0.,0.,-1.));
#10967 = DIRECTION('',(0.707105365561,-0.707108196809,0.));
#10968 = CYLINDRICAL_SURFACE('',#10969,1.000004086185);
#10969 = AXIS2_PLACEMENT_3D('',#10970,#10971,#10972);
#10970 = CARTESIAN_POINT('',(42.499998745076,-93.49999591381,0.));
#10971 = DIRECTION('',(-0.,-0.,1.));
#10972 = DIRECTION('',(0.707105365561,-0.707108196809,0.));
#10973 = ADVANCED_FACE('',(#10974),#10999,.F.);
#10974 = FACE_BOUND('',#10975,.F.);
#10975 = EDGE_LOOP('',(#10976,#10977,#10985,#10993));
#10976 = ORIENTED_EDGE('',*,*,#10954,.T.);
#10977 = ORIENTED_EDGE('',*,*,#10978,.T.);
#10978 = EDGE_CURVE('',#10946,#10979,#10981,.T.);
#10979 = VERTEX_POINT('',#10980);
#10980 = CARTESIAN_POINT('',(22.534213,-94.5,-3.5E-02));
#10981 = LINE('',#10982,#10983);
#10982 = CARTESIAN_POINT('',(42.5,-94.5,-3.5E-02));
#10983 = VECTOR('',#10984,1.);
#10984 = DIRECTION('',(-1.,0.,0.));
#10985 = ORIENTED_EDGE('',*,*,#10986,.F.);
#10986 = EDGE_CURVE('',#10987,#10979,#10989,.T.);
#10987 = VERTEX_POINT('',#10988);
#10988 = CARTESIAN_POINT('',(22.534213,-94.5,0.));
#10989 = LINE('',#10990,#10991);
#10990 = CARTESIAN_POINT('',(22.534213,-94.5,0.));
#10991 = VECTOR('',#10992,1.);
#10992 = DIRECTION('',(0.,0.,-1.));
#10993 = ORIENTED_EDGE('',*,*,#10994,.F.);
#10994 = EDGE_CURVE('',#10955,#10987,#10995,.T.);
#10995 = LINE('',#10996,#10997);
#10996 = CARTESIAN_POINT('',(42.5,-94.5,0.));
#10997 = VECTOR('',#10998,1.);
#10998 = DIRECTION('',(-1.,0.,0.));
#10999 = PLANE('',#11000);
#11000 = AXIS2_PLACEMENT_3D('',#11001,#11002,#11003);
#11001 = CARTESIAN_POINT('',(42.5,-94.5,0.));
#11002 = DIRECTION('',(0.,1.,0.));
#11003 = DIRECTION('',(-1.,0.,0.));
#11004 = ADVANCED_FACE('',(#11005),#11030,.F.);
#11005 = FACE_BOUND('',#11006,.F.);
#11006 = EDGE_LOOP('',(#11007,#11008,#11016,#11024));
#11007 = ORIENTED_EDGE('',*,*,#10986,.T.);
#11008 = ORIENTED_EDGE('',*,*,#11009,.T.);
#11009 = EDGE_CURVE('',#10979,#11010,#11012,.T.);
#11010 = VERTEX_POINT('',#11011);
#11011 = CARTESIAN_POINT('',(17.327107,-99.707107,-3.5E-02));
#11012 = LINE('',#11013,#11014);
#11013 = CARTESIAN_POINT('',(22.534213,-94.5,-3.5E-02));
#11014 = VECTOR('',#11015,1.);
#11015 = DIRECTION('',(-0.707106713288,-0.707106849085,0.));
#11016 = ORIENTED_EDGE('',*,*,#11017,.F.);
#11017 = EDGE_CURVE('',#11018,#11010,#11020,.T.);
#11018 = VERTEX_POINT('',#11019);
#11019 = CARTESIAN_POINT('',(17.327107,-99.707107,0.));
#11020 = LINE('',#11021,#11022);
#11021 = CARTESIAN_POINT('',(17.327107,-99.707107,0.));
#11022 = VECTOR('',#11023,1.);
#11023 = DIRECTION('',(0.,0.,-1.));
#11024 = ORIENTED_EDGE('',*,*,#11025,.F.);
#11025 = EDGE_CURVE('',#10987,#11018,#11026,.T.);
#11026 = LINE('',#11027,#11028);
#11027 = CARTESIAN_POINT('',(22.534213,-94.5,0.));
#11028 = VECTOR('',#11029,1.);
#11029 = DIRECTION('',(-0.707106713288,-0.707106849085,0.));
#11030 = PLANE('',#11031);
#11031 = AXIS2_PLACEMENT_3D('',#11032,#11033,#11034);
#11032 = CARTESIAN_POINT('',(22.534213,-94.5,0.));
#11033 = DIRECTION('',(-0.707106849085,0.707106713288,0.));
#11034 = DIRECTION('',(-0.707106713288,-0.707106849085,0.));
#11035 = ADVANCED_FACE('',(#11036),#11063,.T.);
#11036 = FACE_BOUND('',#11037,.F.);
#11037 = EDGE_LOOP('',(#11038,#11039,#11048,#11056));
#11038 = ORIENTED_EDGE('',*,*,#11017,.T.);
#11039 = ORIENTED_EDGE('',*,*,#11040,.T.);
#11040 = EDGE_CURVE('',#11010,#11041,#11043,.T.);
#11041 = VERTEX_POINT('',#11042);
#11042 = CARTESIAN_POINT('',(16.62,-100.,-3.5E-02));
#11043 = CIRCLE('',#11044,1.000004086185);
#11044 = AXIS2_PLACEMENT_3D('',#11045,#11046,#11047);
#11045 = CARTESIAN_POINT('',(16.619998745076,-98.99999591381,-3.5E-02));
#11046 = DIRECTION('',(0.,0.,-1.));
#11047 = DIRECTION('',(0.707105365561,-0.707108196809,0.));
#11048 = ORIENTED_EDGE('',*,*,#11049,.F.);
#11049 = EDGE_CURVE('',#11050,#11041,#11052,.T.);
#11050 = VERTEX_POINT('',#11051);
#11051 = CARTESIAN_POINT('',(16.62,-100.,0.));
#11052 = LINE('',#11053,#11054);
#11053 = CARTESIAN_POINT('',(16.62,-100.,0.));
#11054 = VECTOR('',#11055,1.);
#11055 = DIRECTION('',(0.,0.,-1.));
#11056 = ORIENTED_EDGE('',*,*,#11057,.F.);
#11057 = EDGE_CURVE('',#11018,#11050,#11058,.T.);
#11058 = CIRCLE('',#11059,1.000004086185);
#11059 = AXIS2_PLACEMENT_3D('',#11060,#11061,#11062);
#11060 = CARTESIAN_POINT('',(16.619998745076,-98.99999591381,0.));
#11061 = DIRECTION('',(0.,0.,-1.));
#11062 = DIRECTION('',(0.707105365561,-0.707108196809,0.));
#11063 = CYLINDRICAL_SURFACE('',#11064,1.000004086185);
#11064 = AXIS2_PLACEMENT_3D('',#11065,#11066,#11067);
#11065 = CARTESIAN_POINT('',(16.619998745076,-98.99999591381,0.));
#11066 = DIRECTION('',(-0.,-0.,1.));
#11067 = DIRECTION('',(0.707105365561,-0.707108196809,0.));
#11068 = ADVANCED_FACE('',(#11069),#11094,.F.);
#11069 = FACE_BOUND('',#11070,.F.);
#11070 = EDGE_LOOP('',(#11071,#11072,#11080,#11088));
#11071 = ORIENTED_EDGE('',*,*,#11049,.T.);
#11072 = ORIENTED_EDGE('',*,*,#11073,.T.);
#11073 = EDGE_CURVE('',#11041,#11074,#11076,.T.);
#11074 = VERTEX_POINT('',#11075);
#11075 = CARTESIAN_POINT('',(6.96,-100.,-3.5E-02));
#11076 = LINE('',#11077,#11078);
#11077 = CARTESIAN_POINT('',(16.62,-100.,-3.5E-02));
#11078 = VECTOR('',#11079,1.);
#11079 = DIRECTION('',(-1.,0.,0.));
#11080 = ORIENTED_EDGE('',*,*,#11081,.F.);
#11081 = EDGE_CURVE('',#11082,#11074,#11084,.T.);
#11082 = VERTEX_POINT('',#11083);
#11083 = CARTESIAN_POINT('',(6.96,-100.,0.));
#11084 = LINE('',#11085,#11086);
#11085 = CARTESIAN_POINT('',(6.96,-100.,0.));
#11086 = VECTOR('',#11087,1.);
#11087 = DIRECTION('',(0.,0.,-1.));
#11088 = ORIENTED_EDGE('',*,*,#11089,.F.);
#11089 = EDGE_CURVE('',#11050,#11082,#11090,.T.);
#11090 = LINE('',#11091,#11092);
#11091 = CARTESIAN_POINT('',(16.62,-100.,0.));
#11092 = VECTOR('',#11093,1.);
#11093 = DIRECTION('',(-1.,0.,0.));
#11094 = PLANE('',#11095);
#11095 = AXIS2_PLACEMENT_3D('',#11096,#11097,#11098);
#11096 = CARTESIAN_POINT('',(16.62,-100.,0.));
#11097 = DIRECTION('',(0.,1.,0.));
#11098 = DIRECTION('',(-1.,0.,0.));
#11099 = ADVANCED_FACE('',(#11100),#11127,.T.);
#11100 = FACE_BOUND('',#11101,.F.);
#11101 = EDGE_LOOP('',(#11102,#11103,#11112,#11120));
#11102 = ORIENTED_EDGE('',*,*,#11081,.T.);
#11103 = ORIENTED_EDGE('',*,*,#11104,.T.);
#11104 = EDGE_CURVE('',#11074,#11105,#11107,.T.);
#11105 = VERTEX_POINT('',#11106);
#11106 = CARTESIAN_POINT('',(6.252893,-99.707107,-3.5E-02));
#11107 = CIRCLE('',#11108,1.000004594775);
#11108 = AXIS2_PLACEMENT_3D('',#11109,#11110,#11111);
#11109 = CARTESIAN_POINT('',(6.960001465589,-98.99999540522,-3.5E-02));
#11110 = DIRECTION('',(0.,0.,-1.));
#11111 = DIRECTION('',(-1.465582142905E-06,-0.999999999999,-0.));
#11112 = ORIENTED_EDGE('',*,*,#11113,.F.);
#11113 = EDGE_CURVE('',#11114,#11105,#11116,.T.);
#11114 = VERTEX_POINT('',#11115);
#11115 = CARTESIAN_POINT('',(6.252893,-99.707107,0.));
#11116 = LINE('',#11117,#11118);
#11117 = CARTESIAN_POINT('',(6.252893,-99.707107,0.));
#11118 = VECTOR('',#11119,1.);
#11119 = DIRECTION('',(0.,0.,-1.));
#11120 = ORIENTED_EDGE('',*,*,#11121,.F.);
#11121 = EDGE_CURVE('',#11082,#11114,#11122,.T.);
#11122 = CIRCLE('',#11123,1.000004594775);
#11123 = AXIS2_PLACEMENT_3D('',#11124,#11125,#11126);
#11124 = CARTESIAN_POINT('',(6.960001465589,-98.99999540522,0.));
#11125 = DIRECTION('',(0.,0.,-1.));
#11126 = DIRECTION('',(-1.465582142905E-06,-0.999999999999,-0.));
#11127 = CYLINDRICAL_SURFACE('',#11128,1.000004594775);
#11128 = AXIS2_PLACEMENT_3D('',#11129,#11130,#11131);
#11129 = CARTESIAN_POINT('',(6.960001465589,-98.99999540522,0.));
#11130 = DIRECTION('',(-0.,-0.,1.));
#11131 = DIRECTION('',(-1.465582142905E-06,-0.999999999999,-0.));
#11132 = ADVANCED_FACE('',(#11133),#11158,.F.);
#11133 = FACE_BOUND('',#11134,.F.);
#11134 = EDGE_LOOP('',(#11135,#11136,#11144,#11152));
#11135 = ORIENTED_EDGE('',*,*,#11113,.T.);
#11136 = ORIENTED_EDGE('',*,*,#11137,.T.);
#11137 = EDGE_CURVE('',#11105,#11138,#11140,.T.);
#11138 = VERTEX_POINT('',#11139);
#11139 = CARTESIAN_POINT('',(2.292893,-95.747107,-3.5E-02));
#11140 = LINE('',#11141,#11142);
#11141 = CARTESIAN_POINT('',(6.252893,-99.707107,-3.5E-02));
#11142 = VECTOR('',#11143,1.);
#11143 = DIRECTION('',(-0.707106781187,0.707106781187,0.));
#11144 = ORIENTED_EDGE('',*,*,#11145,.F.);
#11145 = EDGE_CURVE('',#11146,#11138,#11148,.T.);
#11146 = VERTEX_POINT('',#11147);
#11147 = CARTESIAN_POINT('',(2.292893,-95.747107,0.));
#11148 = LINE('',#11149,#11150);
#11149 = CARTESIAN_POINT('',(2.292893,-95.747107,0.));
#11150 = VECTOR('',#11151,1.);
#11151 = DIRECTION('',(0.,0.,-1.));
#11152 = ORIENTED_EDGE('',*,*,#11153,.F.);
#11153 = EDGE_CURVE('',#11114,#11146,#11154,.T.);
#11154 = LINE('',#11155,#11156);
#11155 = CARTESIAN_POINT('',(6.252893,-99.707107,0.));
#11156 = VECTOR('',#11157,1.);
#11157 = DIRECTION('',(-0.707106781187,0.707106781187,0.));
#11158 = PLANE('',#11159);
#11159 = AXIS2_PLACEMENT_3D('',#11160,#11161,#11162);
#11160 = CARTESIAN_POINT('',(6.252893,-99.707107,0.));
#11161 = DIRECTION('',(0.707106781187,0.707106781187,0.));
#11162 = DIRECTION('',(-0.707106781187,0.707106781187,0.));
#11163 = ADVANCED_FACE('',(#11164),#11191,.T.);
#11164 = FACE_BOUND('',#11165,.F.);
#11165 = EDGE_LOOP('',(#11166,#11167,#11176,#11184));
#11166 = ORIENTED_EDGE('',*,*,#11145,.T.);
#11167 = ORIENTED_EDGE('',*,*,#11168,.T.);
#11168 = EDGE_CURVE('',#11138,#11169,#11171,.T.);
#11169 = VERTEX_POINT('',#11170);
#11170 = CARTESIAN_POINT('',(2.,-95.04,-3.5E-02));
#11171 = CIRCLE('',#11172,1.000004086185);
#11172 = AXIS2_PLACEMENT_3D('',#11173,#11174,#11175);
#11173 = CARTESIAN_POINT('',(3.000004086184,-95.03999874507,-3.5E-02));
#11174 = DIRECTION('',(0.,0.,-1.));
#11175 = DIRECTION('',(-0.707108196809,-0.707105365561,-0.));
#11176 = ORIENTED_EDGE('',*,*,#11177,.F.);
#11177 = EDGE_CURVE('',#11178,#11169,#11180,.T.);
#11178 = VERTEX_POINT('',#11179);
#11179 = CARTESIAN_POINT('',(2.,-95.04,0.));
#11180 = LINE('',#11181,#11182);
#11181 = CARTESIAN_POINT('',(2.,-95.04,0.));
#11182 = VECTOR('',#11183,1.);
#11183 = DIRECTION('',(0.,0.,-1.));
#11184 = ORIENTED_EDGE('',*,*,#11185,.F.);
#11185 = EDGE_CURVE('',#11146,#11178,#11186,.T.);
#11186 = CIRCLE('',#11187,1.000004086185);
#11187 = AXIS2_PLACEMENT_3D('',#11188,#11189,#11190);
#11188 = CARTESIAN_POINT('',(3.000004086184,-95.03999874507,0.));
#11189 = DIRECTION('',(0.,0.,-1.));
#11190 = DIRECTION('',(-0.707108196809,-0.707105365561,-0.));
#11191 = CYLINDRICAL_SURFACE('',#11192,1.000004086185);
#11192 = AXIS2_PLACEMENT_3D('',#11193,#11194,#11195);
#11193 = CARTESIAN_POINT('',(3.000004086184,-95.03999874507,0.));
#11194 = DIRECTION('',(-0.,-0.,1.));
#11195 = DIRECTION('',(-0.707108196809,-0.707105365561,-0.));
#11196 = ADVANCED_FACE('',(#11197),#11222,.F.);
#11197 = FACE_BOUND('',#11198,.F.);
#11198 = EDGE_LOOP('',(#11199,#11200,#11208,#11216));
#11199 = ORIENTED_EDGE('',*,*,#11177,.T.);
#11200 = ORIENTED_EDGE('',*,*,#11201,.T.);
#11201 = EDGE_CURVE('',#11169,#11202,#11204,.T.);
#11202 = VERTEX_POINT('',#11203);
#11203 = CARTESIAN_POINT('',(2.,-15.,-3.5E-02));
#11204 = LINE('',#11205,#11206);
#11205 = CARTESIAN_POINT('',(2.,-95.04,-3.5E-02));
#11206 = VECTOR('',#11207,1.);
#11207 = DIRECTION('',(0.,1.,0.));
#11208 = ORIENTED_EDGE('',*,*,#11209,.F.);
#11209 = EDGE_CURVE('',#11210,#11202,#11212,.T.);
#11210 = VERTEX_POINT('',#11211);
#11211 = CARTESIAN_POINT('',(2.,-15.,0.));
#11212 = LINE('',#11213,#11214);
#11213 = CARTESIAN_POINT('',(2.,-15.,0.));
#11214 = VECTOR('',#11215,1.);
#11215 = DIRECTION('',(0.,0.,-1.));
#11216 = ORIENTED_EDGE('',*,*,#11217,.F.);
#11217 = EDGE_CURVE('',#11178,#11210,#11218,.T.);
#11218 = LINE('',#11219,#11220);
#11219 = CARTESIAN_POINT('',(2.,-95.04,0.));
#11220 = VECTOR('',#11221,1.);
#11221 = DIRECTION('',(0.,1.,0.));
#11222 = PLANE('',#11223);
#11223 = AXIS2_PLACEMENT_3D('',#11224,#11225,#11226);
#11224 = CARTESIAN_POINT('',(2.,-95.04,0.));
#11225 = DIRECTION('',(1.,-0.,0.));
#11226 = DIRECTION('',(0.,1.,0.));
#11227 = ADVANCED_FACE('',(#11228),#11253,.F.);
#11228 = FACE_BOUND('',#11229,.F.);
#11229 = EDGE_LOOP('',(#11230,#11231,#11239,#11247));
#11230 = ORIENTED_EDGE('',*,*,#11209,.T.);
#11231 = ORIENTED_EDGE('',*,*,#11232,.T.);
#11232 = EDGE_CURVE('',#11202,#11233,#11235,.T.);
#11233 = VERTEX_POINT('',#11234);
#11234 = CARTESIAN_POINT('',(2.004815,-14.901983,-3.5E-02));
#11235 = LINE('',#11236,#11237);
#11236 = CARTESIAN_POINT('',(2.,-15.,-3.5E-02));
#11237 = VECTOR('',#11238,1.);
#11238 = DIRECTION('',(4.906496589651E-02,0.998795589258,0.));
#11239 = ORIENTED_EDGE('',*,*,#11240,.F.);
#11240 = EDGE_CURVE('',#11241,#11233,#11243,.T.);
#11241 = VERTEX_POINT('',#11242);
#11242 = CARTESIAN_POINT('',(2.004815,-14.901983,0.));
#11243 = LINE('',#11244,#11245);
#11244 = CARTESIAN_POINT('',(2.004815,-14.901983,0.));
#11245 = VECTOR('',#11246,1.);
#11246 = DIRECTION('',(0.,0.,-1.));
#11247 = ORIENTED_EDGE('',*,*,#11248,.F.);
#11248 = EDGE_CURVE('',#11210,#11241,#11249,.T.);
#11249 = LINE('',#11250,#11251);
#11250 = CARTESIAN_POINT('',(2.,-15.,0.));
#11251 = VECTOR('',#11252,1.);
#11252 = DIRECTION('',(4.906496589651E-02,0.998795589258,0.));
#11253 = PLANE('',#11254);
#11254 = AXIS2_PLACEMENT_3D('',#11255,#11256,#11257);
#11255 = CARTESIAN_POINT('',(2.,-15.,0.));
#11256 = DIRECTION('',(0.998795589258,-4.906496589651E-02,0.));
#11257 = DIRECTION('',(4.906496589651E-02,0.998795589258,0.));
#11258 = ADVANCED_FACE('',(#11259),#11284,.F.);
#11259 = FACE_BOUND('',#11260,.F.);
#11260 = EDGE_LOOP('',(#11261,#11262,#11270,#11278));
#11261 = ORIENTED_EDGE('',*,*,#11240,.T.);
#11262 = ORIENTED_EDGE('',*,*,#11263,.T.);
#11263 = EDGE_CURVE('',#11233,#11264,#11266,.T.);
#11264 = VERTEX_POINT('',#11265);
#11265 = CARTESIAN_POINT('',(2.031068,-14.77,-3.5E-02));
#11266 = LINE('',#11267,#11268);
#11267 = CARTESIAN_POINT('',(2.004815,-14.901983,-3.5E-02));
#11268 = VECTOR('',#11269,1.);
#11269 = DIRECTION('',(0.195089957567,0.980785352897,0.));
#11270 = ORIENTED_EDGE('',*,*,#11271,.F.);
#11271 = EDGE_CURVE('',#11272,#11264,#11274,.T.);
#11272 = VERTEX_POINT('',#11273);
#11273 = CARTESIAN_POINT('',(2.031068,-14.77,0.));
#11274 = LINE('',#11275,#11276);
#11275 = CARTESIAN_POINT('',(2.031068,-14.77,0.));
#11276 = VECTOR('',#11277,1.);
#11277 = DIRECTION('',(0.,0.,-1.));
#11278 = ORIENTED_EDGE('',*,*,#11279,.F.);
#11279 = EDGE_CURVE('',#11241,#11272,#11280,.T.);
#11280 = LINE('',#11281,#11282);
#11281 = CARTESIAN_POINT('',(2.004815,-14.901983,0.));
#11282 = VECTOR('',#11283,1.);
#11283 = DIRECTION('',(0.195089957567,0.980785352897,0.));
#11284 = PLANE('',#11285);
#11285 = AXIS2_PLACEMENT_3D('',#11286,#11287,#11288);
#11286 = CARTESIAN_POINT('',(2.004815,-14.901983,0.));
#11287 = DIRECTION('',(0.980785352897,-0.195089957567,0.));
#11288 = DIRECTION('',(0.195089957567,0.980785352897,0.));
#11289 = ADVANCED_FACE('',(#11290),#11306,.F.);
#11290 = FACE_BOUND('',#11291,.F.);
#11291 = EDGE_LOOP('',(#11292,#11293,#11299,#11300));
#11292 = ORIENTED_EDGE('',*,*,#11271,.T.);
#11293 = ORIENTED_EDGE('',*,*,#11294,.T.);
#11294 = EDGE_CURVE('',#11264,#8571,#11295,.T.);
#11295 = LINE('',#11296,#11297);
#11296 = CARTESIAN_POINT('',(2.031068,-14.77,-3.5E-02));
#11297 = VECTOR('',#11298,1.);
#11298 = DIRECTION('',(-0.195089957567,0.980785352897,0.));
#11299 = ORIENTED_EDGE('',*,*,#8568,.F.);
#11300 = ORIENTED_EDGE('',*,*,#11301,.F.);
#11301 = EDGE_CURVE('',#11272,#8569,#11302,.T.);
#11302 = LINE('',#11303,#11304);
#11303 = CARTESIAN_POINT('',(2.031068,-14.77,0.));
#11304 = VECTOR('',#11305,1.);
#11305 = DIRECTION('',(-0.195089957567,0.980785352897,0.));
#11306 = PLANE('',#11307);
#11307 = AXIS2_PLACEMENT_3D('',#11308,#11309,#11310);
#11308 = CARTESIAN_POINT('',(2.031068,-14.77,0.));
#11309 = DIRECTION('',(0.980785352897,0.195089957567,0.));
#11310 = DIRECTION('',(-0.195089957567,0.980785352897,0.));
#11311 = ADVANCED_FACE('',(#11312),#11339,.F.);
#11312 = FACE_BOUND('',#11313,.F.);
#11313 = EDGE_LOOP('',(#11314,#11324,#11331,#11332));
#11314 = ORIENTED_EDGE('',*,*,#11315,.T.);
#11315 = EDGE_CURVE('',#11316,#11318,#11320,.T.);
#11316 = VERTEX_POINT('',#11317);
#11317 = CARTESIAN_POINT('',(9.487392,-97.54,0.));
#11318 = VERTEX_POINT('',#11319);
#11319 = CARTESIAN_POINT('',(9.487392,-97.54,-3.5E-02));
#11320 = LINE('',#11321,#11322);
#11321 = CARTESIAN_POINT('',(9.487392,-97.54,0.));
#11322 = VECTOR('',#11323,1.);
#11323 = DIRECTION('',(0.,0.,-1.));
#11324 = ORIENTED_EDGE('',*,*,#11325,.T.);
#11325 = EDGE_CURVE('',#11318,#11318,#11326,.T.);
#11326 = CIRCLE('',#11327,0.487392);
#11327 = AXIS2_PLACEMENT_3D('',#11328,#11329,#11330);
#11328 = CARTESIAN_POINT('',(9.,-97.54,-3.5E-02));
#11329 = DIRECTION('',(0.,0.,1.));
#11330 = DIRECTION('',(1.,0.,-0.));
#11331 = ORIENTED_EDGE('',*,*,#11315,.F.);
#11332 = ORIENTED_EDGE('',*,*,#11333,.F.);
#11333 = EDGE_CURVE('',#11316,#11316,#11334,.T.);
#11334 = CIRCLE('',#11335,0.487392);
#11335 = AXIS2_PLACEMENT_3D('',#11336,#11337,#11338);
#11336 = CARTESIAN_POINT('',(9.,-97.54,0.));
#11337 = DIRECTION('',(0.,0.,1.));
#11338 = DIRECTION('',(1.,0.,-0.));
#11339 = CYLINDRICAL_SURFACE('',#11340,0.487392);
#11340 = AXIS2_PLACEMENT_3D('',#11341,#11342,#11343);
#11341 = CARTESIAN_POINT('',(9.,-97.54,0.));
#11342 = DIRECTION('',(0.,0.,1.));
#11343 = DIRECTION('',(1.,0.,-0.));
#11344 = ADVANCED_FACE('',(#11345),#11372,.F.);
#11345 = FACE_BOUND('',#11346,.F.);
#11346 = EDGE_LOOP('',(#11347,#11357,#11364,#11365));
#11347 = ORIENTED_EDGE('',*,*,#11348,.T.);
#11348 = EDGE_CURVE('',#11349,#11351,#11353,.T.);
#11349 = VERTEX_POINT('',#11350);
#11350 = CARTESIAN_POINT('',(41.487392,-88.54,0.));
#11351 = VERTEX_POINT('',#11352);
#11352 = CARTESIAN_POINT('',(41.487392,-88.54,-3.5E-02));
#11353 = LINE('',#11354,#11355);
#11354 = CARTESIAN_POINT('',(41.487392,-88.54,0.));
#11355 = VECTOR('',#11356,1.);
#11356 = DIRECTION('',(0.,0.,-1.));
#11357 = ORIENTED_EDGE('',*,*,#11358,.T.);
#11358 = EDGE_CURVE('',#11351,#11351,#11359,.T.);
#11359 = CIRCLE('',#11360,0.487392);
#11360 = AXIS2_PLACEMENT_3D('',#11361,#11362,#11363);
#11361 = CARTESIAN_POINT('',(41.,-88.54,-3.5E-02));
#11362 = DIRECTION('',(0.,0.,1.));
#11363 = DIRECTION('',(1.,0.,-0.));
#11364 = ORIENTED_EDGE('',*,*,#11348,.F.);
#11365 = ORIENTED_EDGE('',*,*,#11366,.F.);
#11366 = EDGE_CURVE('',#11349,#11349,#11367,.T.);
#11367 = CIRCLE('',#11368,0.487392);
#11368 = AXIS2_PLACEMENT_3D('',#11369,#11370,#11371);
#11369 = CARTESIAN_POINT('',(41.,-88.54,0.));
#11370 = DIRECTION('',(0.,0.,1.));
#11371 = DIRECTION('',(1.,0.,-0.));
#11372 = CYLINDRICAL_SURFACE('',#11373,0.487392);
#11373 = AXIS2_PLACEMENT_3D('',#11374,#11375,#11376);
#11374 = CARTESIAN_POINT('',(41.,-88.54,0.));
#11375 = DIRECTION('',(0.,0.,1.));
#11376 = DIRECTION('',(1.,0.,-0.));
#11377 = ADVANCED_FACE('',(#11378),#11405,.F.);
#11378 = FACE_BOUND('',#11379,.F.);
#11379 = EDGE_LOOP('',(#11380,#11390,#11397,#11398));
#11380 = ORIENTED_EDGE('',*,*,#11381,.T.);
#11381 = EDGE_CURVE('',#11382,#11384,#11386,.T.);
#11382 = VERTEX_POINT('',#11383);
#11383 = CARTESIAN_POINT('',(24.337392,-73.5,0.));
#11384 = VERTEX_POINT('',#11385);
#11385 = CARTESIAN_POINT('',(24.337392,-73.5,-3.5E-02));
#11386 = LINE('',#11387,#11388);
#11387 = CARTESIAN_POINT('',(24.337392,-73.5,0.));
#11388 = VECTOR('',#11389,1.);
#11389 = DIRECTION('',(0.,0.,-1.));
#11390 = ORIENTED_EDGE('',*,*,#11391,.T.);
#11391 = EDGE_CURVE('',#11384,#11384,#11392,.T.);
#11392 = CIRCLE('',#11393,0.337392);
#11393 = AXIS2_PLACEMENT_3D('',#11394,#11395,#11396);
#11394 = CARTESIAN_POINT('',(24.,-73.5,-3.5E-02));
#11395 = DIRECTION('',(0.,0.,1.));
#11396 = DIRECTION('',(1.,0.,-0.));
#11397 = ORIENTED_EDGE('',*,*,#11381,.F.);
#11398 = ORIENTED_EDGE('',*,*,#11399,.F.);
#11399 = EDGE_CURVE('',#11382,#11382,#11400,.T.);
#11400 = CIRCLE('',#11401,0.337392);
#11401 = AXIS2_PLACEMENT_3D('',#11402,#11403,#11404);
#11402 = CARTESIAN_POINT('',(24.,-73.5,0.));
#11403 = DIRECTION('',(0.,0.,1.));
#11404 = DIRECTION('',(1.,0.,-0.));
#11405 = CYLINDRICAL_SURFACE('',#11406,0.337392);
#11406 = AXIS2_PLACEMENT_3D('',#11407,#11408,#11409);
#11407 = CARTESIAN_POINT('',(24.,-73.5,0.));
#11408 = DIRECTION('',(0.,0.,1.));
#11409 = DIRECTION('',(1.,0.,-0.));
#11410 = ADVANCED_FACE('',(#11411),#11438,.F.);
#11411 = FACE_BOUND('',#11412,.F.);
#11412 = EDGE_LOOP('',(#11413,#11423,#11430,#11431));
#11413 = ORIENTED_EDGE('',*,*,#11414,.T.);
#11414 = EDGE_CURVE('',#11415,#11417,#11419,.T.);
#11415 = VERTEX_POINT('',#11416);
#11416 = CARTESIAN_POINT('',(17.617392,-72.,0.));
#11417 = VERTEX_POINT('',#11418);
#11418 = CARTESIAN_POINT('',(17.617392,-72.,-3.5E-02));
#11419 = LINE('',#11420,#11421);
#11420 = CARTESIAN_POINT('',(17.617392,-72.,0.));
#11421 = VECTOR('',#11422,1.);
#11422 = DIRECTION('',(0.,0.,-1.));
#11423 = ORIENTED_EDGE('',*,*,#11424,.T.);
#11424 = EDGE_CURVE('',#11417,#11417,#11425,.T.);
#11425 = CIRCLE('',#11426,0.537392);
#11426 = AXIS2_PLACEMENT_3D('',#11427,#11428,#11429);
#11427 = CARTESIAN_POINT('',(17.08,-72.,-3.5E-02));
#11428 = DIRECTION('',(0.,0.,1.));
#11429 = DIRECTION('',(1.,0.,-0.));
#11430 = ORIENTED_EDGE('',*,*,#11414,.F.);
#11431 = ORIENTED_EDGE('',*,*,#11432,.F.);
#11432 = EDGE_CURVE('',#11415,#11415,#11433,.T.);
#11433 = CIRCLE('',#11434,0.537392);
#11434 = AXIS2_PLACEMENT_3D('',#11435,#11436,#11437);
#11435 = CARTESIAN_POINT('',(17.08,-72.,0.));
#11436 = DIRECTION('',(0.,0.,1.));
#11437 = DIRECTION('',(1.,0.,-0.));
#11438 = CYLINDRICAL_SURFACE('',#11439,0.537392);
#11439 = AXIS2_PLACEMENT_3D('',#11440,#11441,#11442);
#11440 = CARTESIAN_POINT('',(17.08,-72.,0.));
#11441 = DIRECTION('',(0.,0.,1.));
#11442 = DIRECTION('',(1.,0.,-0.));
#11443 = ADVANCED_FACE('',(#11444),#11471,.F.);
#11444 = FACE_BOUND('',#11445,.F.);
#11445 = EDGE_LOOP('',(#11446,#11456,#11463,#11464));
#11446 = ORIENTED_EDGE('',*,*,#11447,.T.);
#11447 = EDGE_CURVE('',#11448,#11450,#11452,.T.);
#11448 = VERTEX_POINT('',#11449);
#11449 = CARTESIAN_POINT('',(43.442392,-70.,0.));
#11450 = VERTEX_POINT('',#11451);
#11451 = CARTESIAN_POINT('',(43.442392,-70.,-3.5E-02));
#11452 = LINE('',#11453,#11454);
#11453 = CARTESIAN_POINT('',(43.442392,-70.,0.));
#11454 = VECTOR('',#11455,1.);
#11455 = DIRECTION('',(0.,0.,-1.));
#11456 = ORIENTED_EDGE('',*,*,#11457,.T.);
#11457 = EDGE_CURVE('',#11450,#11450,#11458,.T.);
#11458 = CIRCLE('',#11459,0.362392);
#11459 = AXIS2_PLACEMENT_3D('',#11460,#11461,#11462);
#11460 = CARTESIAN_POINT('',(43.08,-70.,-3.5E-02));
#11461 = DIRECTION('',(0.,0.,1.));
#11462 = DIRECTION('',(1.,0.,-0.));
#11463 = ORIENTED_EDGE('',*,*,#11447,.F.);
#11464 = ORIENTED_EDGE('',*,*,#11465,.F.);
#11465 = EDGE_CURVE('',#11448,#11448,#11466,.T.);
#11466 = CIRCLE('',#11467,0.362392);
#11467 = AXIS2_PLACEMENT_3D('',#11468,#11469,#11470);
#11468 = CARTESIAN_POINT('',(43.08,-70.,0.));
#11469 = DIRECTION('',(0.,0.,1.));
#11470 = DIRECTION('',(1.,0.,-0.));
#11471 = CYLINDRICAL_SURFACE('',#11472,0.362392);
#11472 = AXIS2_PLACEMENT_3D('',#11473,#11474,#11475);
#11473 = CARTESIAN_POINT('',(43.08,-70.,0.));
#11474 = DIRECTION('',(0.,0.,1.));
#11475 = DIRECTION('',(1.,0.,-0.));
#11476 = ADVANCED_FACE('',(#11477),#11504,.F.);
#11477 = FACE_BOUND('',#11478,.F.);
#11478 = EDGE_LOOP('',(#11479,#11489,#11496,#11497));
#11479 = ORIENTED_EDGE('',*,*,#11480,.T.);
#11480 = EDGE_CURVE('',#11481,#11483,#11485,.T.);
#11481 = VERTEX_POINT('',#11482);
#11482 = CARTESIAN_POINT('',(24.487392,-44.,0.));
#11483 = VERTEX_POINT('',#11484);
#11484 = CARTESIAN_POINT('',(24.487392,-44.,-3.5E-02));
#11485 = LINE('',#11486,#11487);
#11486 = CARTESIAN_POINT('',(24.487392,-44.,0.));
#11487 = VECTOR('',#11488,1.);
#11488 = DIRECTION('',(0.,0.,-1.));
#11489 = ORIENTED_EDGE('',*,*,#11490,.T.);
#11490 = EDGE_CURVE('',#11483,#11483,#11491,.T.);
#11491 = CIRCLE('',#11492,0.487392);
#11492 = AXIS2_PLACEMENT_3D('',#11493,#11494,#11495);
#11493 = CARTESIAN_POINT('',(24.,-44.,-3.5E-02));
#11494 = DIRECTION('',(0.,0.,1.));
#11495 = DIRECTION('',(1.,0.,-0.));
#11496 = ORIENTED_EDGE('',*,*,#11480,.F.);
#11497 = ORIENTED_EDGE('',*,*,#11498,.F.);
#11498 = EDGE_CURVE('',#11481,#11481,#11499,.T.);
#11499 = CIRCLE('',#11500,0.487392);
#11500 = AXIS2_PLACEMENT_3D('',#11501,#11502,#11503);
#11501 = CARTESIAN_POINT('',(24.,-44.,0.));
#11502 = DIRECTION('',(0.,0.,1.));
#11503 = DIRECTION('',(1.,0.,-0.));
#11504 = CYLINDRICAL_SURFACE('',#11505,0.487392);
#11505 = AXIS2_PLACEMENT_3D('',#11506,#11507,#11508);
#11506 = CARTESIAN_POINT('',(24.,-44.,0.));
#11507 = DIRECTION('',(0.,0.,1.));
#11508 = DIRECTION('',(1.,0.,-0.));
#11509 = ADVANCED_FACE('',(#11510),#11537,.F.);
#11510 = FACE_BOUND('',#11511,.F.);
#11511 = EDGE_LOOP('',(#11512,#11522,#11529,#11530));
#11512 = ORIENTED_EDGE('',*,*,#11513,.T.);
#11513 = EDGE_CURVE('',#11514,#11516,#11518,.T.);
#11514 = VERTEX_POINT('',#11515);
#11515 = CARTESIAN_POINT('',(24.487392,-38.,0.));
#11516 = VERTEX_POINT('',#11517);
#11517 = CARTESIAN_POINT('',(24.487392,-38.,-3.5E-02));
#11518 = LINE('',#11519,#11520);
#11519 = CARTESIAN_POINT('',(24.487392,-38.,0.));
#11520 = VECTOR('',#11521,1.);
#11521 = DIRECTION('',(0.,0.,-1.));
#11522 = ORIENTED_EDGE('',*,*,#11523,.T.);
#11523 = EDGE_CURVE('',#11516,#11516,#11524,.T.);
#11524 = CIRCLE('',#11525,0.487392);
#11525 = AXIS2_PLACEMENT_3D('',#11526,#11527,#11528);
#11526 = CARTESIAN_POINT('',(24.,-38.,-3.5E-02));
#11527 = DIRECTION('',(0.,0.,1.));
#11528 = DIRECTION('',(1.,0.,-0.));
#11529 = ORIENTED_EDGE('',*,*,#11513,.F.);
#11530 = ORIENTED_EDGE('',*,*,#11531,.F.);
#11531 = EDGE_CURVE('',#11514,#11514,#11532,.T.);
#11532 = CIRCLE('',#11533,0.487392);
#11533 = AXIS2_PLACEMENT_3D('',#11534,#11535,#11536);
#11534 = CARTESIAN_POINT('',(24.,-38.,0.));
#11535 = DIRECTION('',(0.,0.,1.));
#11536 = DIRECTION('',(1.,0.,-0.));
#11537 = CYLINDRICAL_SURFACE('',#11538,0.487392);
#11538 = AXIS2_PLACEMENT_3D('',#11539,#11540,#11541);
#11539 = CARTESIAN_POINT('',(24.,-38.,0.));
#11540 = DIRECTION('',(0.,0.,1.));
#11541 = DIRECTION('',(1.,0.,-0.));
#11542 = ADVANCED_FACE('',(#11543),#11570,.F.);
#11543 = FACE_BOUND('',#11544,.F.);
#11544 = EDGE_LOOP('',(#11545,#11555,#11562,#11563));
#11545 = ORIENTED_EDGE('',*,*,#11546,.T.);
#11546 = EDGE_CURVE('',#11547,#11549,#11551,.T.);
#11547 = VERTEX_POINT('',#11548);
#11548 = CARTESIAN_POINT('',(7.987392,-37.235,0.));
#11549 = VERTEX_POINT('',#11550);
#11550 = CARTESIAN_POINT('',(7.987392,-37.235,-3.5E-02));
#11551 = LINE('',#11552,#11553);
#11552 = CARTESIAN_POINT('',(7.987392,-37.235,0.));
#11553 = VECTOR('',#11554,1.);
#11554 = DIRECTION('',(0.,0.,-1.));
#11555 = ORIENTED_EDGE('',*,*,#11556,.T.);
#11556 = EDGE_CURVE('',#11549,#11549,#11557,.T.);
#11557 = CIRCLE('',#11558,0.487392);
#11558 = AXIS2_PLACEMENT_3D('',#11559,#11560,#11561);
#11559 = CARTESIAN_POINT('',(7.5,-37.235,-3.5E-02));
#11560 = DIRECTION('',(0.,0.,1.));
#11561 = DIRECTION('',(1.,0.,-0.));
#11562 = ORIENTED_EDGE('',*,*,#11546,.F.);
#11563 = ORIENTED_EDGE('',*,*,#11564,.F.);
#11564 = EDGE_CURVE('',#11547,#11547,#11565,.T.);
#11565 = CIRCLE('',#11566,0.487392);
#11566 = AXIS2_PLACEMENT_3D('',#11567,#11568,#11569);
#11567 = CARTESIAN_POINT('',(7.5,-37.235,0.));
#11568 = DIRECTION('',(0.,0.,1.));
#11569 = DIRECTION('',(1.,0.,-0.));
#11570 = CYLINDRICAL_SURFACE('',#11571,0.487392);
#11571 = AXIS2_PLACEMENT_3D('',#11572,#11573,#11574);
#11572 = CARTESIAN_POINT('',(7.5,-37.235,0.));
#11573 = DIRECTION('',(0.,0.,1.));
#11574 = DIRECTION('',(1.,0.,-0.));
#11575 = ADVANCED_FACE('',(#11576),#11603,.F.);
#11576 = FACE_BOUND('',#11577,.F.);
#11577 = EDGE_LOOP('',(#11578,#11588,#11595,#11596));
#11578 = ORIENTED_EDGE('',*,*,#11579,.T.);
#11579 = EDGE_CURVE('',#11580,#11582,#11584,.T.);
#11580 = VERTEX_POINT('',#11581);
#11581 = CARTESIAN_POINT('',(6.537392,-24.5,0.));
#11582 = VERTEX_POINT('',#11583);
#11583 = CARTESIAN_POINT('',(6.537392,-24.5,-3.5E-02));
#11584 = LINE('',#11585,#11586);
#11585 = CARTESIAN_POINT('',(6.537392,-24.5,0.));
#11586 = VECTOR('',#11587,1.);
#11587 = DIRECTION('',(0.,0.,-1.));
#11588 = ORIENTED_EDGE('',*,*,#11589,.T.);
#11589 = EDGE_CURVE('',#11582,#11582,#11590,.T.);
#11590 = CIRCLE('',#11591,0.537392);
#11591 = AXIS2_PLACEMENT_3D('',#11592,#11593,#11594);
#11592 = CARTESIAN_POINT('',(6.,-24.5,-3.5E-02));
#11593 = DIRECTION('',(0.,0.,1.));
#11594 = DIRECTION('',(1.,0.,-0.));
#11595 = ORIENTED_EDGE('',*,*,#11579,.F.);
#11596 = ORIENTED_EDGE('',*,*,#11597,.F.);
#11597 = EDGE_CURVE('',#11580,#11580,#11598,.T.);
#11598 = CIRCLE('',#11599,0.537392);
#11599 = AXIS2_PLACEMENT_3D('',#11600,#11601,#11602);
#11600 = CARTESIAN_POINT('',(6.,-24.5,0.));
#11601 = DIRECTION('',(0.,0.,1.));
#11602 = DIRECTION('',(1.,0.,-0.));
#11603 = CYLINDRICAL_SURFACE('',#11604,0.537392);
#11604 = AXIS2_PLACEMENT_3D('',#11605,#11606,#11607);
#11605 = CARTESIAN_POINT('',(6.,-24.5,0.));
#11606 = DIRECTION('',(0.,0.,1.));
#11607 = DIRECTION('',(1.,0.,-0.));
#11608 = ADVANCED_FACE('',(#11609),#11636,.F.);
#11609 = FACE_BOUND('',#11610,.F.);
#11610 = EDGE_LOOP('',(#11611,#11621,#11628,#11629));
#11611 = ORIENTED_EDGE('',*,*,#11612,.T.);
#11612 = EDGE_CURVE('',#11613,#11615,#11617,.T.);
#11613 = VERTEX_POINT('',#11614);
#11614 = CARTESIAN_POINT('',(13.037392,-24.5,0.));
#11615 = VERTEX_POINT('',#11616);
#11616 = CARTESIAN_POINT('',(13.037392,-24.5,-3.5E-02));
#11617 = LINE('',#11618,#11619);
#11618 = CARTESIAN_POINT('',(13.037392,-24.5,0.));
#11619 = VECTOR('',#11620,1.);
#11620 = DIRECTION('',(0.,0.,-1.));
#11621 = ORIENTED_EDGE('',*,*,#11622,.T.);
#11622 = EDGE_CURVE('',#11615,#11615,#11623,.T.);
#11623 = CIRCLE('',#11624,0.537392);
#11624 = AXIS2_PLACEMENT_3D('',#11625,#11626,#11627);
#11625 = CARTESIAN_POINT('',(12.5,-24.5,-3.5E-02));
#11626 = DIRECTION('',(0.,0.,1.));
#11627 = DIRECTION('',(1.,0.,-0.));
#11628 = ORIENTED_EDGE('',*,*,#11612,.F.);
#11629 = ORIENTED_EDGE('',*,*,#11630,.F.);
#11630 = EDGE_CURVE('',#11613,#11613,#11631,.T.);
#11631 = CIRCLE('',#11632,0.537392);
#11632 = AXIS2_PLACEMENT_3D('',#11633,#11634,#11635);
#11633 = CARTESIAN_POINT('',(12.5,-24.5,0.));
#11634 = DIRECTION('',(0.,0.,1.));
#11635 = DIRECTION('',(1.,0.,-0.));
#11636 = CYLINDRICAL_SURFACE('',#11637,0.537392);
#11637 = AXIS2_PLACEMENT_3D('',#11638,#11639,#11640);
#11638 = CARTESIAN_POINT('',(12.5,-24.5,0.));
#11639 = DIRECTION('',(0.,0.,1.));
#11640 = DIRECTION('',(1.,0.,-0.));
#11641 = ADVANCED_FACE('',(#11642),#11669,.F.);
#11642 = FACE_BOUND('',#11643,.F.);
#11643 = EDGE_LOOP('',(#11644,#11654,#11661,#11662));
#11644 = ORIENTED_EDGE('',*,*,#11645,.T.);
#11645 = EDGE_CURVE('',#11646,#11648,#11650,.T.);
#11646 = VERTEX_POINT('',#11647);
#11647 = CARTESIAN_POINT('',(16.597392,-14.54,0.));
#11648 = VERTEX_POINT('',#11649);
#11649 = CARTESIAN_POINT('',(16.597392,-14.54,-3.5E-02));
#11650 = LINE('',#11651,#11652);
#11651 = CARTESIAN_POINT('',(16.597392,-14.54,0.));
#11652 = VECTOR('',#11653,1.);
#11653 = DIRECTION('',(0.,0.,-1.));
#11654 = ORIENTED_EDGE('',*,*,#11655,.T.);
#11655 = EDGE_CURVE('',#11648,#11648,#11656,.T.);
#11656 = CIRCLE('',#11657,0.487392);
#11657 = AXIS2_PLACEMENT_3D('',#11658,#11659,#11660);
#11658 = CARTESIAN_POINT('',(16.11,-14.54,-3.5E-02));
#11659 = DIRECTION('',(0.,0.,1.));
#11660 = DIRECTION('',(1.,0.,-0.));
#11661 = ORIENTED_EDGE('',*,*,#11645,.F.);
#11662 = ORIENTED_EDGE('',*,*,#11663,.F.);
#11663 = EDGE_CURVE('',#11646,#11646,#11664,.T.);
#11664 = CIRCLE('',#11665,0.487392);
#11665 = AXIS2_PLACEMENT_3D('',#11666,#11667,#11668);
#11666 = CARTESIAN_POINT('',(16.11,-14.54,0.));
#11667 = DIRECTION('',(0.,0.,1.));
#11668 = DIRECTION('',(1.,0.,-0.));
#11669 = CYLINDRICAL_SURFACE('',#11670,0.487392);
#11670 = AXIS2_PLACEMENT_3D('',#11671,#11672,#11673);
#11671 = CARTESIAN_POINT('',(16.11,-14.54,0.));
#11672 = DIRECTION('',(0.,0.,1.));
#11673 = DIRECTION('',(1.,0.,-0.));
#11674 = ADVANCED_FACE('',(#11675,#11764,#11767,#11770,#11773,#11776,
    #11779,#11782,#11785,#11788,#11791,#11794),#11797,.F.);
#11675 = FACE_BOUND('',#11676,.F.);
#11676 = EDGE_LOOP('',(#11677,#11678,#11679,#11680,#11681,#11682,#11683,
    #11684,#11685,#11686,#11687,#11688,#11689,#11690,#11691,#11692,
    #11693,#11694,#11695,#11696,#11697,#11698,#11699,#11700,#11701,
    #11702,#11703,#11704,#11705,#11706,#11707,#11708,#11709,#11710,
    #11711,#11712,#11713,#11714,#11715,#11716,#11717,#11718,#11719,
    #11720,#11721,#11722,#11723,#11724,#11725,#11726,#11727,#11728,
    #11729,#11730,#11731,#11732,#11733,#11734,#11735,#11736,#11737,
    #11738,#11739,#11740,#11741,#11742,#11743,#11744,#11745,#11746,
    #11747,#11748,#11749,#11750,#11751,#11752,#11753,#11754,#11755,
    #11756,#11757,#11758,#11759,#11760,#11761,#11762,#11763));
#11677 = ORIENTED_EDGE('',*,*,#8595,.T.);
#11678 = ORIENTED_EDGE('',*,*,#8627,.T.);
#11679 = ORIENTED_EDGE('',*,*,#8659,.T.);
#11680 = ORIENTED_EDGE('',*,*,#8691,.T.);
#11681 = ORIENTED_EDGE('',*,*,#8722,.T.);
#11682 = ORIENTED_EDGE('',*,*,#8753,.T.);
#11683 = ORIENTED_EDGE('',*,*,#8785,.T.);
#11684 = ORIENTED_EDGE('',*,*,#8817,.T.);
#11685 = ORIENTED_EDGE('',*,*,#8849,.T.);
#11686 = ORIENTED_EDGE('',*,*,#8881,.T.);
#11687 = ORIENTED_EDGE('',*,*,#8912,.T.);
#11688 = ORIENTED_EDGE('',*,*,#8943,.T.);
#11689 = ORIENTED_EDGE('',*,*,#8974,.T.);
#11690 = ORIENTED_EDGE('',*,*,#9005,.T.);
#11691 = ORIENTED_EDGE('',*,*,#9037,.T.);
#11692 = ORIENTED_EDGE('',*,*,#9069,.T.);
#11693 = ORIENTED_EDGE('',*,*,#9101,.T.);
#11694 = ORIENTED_EDGE('',*,*,#9133,.T.);
#11695 = ORIENTED_EDGE('',*,*,#9164,.T.);
#11696 = ORIENTED_EDGE('',*,*,#9195,.T.);
#11697 = ORIENTED_EDGE('',*,*,#9226,.T.);
#11698 = ORIENTED_EDGE('',*,*,#9257,.T.);
#11699 = ORIENTED_EDGE('',*,*,#9289,.T.);
#11700 = ORIENTED_EDGE('',*,*,#9321,.T.);
#11701 = ORIENTED_EDGE('',*,*,#9353,.T.);
#11702 = ORIENTED_EDGE('',*,*,#9385,.T.);
#11703 = ORIENTED_EDGE('',*,*,#9417,.T.);
#11704 = ORIENTED_EDGE('',*,*,#9449,.T.);
#11705 = ORIENTED_EDGE('',*,*,#9480,.T.);
#11706 = ORIENTED_EDGE('',*,*,#9511,.T.);
#11707 = ORIENTED_EDGE('',*,*,#9542,.T.);
#11708 = ORIENTED_EDGE('',*,*,#9574,.T.);
#11709 = ORIENTED_EDGE('',*,*,#9606,.T.);
#11710 = ORIENTED_EDGE('',*,*,#9637,.T.);
#11711 = ORIENTED_EDGE('',*,*,#9668,.T.);
#11712 = ORIENTED_EDGE('',*,*,#9699,.T.);
#11713 = ORIENTED_EDGE('',*,*,#9731,.T.);
#11714 = ORIENTED_EDGE('',*,*,#9763,.T.);
#11715 = ORIENTED_EDGE('',*,*,#9795,.T.);
#11716 = ORIENTED_EDGE('',*,*,#9827,.T.);
#11717 = ORIENTED_EDGE('',*,*,#9858,.T.);
#11718 = ORIENTED_EDGE('',*,*,#9889,.T.);
#11719 = ORIENTED_EDGE('',*,*,#9920,.T.);
#11720 = ORIENTED_EDGE('',*,*,#9952,.T.);
#11721 = ORIENTED_EDGE('',*,*,#9984,.T.);
#11722 = ORIENTED_EDGE('',*,*,#10016,.T.);
#11723 = ORIENTED_EDGE('',*,*,#10048,.T.);
#11724 = ORIENTED_EDGE('',*,*,#10079,.T.);
#11725 = ORIENTED_EDGE('',*,*,#10111,.T.);
#11726 = ORIENTED_EDGE('',*,*,#10143,.T.);
#11727 = ORIENTED_EDGE('',*,*,#10175,.T.);
#11728 = ORIENTED_EDGE('',*,*,#10207,.T.);
#11729 = ORIENTED_EDGE('',*,*,#10238,.T.);
#11730 = ORIENTED_EDGE('',*,*,#10269,.T.);
#11731 = ORIENTED_EDGE('',*,*,#10300,.T.);
#11732 = ORIENTED_EDGE('',*,*,#10331,.T.);
#11733 = ORIENTED_EDGE('',*,*,#10362,.T.);
#11734 = ORIENTED_EDGE('',*,*,#10393,.T.);
#11735 = ORIENTED_EDGE('',*,*,#10425,.T.);
#11736 = ORIENTED_EDGE('',*,*,#10457,.T.);
#11737 = ORIENTED_EDGE('',*,*,#10488,.T.);
#11738 = ORIENTED_EDGE('',*,*,#10519,.T.);
#11739 = ORIENTED_EDGE('',*,*,#10551,.T.);
#11740 = ORIENTED_EDGE('',*,*,#10583,.T.);
#11741 = ORIENTED_EDGE('',*,*,#10615,.T.);
#11742 = ORIENTED_EDGE('',*,*,#10647,.T.);
#11743 = ORIENTED_EDGE('',*,*,#10678,.T.);
#11744 = ORIENTED_EDGE('',*,*,#10709,.T.);
#11745 = ORIENTED_EDGE('',*,*,#10740,.T.);
#11746 = ORIENTED_EDGE('',*,*,#10771,.T.);
#11747 = ORIENTED_EDGE('',*,*,#10802,.T.);
#11748 = ORIENTED_EDGE('',*,*,#10834,.T.);
#11749 = ORIENTED_EDGE('',*,*,#10866,.T.);
#11750 = ORIENTED_EDGE('',*,*,#10898,.T.);
#11751 = ORIENTED_EDGE('',*,*,#10930,.T.);
#11752 = ORIENTED_EDGE('',*,*,#10962,.T.);
#11753 = ORIENTED_EDGE('',*,*,#10994,.T.);
#11754 = ORIENTED_EDGE('',*,*,#11025,.T.);
#11755 = ORIENTED_EDGE('',*,*,#11057,.T.);
#11756 = ORIENTED_EDGE('',*,*,#11089,.T.);
#11757 = ORIENTED_EDGE('',*,*,#11121,.T.);
#11758 = ORIENTED_EDGE('',*,*,#11153,.T.);
#11759 = ORIENTED_EDGE('',*,*,#11185,.T.);
#11760 = ORIENTED_EDGE('',*,*,#11217,.T.);
#11761 = ORIENTED_EDGE('',*,*,#11248,.T.);
#11762 = ORIENTED_EDGE('',*,*,#11279,.T.);
#11763 = ORIENTED_EDGE('',*,*,#11301,.T.);
#11764 = FACE_BOUND('',#11765,.F.);
#11765 = EDGE_LOOP('',(#11766));
#11766 = ORIENTED_EDGE('',*,*,#11333,.T.);
#11767 = FACE_BOUND('',#11768,.F.);
#11768 = EDGE_LOOP('',(#11769));
#11769 = ORIENTED_EDGE('',*,*,#11366,.T.);
#11770 = FACE_BOUND('',#11771,.F.);
#11771 = EDGE_LOOP('',(#11772));
#11772 = ORIENTED_EDGE('',*,*,#11399,.T.);
#11773 = FACE_BOUND('',#11774,.F.);
#11774 = EDGE_LOOP('',(#11775));
#11775 = ORIENTED_EDGE('',*,*,#11432,.T.);
#11776 = FACE_BOUND('',#11777,.F.);
#11777 = EDGE_LOOP('',(#11778));
#11778 = ORIENTED_EDGE('',*,*,#11465,.T.);
#11779 = FACE_BOUND('',#11780,.F.);
#11780 = EDGE_LOOP('',(#11781));
#11781 = ORIENTED_EDGE('',*,*,#11498,.T.);
#11782 = FACE_BOUND('',#11783,.F.);
#11783 = EDGE_LOOP('',(#11784));
#11784 = ORIENTED_EDGE('',*,*,#11531,.T.);
#11785 = FACE_BOUND('',#11786,.F.);
#11786 = EDGE_LOOP('',(#11787));
#11787 = ORIENTED_EDGE('',*,*,#11564,.T.);
#11788 = FACE_BOUND('',#11789,.F.);
#11789 = EDGE_LOOP('',(#11790));
#11790 = ORIENTED_EDGE('',*,*,#11597,.T.);
#11791 = FACE_BOUND('',#11792,.F.);
#11792 = EDGE_LOOP('',(#11793));
#11793 = ORIENTED_EDGE('',*,*,#11630,.T.);
#11794 = FACE_BOUND('',#11795,.F.);
#11795 = EDGE_LOOP('',(#11796));
#11796 = ORIENTED_EDGE('',*,*,#11663,.T.);
#11797 = PLANE('',#11798);
#11798 = AXIS2_PLACEMENT_3D('',#11799,#11800,#11801);
#11799 = CARTESIAN_POINT('',(0.,0.,0.));
#11800 = DIRECTION('',(-0.,-0.,-1.));
#11801 = DIRECTION('',(-1.,0.,0.));
#11802 = ADVANCED_FACE('',(#11803,#11892,#11895,#11898,#11901,#11904,
    #11907,#11910,#11913,#11916,#11919,#11922),#11925,.T.);
#11803 = FACE_BOUND('',#11804,.T.);
#11804 = EDGE_LOOP('',(#11805,#11806,#11807,#11808,#11809,#11810,#11811,
    #11812,#11813,#11814,#11815,#11816,#11817,#11818,#11819,#11820,
    #11821,#11822,#11823,#11824,#11825,#11826,#11827,#11828,#11829,
    #11830,#11831,#11832,#11833,#11834,#11835,#11836,#11837,#11838,
    #11839,#11840,#11841,#11842,#11843,#11844,#11845,#11846,#11847,
    #11848,#11849,#11850,#11851,#11852,#11853,#11854,#11855,#11856,
    #11857,#11858,#11859,#11860,#11861,#11862,#11863,#11864,#11865,
    #11866,#11867,#11868,#11869,#11870,#11871,#11872,#11873,#11874,
    #11875,#11876,#11877,#11878,#11879,#11880,#11881,#11882,#11883,
    #11884,#11885,#11886,#11887,#11888,#11889,#11890,#11891));
#11805 = ORIENTED_EDGE('',*,*,#8578,.T.);
#11806 = ORIENTED_EDGE('',*,*,#8611,.T.);
#11807 = ORIENTED_EDGE('',*,*,#8642,.T.);
#11808 = ORIENTED_EDGE('',*,*,#8675,.T.);
#11809 = ORIENTED_EDGE('',*,*,#8706,.T.);
#11810 = ORIENTED_EDGE('',*,*,#8737,.T.);
#11811 = ORIENTED_EDGE('',*,*,#8768,.T.);
#11812 = ORIENTED_EDGE('',*,*,#8801,.T.);
#11813 = ORIENTED_EDGE('',*,*,#8832,.T.);
#11814 = ORIENTED_EDGE('',*,*,#8865,.T.);
#11815 = ORIENTED_EDGE('',*,*,#8896,.T.);
#11816 = ORIENTED_EDGE('',*,*,#8927,.T.);
#11817 = ORIENTED_EDGE('',*,*,#8958,.T.);
#11818 = ORIENTED_EDGE('',*,*,#8989,.T.);
#11819 = ORIENTED_EDGE('',*,*,#9020,.T.);
#11820 = ORIENTED_EDGE('',*,*,#9053,.T.);
#11821 = ORIENTED_EDGE('',*,*,#9084,.T.);
#11822 = ORIENTED_EDGE('',*,*,#9117,.T.);
#11823 = ORIENTED_EDGE('',*,*,#9148,.T.);
#11824 = ORIENTED_EDGE('',*,*,#9179,.T.);
#11825 = ORIENTED_EDGE('',*,*,#9210,.T.);
#11826 = ORIENTED_EDGE('',*,*,#9241,.T.);
#11827 = ORIENTED_EDGE('',*,*,#9272,.T.);
#11828 = ORIENTED_EDGE('',*,*,#9305,.T.);
#11829 = ORIENTED_EDGE('',*,*,#9336,.T.);
#11830 = ORIENTED_EDGE('',*,*,#9369,.T.);
#11831 = ORIENTED_EDGE('',*,*,#9400,.T.);
#11832 = ORIENTED_EDGE('',*,*,#9433,.T.);
#11833 = ORIENTED_EDGE('',*,*,#9464,.T.);
#11834 = ORIENTED_EDGE('',*,*,#9495,.T.);
#11835 = ORIENTED_EDGE('',*,*,#9526,.T.);
#11836 = ORIENTED_EDGE('',*,*,#9557,.T.);
#11837 = ORIENTED_EDGE('',*,*,#9590,.T.);
#11838 = ORIENTED_EDGE('',*,*,#9621,.T.);
#11839 = ORIENTED_EDGE('',*,*,#9652,.T.);
#11840 = ORIENTED_EDGE('',*,*,#9683,.T.);
#11841 = ORIENTED_EDGE('',*,*,#9714,.T.);
#11842 = ORIENTED_EDGE('',*,*,#9747,.T.);
#11843 = ORIENTED_EDGE('',*,*,#9778,.T.);
#11844 = ORIENTED_EDGE('',*,*,#9811,.T.);
#11845 = ORIENTED_EDGE('',*,*,#9842,.T.);
#11846 = ORIENTED_EDGE('',*,*,#9873,.T.);
#11847 = ORIENTED_EDGE('',*,*,#9904,.T.);
#11848 = ORIENTED_EDGE('',*,*,#9935,.T.);
#11849 = ORIENTED_EDGE('',*,*,#9968,.T.);
#11850 = ORIENTED_EDGE('',*,*,#9999,.T.);
#11851 = ORIENTED_EDGE('',*,*,#10032,.T.);
#11852 = ORIENTED_EDGE('',*,*,#10063,.T.);
#11853 = ORIENTED_EDGE('',*,*,#10094,.T.);
#11854 = ORIENTED_EDGE('',*,*,#10127,.T.);
#11855 = ORIENTED_EDGE('',*,*,#10158,.T.);
#11856 = ORIENTED_EDGE('',*,*,#10191,.T.);
#11857 = ORIENTED_EDGE('',*,*,#10222,.T.);
#11858 = ORIENTED_EDGE('',*,*,#10253,.T.);
#11859 = ORIENTED_EDGE('',*,*,#10284,.T.);
#11860 = ORIENTED_EDGE('',*,*,#10315,.T.);
#11861 = ORIENTED_EDGE('',*,*,#10346,.T.);
#11862 = ORIENTED_EDGE('',*,*,#10377,.T.);
#11863 = ORIENTED_EDGE('',*,*,#10408,.T.);
#11864 = ORIENTED_EDGE('',*,*,#10441,.T.);
#11865 = ORIENTED_EDGE('',*,*,#10472,.T.);
#11866 = ORIENTED_EDGE('',*,*,#10503,.T.);
#11867 = ORIENTED_EDGE('',*,*,#10534,.T.);
#11868 = ORIENTED_EDGE('',*,*,#10567,.T.);
#11869 = ORIENTED_EDGE('',*,*,#10598,.T.);
#11870 = ORIENTED_EDGE('',*,*,#10631,.T.);
#11871 = ORIENTED_EDGE('',*,*,#10662,.T.);
#11872 = ORIENTED_EDGE('',*,*,#10693,.T.);
#11873 = ORIENTED_EDGE('',*,*,#10724,.T.);
#11874 = ORIENTED_EDGE('',*,*,#10755,.T.);
#11875 = ORIENTED_EDGE('',*,*,#10786,.T.);
#11876 = ORIENTED_EDGE('',*,*,#10817,.T.);
#11877 = ORIENTED_EDGE('',*,*,#10850,.T.);
#11878 = ORIENTED_EDGE('',*,*,#10881,.T.);
#11879 = ORIENTED_EDGE('',*,*,#10914,.T.);
#11880 = ORIENTED_EDGE('',*,*,#10945,.T.);
#11881 = ORIENTED_EDGE('',*,*,#10978,.T.);
#11882 = ORIENTED_EDGE('',*,*,#11009,.T.);
#11883 = ORIENTED_EDGE('',*,*,#11040,.T.);
#11884 = ORIENTED_EDGE('',*,*,#11073,.T.);
#11885 = ORIENTED_EDGE('',*,*,#11104,.T.);
#11886 = ORIENTED_EDGE('',*,*,#11137,.T.);
#11887 = ORIENTED_EDGE('',*,*,#11168,.T.);
#11888 = ORIENTED_EDGE('',*,*,#11201,.T.);
#11889 = ORIENTED_EDGE('',*,*,#11232,.T.);
#11890 = ORIENTED_EDGE('',*,*,#11263,.T.);
#11891 = ORIENTED_EDGE('',*,*,#11294,.T.);
#11892 = FACE_BOUND('',#11893,.T.);
#11893 = EDGE_LOOP('',(#11894));
#11894 = ORIENTED_EDGE('',*,*,#11325,.T.);
#11895 = FACE_BOUND('',#11896,.T.);
#11896 = EDGE_LOOP('',(#11897));
#11897 = ORIENTED_EDGE('',*,*,#11358,.T.);
#11898 = FACE_BOUND('',#11899,.T.);
#11899 = EDGE_LOOP('',(#11900));
#11900 = ORIENTED_EDGE('',*,*,#11391,.T.);
#11901 = FACE_BOUND('',#11902,.T.);
#11902 = EDGE_LOOP('',(#11903));
#11903 = ORIENTED_EDGE('',*,*,#11424,.T.);
#11904 = FACE_BOUND('',#11905,.T.);
#11905 = EDGE_LOOP('',(#11906));
#11906 = ORIENTED_EDGE('',*,*,#11457,.T.);
#11907 = FACE_BOUND('',#11908,.T.);
#11908 = EDGE_LOOP('',(#11909));
#11909 = ORIENTED_EDGE('',*,*,#11490,.T.);
#11910 = FACE_BOUND('',#11911,.T.);
#11911 = EDGE_LOOP('',(#11912));
#11912 = ORIENTED_EDGE('',*,*,#11523,.T.);
#11913 = FACE_BOUND('',#11914,.T.);
#11914 = EDGE_LOOP('',(#11915));
#11915 = ORIENTED_EDGE('',*,*,#11556,.T.);
#11916 = FACE_BOUND('',#11917,.T.);
#11917 = EDGE_LOOP('',(#11918));
#11918 = ORIENTED_EDGE('',*,*,#11589,.T.);
#11919 = FACE_BOUND('',#11920,.T.);
#11920 = EDGE_LOOP('',(#11921));
#11921 = ORIENTED_EDGE('',*,*,#11622,.T.);
#11922 = FACE_BOUND('',#11923,.T.);
#11923 = EDGE_LOOP('',(#11924));
#11924 = ORIENTED_EDGE('',*,*,#11655,.T.);
#11925 = PLANE('',#11926);
#11926 = AXIS2_PLACEMENT_3D('',#11927,#11928,#11929);
#11927 = CARTESIAN_POINT('',(0.,0.,-3.5E-02));
#11928 = DIRECTION('',(-0.,-0.,-1.));
#11929 = DIRECTION('',(-1.,0.,0.));
#11930 = MANIFOLD_SOLID_BREP('',#11931);
#11931 = CLOSED_SHELL('',(#11932,#11974,#12005,#12038,#12069,#12102,
    #12133,#12166,#12197,#12228,#12261,#12292,#12325,#12356,#12387,
    #12418,#12449,#12482,#12513,#12544,#12577,#12608,#12630,#12663,
    #12696,#12732));
#11932 = ADVANCED_FACE('',(#11933),#11969,.T.);
#11933 = FACE_BOUND('',#11934,.F.);
#11934 = EDGE_LOOP('',(#11935,#11945,#11954,#11962));
#11935 = ORIENTED_EDGE('',*,*,#11936,.T.);
#11936 = EDGE_CURVE('',#11937,#11939,#11941,.T.);
#11937 = VERTEX_POINT('',#11938);
#11938 = CARTESIAN_POINT('',(36.476732,-26.605607,0.));
#11939 = VERTEX_POINT('',#11940);
#11940 = CARTESIAN_POINT('',(36.476732,-26.605607,-3.5E-02));
#11941 = LINE('',#11942,#11943);
#11942 = CARTESIAN_POINT('',(36.476732,-26.605607,0.));
#11943 = VECTOR('',#11944,1.);
#11944 = DIRECTION('',(0.,0.,-1.));
#11945 = ORIENTED_EDGE('',*,*,#11946,.T.);
#11946 = EDGE_CURVE('',#11939,#11947,#11949,.T.);
#11947 = VERTEX_POINT('',#11948);
#11948 = CARTESIAN_POINT('',(37.249742,-26.24,-3.5E-02));
#11949 = CIRCLE('',#11950,0.99999795403);
#11950 = AXIS2_PLACEMENT_3D('',#11951,#11952,#11953);
#11951 = CARTESIAN_POINT('',(37.249741718897,-27.23999795403,-3.5E-02));
#11952 = DIRECTION('',(0.,0.,-1.));
#11953 = DIRECTION('',(-0.773011300455,0.634392251978,0.));
#11954 = ORIENTED_EDGE('',*,*,#11955,.F.);
#11955 = EDGE_CURVE('',#11956,#11947,#11958,.T.);
#11956 = VERTEX_POINT('',#11957);
#11957 = CARTESIAN_POINT('',(37.249742,-26.24,0.));
#11958 = LINE('',#11959,#11960);
#11959 = CARTESIAN_POINT('',(37.249742,-26.24,0.));
#11960 = VECTOR('',#11961,1.);
#11961 = DIRECTION('',(0.,0.,-1.));
#11962 = ORIENTED_EDGE('',*,*,#11963,.F.);
#11963 = EDGE_CURVE('',#11937,#11956,#11964,.T.);
#11964 = CIRCLE('',#11965,0.99999795403);
#11965 = AXIS2_PLACEMENT_3D('',#11966,#11967,#11968);
#11966 = CARTESIAN_POINT('',(37.249741718897,-27.23999795403,0.));
#11967 = DIRECTION('',(0.,0.,-1.));
#11968 = DIRECTION('',(-0.773011300455,0.634392251978,0.));
#11969 = CYLINDRICAL_SURFACE('',#11970,0.99999795403);
#11970 = AXIS2_PLACEMENT_3D('',#11971,#11972,#11973);
#11971 = CARTESIAN_POINT('',(37.249741718897,-27.23999795403,0.));
#11972 = DIRECTION('',(-0.,-0.,1.));
#11973 = DIRECTION('',(-0.773011300455,0.634392251978,0.));
#11974 = ADVANCED_FACE('',(#11975),#12000,.F.);
#11975 = FACE_BOUND('',#11976,.F.);
#11976 = EDGE_LOOP('',(#11977,#11978,#11986,#11994));
#11977 = ORIENTED_EDGE('',*,*,#11955,.T.);
#11978 = ORIENTED_EDGE('',*,*,#11979,.T.);
#11979 = EDGE_CURVE('',#11947,#11980,#11982,.T.);
#11980 = VERTEX_POINT('',#11981);
#11981 = CARTESIAN_POINT('',(43.24,-26.24,-3.5E-02));
#11982 = LINE('',#11983,#11984);
#11983 = CARTESIAN_POINT('',(37.249742,-26.24,-3.5E-02));
#11984 = VECTOR('',#11985,1.);
#11985 = DIRECTION('',(1.,0.,0.));
#11986 = ORIENTED_EDGE('',*,*,#11987,.F.);
#11987 = EDGE_CURVE('',#11988,#11980,#11990,.T.);
#11988 = VERTEX_POINT('',#11989);
#11989 = CARTESIAN_POINT('',(43.24,-26.24,0.));
#11990 = LINE('',#11991,#11992);
#11991 = CARTESIAN_POINT('',(43.24,-26.24,0.));
#11992 = VECTOR('',#11993,1.);
#11993 = DIRECTION('',(0.,0.,-1.));
#11994 = ORIENTED_EDGE('',*,*,#11995,.F.);
#11995 = EDGE_CURVE('',#11956,#11988,#11996,.T.);
#11996 = LINE('',#11997,#11998);
#11997 = CARTESIAN_POINT('',(37.249742,-26.24,0.));
#11998 = VECTOR('',#11999,1.);
#11999 = DIRECTION('',(1.,0.,0.));
#12000 = PLANE('',#12001);
#12001 = AXIS2_PLACEMENT_3D('',#12002,#12003,#12004);
#12002 = CARTESIAN_POINT('',(37.249742,-26.24,0.));
#12003 = DIRECTION('',(0.,-1.,0.));
#12004 = DIRECTION('',(1.,0.,0.));
#12005 = ADVANCED_FACE('',(#12006),#12033,.T.);
#12006 = FACE_BOUND('',#12007,.F.);
#12007 = EDGE_LOOP('',(#12008,#12009,#12018,#12026));
#12008 = ORIENTED_EDGE('',*,*,#11987,.T.);
#12009 = ORIENTED_EDGE('',*,*,#12010,.T.);
#12010 = EDGE_CURVE('',#11980,#12011,#12013,.T.);
#12011 = VERTEX_POINT('',#12012);
#12012 = CARTESIAN_POINT('',(43.947107,-26.532893,-3.5E-02));
#12013 = CIRCLE('',#12014,1.000004594775);
#12014 = AXIS2_PLACEMENT_3D('',#12015,#12016,#12017);
#12015 = CARTESIAN_POINT('',(43.239998534411,-27.24000459477,-3.5E-02));
#12016 = DIRECTION('',(0.,0.,-1.));
#12017 = DIRECTION('',(1.465582167774E-06,0.999999999999,0.));
#12018 = ORIENTED_EDGE('',*,*,#12019,.F.);
#12019 = EDGE_CURVE('',#12020,#12011,#12022,.T.);
#12020 = VERTEX_POINT('',#12021);
#12021 = CARTESIAN_POINT('',(43.947107,-26.532893,0.));
#12022 = LINE('',#12023,#12024);
#12023 = CARTESIAN_POINT('',(43.947107,-26.532893,0.));
#12024 = VECTOR('',#12025,1.);
#12025 = DIRECTION('',(0.,0.,-1.));
#12026 = ORIENTED_EDGE('',*,*,#12027,.F.);
#12027 = EDGE_CURVE('',#11988,#12020,#12028,.T.);
#12028 = CIRCLE('',#12029,1.000004594775);
#12029 = AXIS2_PLACEMENT_3D('',#12030,#12031,#12032);
#12030 = CARTESIAN_POINT('',(43.239998534411,-27.24000459477,0.));
#12031 = DIRECTION('',(0.,0.,-1.));
#12032 = DIRECTION('',(1.465582167774E-06,0.999999999999,0.));
#12033 = CYLINDRICAL_SURFACE('',#12034,1.000004594775);
#12034 = AXIS2_PLACEMENT_3D('',#12035,#12036,#12037);
#12035 = CARTESIAN_POINT('',(43.239998534411,-27.24000459477,0.));
#12036 = DIRECTION('',(-0.,-0.,1.));
#12037 = DIRECTION('',(1.465582167774E-06,0.999999999999,0.));
#12038 = ADVANCED_FACE('',(#12039),#12064,.F.);
#12039 = FACE_BOUND('',#12040,.F.);
#12040 = EDGE_LOOP('',(#12041,#12042,#12050,#12058));
#12041 = ORIENTED_EDGE('',*,*,#12019,.T.);
#12042 = ORIENTED_EDGE('',*,*,#12043,.T.);
#12043 = EDGE_CURVE('',#12011,#12044,#12046,.T.);
#12044 = VERTEX_POINT('',#12045);
#12045 = CARTESIAN_POINT('',(44.707107,-27.292893,-3.5E-02));
#12046 = LINE('',#12047,#12048);
#12047 = CARTESIAN_POINT('',(43.947107,-26.532893,-3.5E-02));
#12048 = VECTOR('',#12049,1.);
#12049 = DIRECTION('',(0.707106781187,-0.707106781187,0.));
#12050 = ORIENTED_EDGE('',*,*,#12051,.F.);
#12051 = EDGE_CURVE('',#12052,#12044,#12054,.T.);
#12052 = VERTEX_POINT('',#12053);
#12053 = CARTESIAN_POINT('',(44.707107,-27.292893,0.));
#12054 = LINE('',#12055,#12056);
#12055 = CARTESIAN_POINT('',(44.707107,-27.292893,0.));
#12056 = VECTOR('',#12057,1.);
#12057 = DIRECTION('',(0.,0.,-1.));
#12058 = ORIENTED_EDGE('',*,*,#12059,.F.);
#12059 = EDGE_CURVE('',#12020,#12052,#12060,.T.);
#12060 = LINE('',#12061,#12062);
#12061 = CARTESIAN_POINT('',(43.947107,-26.532893,0.));
#12062 = VECTOR('',#12063,1.);
#12063 = DIRECTION('',(0.707106781187,-0.707106781187,0.));
#12064 = PLANE('',#12065);
#12065 = AXIS2_PLACEMENT_3D('',#12066,#12067,#12068);
#12066 = CARTESIAN_POINT('',(43.947107,-26.532893,0.));
#12067 = DIRECTION('',(-0.707106781187,-0.707106781187,-0.));
#12068 = DIRECTION('',(0.707106781187,-0.707106781187,0.));
#12069 = ADVANCED_FACE('',(#12070),#12097,.T.);
#12070 = FACE_BOUND('',#12071,.F.);
#12071 = EDGE_LOOP('',(#12072,#12073,#12082,#12090));
#12072 = ORIENTED_EDGE('',*,*,#12051,.T.);
#12073 = ORIENTED_EDGE('',*,*,#12074,.T.);
#12074 = EDGE_CURVE('',#12044,#12075,#12077,.T.);
#12075 = VERTEX_POINT('',#12076);
#12076 = CARTESIAN_POINT('',(45.,-28.,-3.5E-02));
#12077 = CIRCLE('',#12078,1.000004086185);
#12078 = AXIS2_PLACEMENT_3D('',#12079,#12080,#12081);
#12079 = CARTESIAN_POINT('',(43.999995913816,-28.00000125492,-3.5E-02));
#12080 = DIRECTION('',(0.,0.,-1.));
#12081 = DIRECTION('',(0.707108196809,0.707105365561,0.));
#12082 = ORIENTED_EDGE('',*,*,#12083,.F.);
#12083 = EDGE_CURVE('',#12084,#12075,#12086,.T.);
#12084 = VERTEX_POINT('',#12085);
#12085 = CARTESIAN_POINT('',(45.,-28.,0.));
#12086 = LINE('',#12087,#12088);
#12087 = CARTESIAN_POINT('',(45.,-28.,0.));
#12088 = VECTOR('',#12089,1.);
#12089 = DIRECTION('',(0.,0.,-1.));
#12090 = ORIENTED_EDGE('',*,*,#12091,.F.);
#12091 = EDGE_CURVE('',#12052,#12084,#12092,.T.);
#12092 = CIRCLE('',#12093,1.000004086185);
#12093 = AXIS2_PLACEMENT_3D('',#12094,#12095,#12096);
#12094 = CARTESIAN_POINT('',(43.999995913816,-28.00000125492,0.));
#12095 = DIRECTION('',(0.,0.,-1.));
#12096 = DIRECTION('',(0.707108196809,0.707105365561,0.));
#12097 = CYLINDRICAL_SURFACE('',#12098,1.000004086185);
#12098 = AXIS2_PLACEMENT_3D('',#12099,#12100,#12101);
#12099 = CARTESIAN_POINT('',(43.999995913816,-28.00000125492,0.));
#12100 = DIRECTION('',(-0.,-0.,1.));
#12101 = DIRECTION('',(0.707108196809,0.707105365561,0.));
#12102 = ADVANCED_FACE('',(#12103),#12128,.F.);
#12103 = FACE_BOUND('',#12104,.F.);
#12104 = EDGE_LOOP('',(#12105,#12106,#12114,#12122));
#12105 = ORIENTED_EDGE('',*,*,#12083,.T.);
#12106 = ORIENTED_EDGE('',*,*,#12107,.T.);
#12107 = EDGE_CURVE('',#12075,#12108,#12110,.T.);
#12108 = VERTEX_POINT('',#12109);
#12109 = CARTESIAN_POINT('',(45.,-52.5,-3.5E-02));
#12110 = LINE('',#12111,#12112);
#12111 = CARTESIAN_POINT('',(45.,-28.,-3.5E-02));
#12112 = VECTOR('',#12113,1.);
#12113 = DIRECTION('',(0.,-1.,0.));
#12114 = ORIENTED_EDGE('',*,*,#12115,.F.);
#12115 = EDGE_CURVE('',#12116,#12108,#12118,.T.);
#12116 = VERTEX_POINT('',#12117);
#12117 = CARTESIAN_POINT('',(45.,-52.5,0.));
#12118 = LINE('',#12119,#12120);
#12119 = CARTESIAN_POINT('',(45.,-52.5,0.));
#12120 = VECTOR('',#12121,1.);
#12121 = DIRECTION('',(0.,0.,-1.));
#12122 = ORIENTED_EDGE('',*,*,#12123,.F.);
#12123 = EDGE_CURVE('',#12084,#12116,#12124,.T.);
#12124 = LINE('',#12125,#12126);
#12125 = CARTESIAN_POINT('',(45.,-28.,0.));
#12126 = VECTOR('',#12127,1.);
#12127 = DIRECTION('',(0.,-1.,0.));
#12128 = PLANE('',#12129);
#12129 = AXIS2_PLACEMENT_3D('',#12130,#12131,#12132);
#12130 = CARTESIAN_POINT('',(45.,-28.,0.));
#12131 = DIRECTION('',(-1.,-0.,-0.));
#12132 = DIRECTION('',(0.,-1.,0.));
#12133 = ADVANCED_FACE('',(#12134),#12161,.T.);
#12134 = FACE_BOUND('',#12135,.F.);
#12135 = EDGE_LOOP('',(#12136,#12137,#12146,#12154));
#12136 = ORIENTED_EDGE('',*,*,#12115,.T.);
#12137 = ORIENTED_EDGE('',*,*,#12138,.T.);
#12138 = EDGE_CURVE('',#12108,#12139,#12141,.T.);
#12139 = VERTEX_POINT('',#12140);
#12140 = CARTESIAN_POINT('',(44.707107,-53.207107,-3.5E-02));
#12141 = CIRCLE('',#12142,0.999995957107);
#12142 = AXIS2_PLACEMENT_3D('',#12143,#12144,#12145);
#12143 = CARTESIAN_POINT('',(44.000004042895,-52.50000211224,-3.5E-02));
#12144 = DIRECTION('',(0.,0.,-1.));
#12145 = DIRECTION('',(0.999999999998,2.112255578233E-06,0.));
#12146 = ORIENTED_EDGE('',*,*,#12147,.F.);
#12147 = EDGE_CURVE('',#12148,#12139,#12150,.T.);
#12148 = VERTEX_POINT('',#12149);
#12149 = CARTESIAN_POINT('',(44.707107,-53.207107,0.));
#12150 = LINE('',#12151,#12152);
#12151 = CARTESIAN_POINT('',(44.707107,-53.207107,0.));
#12152 = VECTOR('',#12153,1.);
#12153 = DIRECTION('',(0.,0.,-1.));
#12154 = ORIENTED_EDGE('',*,*,#12155,.F.);
#12155 = EDGE_CURVE('',#12116,#12148,#12156,.T.);
#12156 = CIRCLE('',#12157,0.999995957107);
#12157 = AXIS2_PLACEMENT_3D('',#12158,#12159,#12160);
#12158 = CARTESIAN_POINT('',(44.000004042895,-52.50000211224,0.));
#12159 = DIRECTION('',(0.,0.,-1.));
#12160 = DIRECTION('',(0.999999999998,2.112255578233E-06,0.));
#12161 = CYLINDRICAL_SURFACE('',#12162,0.999995957107);
#12162 = AXIS2_PLACEMENT_3D('',#12163,#12164,#12165);
#12163 = CARTESIAN_POINT('',(44.000004042895,-52.50000211224,0.));
#12164 = DIRECTION('',(-0.,-0.,1.));
#12165 = DIRECTION('',(0.999999999998,2.112255578233E-06,0.));
#12166 = ADVANCED_FACE('',(#12167),#12192,.F.);
#12167 = FACE_BOUND('',#12168,.F.);
#12168 = EDGE_LOOP('',(#12169,#12170,#12178,#12186));
#12169 = ORIENTED_EDGE('',*,*,#12147,.T.);
#12170 = ORIENTED_EDGE('',*,*,#12171,.T.);
#12171 = EDGE_CURVE('',#12139,#12172,#12174,.T.);
#12172 = VERTEX_POINT('',#12173);
#12173 = CARTESIAN_POINT('',(42.,-55.914214,-3.5E-02));
#12174 = LINE('',#12175,#12176);
#12175 = CARTESIAN_POINT('',(44.707107,-53.207107,-3.5E-02));
#12176 = VECTOR('',#12177,1.);
#12177 = DIRECTION('',(-0.707106781187,-0.707106781187,0.));
#12178 = ORIENTED_EDGE('',*,*,#12179,.F.);
#12179 = EDGE_CURVE('',#12180,#12172,#12182,.T.);
#12180 = VERTEX_POINT('',#12181);
#12181 = CARTESIAN_POINT('',(42.,-55.914214,0.));
#12182 = LINE('',#12183,#12184);
#12183 = CARTESIAN_POINT('',(42.,-55.914214,0.));
#12184 = VECTOR('',#12185,1.);
#12185 = DIRECTION('',(0.,0.,-1.));
#12186 = ORIENTED_EDGE('',*,*,#12187,.F.);
#12187 = EDGE_CURVE('',#12148,#12180,#12188,.T.);
#12188 = LINE('',#12189,#12190);
#12189 = CARTESIAN_POINT('',(44.707107,-53.207107,0.));
#12190 = VECTOR('',#12191,1.);
#12191 = DIRECTION('',(-0.707106781187,-0.707106781187,0.));
#12192 = PLANE('',#12193);
#12193 = AXIS2_PLACEMENT_3D('',#12194,#12195,#12196);
#12194 = CARTESIAN_POINT('',(44.707107,-53.207107,0.));
#12195 = DIRECTION('',(-0.707106781187,0.707106781187,0.));
#12196 = DIRECTION('',(-0.707106781187,-0.707106781187,0.));
#12197 = ADVANCED_FACE('',(#12198),#12223,.F.);
#12198 = FACE_BOUND('',#12199,.F.);
#12199 = EDGE_LOOP('',(#12200,#12201,#12209,#12217));
#12200 = ORIENTED_EDGE('',*,*,#12179,.T.);
#12201 = ORIENTED_EDGE('',*,*,#12202,.T.);
#12202 = EDGE_CURVE('',#12172,#12203,#12205,.T.);
#12203 = VERTEX_POINT('',#12204);
#12204 = CARTESIAN_POINT('',(42.,-62.,-3.5E-02));
#12205 = LINE('',#12206,#12207);
#12206 = CARTESIAN_POINT('',(42.,-55.914214,-3.5E-02));
#12207 = VECTOR('',#12208,1.);
#12208 = DIRECTION('',(0.,-1.,0.));
#12209 = ORIENTED_EDGE('',*,*,#12210,.F.);
#12210 = EDGE_CURVE('',#12211,#12203,#12213,.T.);
#12211 = VERTEX_POINT('',#12212);
#12212 = CARTESIAN_POINT('',(42.,-62.,0.));
#12213 = LINE('',#12214,#12215);
#12214 = CARTESIAN_POINT('',(42.,-62.,0.));
#12215 = VECTOR('',#12216,1.);
#12216 = DIRECTION('',(0.,0.,-1.));
#12217 = ORIENTED_EDGE('',*,*,#12218,.F.);
#12218 = EDGE_CURVE('',#12180,#12211,#12219,.T.);
#12219 = LINE('',#12220,#12221);
#12220 = CARTESIAN_POINT('',(42.,-55.914214,0.));
#12221 = VECTOR('',#12222,1.);
#12222 = DIRECTION('',(0.,-1.,0.));
#12223 = PLANE('',#12224);
#12224 = AXIS2_PLACEMENT_3D('',#12225,#12226,#12227);
#12225 = CARTESIAN_POINT('',(42.,-55.914214,0.));
#12226 = DIRECTION('',(-1.,-0.,-0.));
#12227 = DIRECTION('',(0.,-1.,0.));
#12228 = ADVANCED_FACE('',(#12229),#12256,.T.);
#12229 = FACE_BOUND('',#12230,.F.);
#12230 = EDGE_LOOP('',(#12231,#12232,#12241,#12249));
#12231 = ORIENTED_EDGE('',*,*,#12210,.T.);
#12232 = ORIENTED_EDGE('',*,*,#12233,.T.);
#12233 = EDGE_CURVE('',#12203,#12234,#12236,.T.);
#12234 = VERTEX_POINT('',#12235);
#12235 = CARTESIAN_POINT('',(40.,-62.,-3.5E-02));
#12236 = CIRCLE('',#12237,1.);
#12237 = AXIS2_PLACEMENT_3D('',#12238,#12239,#12240);
#12238 = CARTESIAN_POINT('',(41.,-62.0000002595,-3.5E-02));
#12239 = DIRECTION('',(0.,0.,-1.));
#12240 = DIRECTION('',(1.,2.595065211608E-07,0.));
#12241 = ORIENTED_EDGE('',*,*,#12242,.F.);
#12242 = EDGE_CURVE('',#12243,#12234,#12245,.T.);
#12243 = VERTEX_POINT('',#12244);
#12244 = CARTESIAN_POINT('',(40.,-62.,0.));
#12245 = LINE('',#12246,#12247);
#12246 = CARTESIAN_POINT('',(40.,-62.,0.));
#12247 = VECTOR('',#12248,1.);
#12248 = DIRECTION('',(0.,0.,-1.));
#12249 = ORIENTED_EDGE('',*,*,#12250,.F.);
#12250 = EDGE_CURVE('',#12211,#12243,#12251,.T.);
#12251 = CIRCLE('',#12252,1.);
#12252 = AXIS2_PLACEMENT_3D('',#12253,#12254,#12255);
#12253 = CARTESIAN_POINT('',(41.,-62.0000002595,0.));
#12254 = DIRECTION('',(0.,0.,-1.));
#12255 = DIRECTION('',(1.,2.595065211608E-07,0.));
#12256 = CYLINDRICAL_SURFACE('',#12257,1.);
#12257 = AXIS2_PLACEMENT_3D('',#12258,#12259,#12260);
#12258 = CARTESIAN_POINT('',(41.,-62.0000002595,0.));
#12259 = DIRECTION('',(-0.,-0.,1.));
#12260 = DIRECTION('',(1.,2.595065211608E-07,0.));
#12261 = ADVANCED_FACE('',(#12262),#12287,.F.);
#12262 = FACE_BOUND('',#12263,.F.);
#12263 = EDGE_LOOP('',(#12264,#12265,#12273,#12281));
#12264 = ORIENTED_EDGE('',*,*,#12242,.T.);
#12265 = ORIENTED_EDGE('',*,*,#12266,.T.);
#12266 = EDGE_CURVE('',#12234,#12267,#12269,.T.);
#12267 = VERTEX_POINT('',#12268);
#12268 = CARTESIAN_POINT('',(40.,-55.5,-3.5E-02));
#12269 = LINE('',#12270,#12271);
#12270 = CARTESIAN_POINT('',(40.,-62.,-3.5E-02));
#12271 = VECTOR('',#12272,1.);
#12272 = DIRECTION('',(0.,1.,0.));
#12273 = ORIENTED_EDGE('',*,*,#12274,.F.);
#12274 = EDGE_CURVE('',#12275,#12267,#12277,.T.);
#12275 = VERTEX_POINT('',#12276);
#12276 = CARTESIAN_POINT('',(40.,-55.5,0.));
#12277 = LINE('',#12278,#12279);
#12278 = CARTESIAN_POINT('',(40.,-55.5,0.));
#12279 = VECTOR('',#12280,1.);
#12280 = DIRECTION('',(0.,0.,-1.));
#12281 = ORIENTED_EDGE('',*,*,#12282,.F.);
#12282 = EDGE_CURVE('',#12243,#12275,#12283,.T.);
#12283 = LINE('',#12284,#12285);
#12284 = CARTESIAN_POINT('',(40.,-62.,0.));
#12285 = VECTOR('',#12286,1.);
#12286 = DIRECTION('',(0.,1.,0.));
#12287 = PLANE('',#12288);
#12288 = AXIS2_PLACEMENT_3D('',#12289,#12290,#12291);
#12289 = CARTESIAN_POINT('',(40.,-62.,0.));
#12290 = DIRECTION('',(1.,-0.,0.));
#12291 = DIRECTION('',(0.,1.,0.));
#12292 = ADVANCED_FACE('',(#12293),#12320,.T.);
#12293 = FACE_BOUND('',#12294,.F.);
#12294 = EDGE_LOOP('',(#12295,#12296,#12305,#12313));
#12295 = ORIENTED_EDGE('',*,*,#12274,.T.);
#12296 = ORIENTED_EDGE('',*,*,#12297,.T.);
#12297 = EDGE_CURVE('',#12267,#12298,#12300,.T.);
#12298 = VERTEX_POINT('',#12299);
#12299 = CARTESIAN_POINT('',(40.292893,-54.792893,-3.5E-02));
#12300 = CIRCLE('',#12301,1.000004594775);
#12301 = AXIS2_PLACEMENT_3D('',#12302,#12303,#12304);
#12302 = CARTESIAN_POINT('',(41.000004594774,-55.50000146558,-3.5E-02));
#12303 = DIRECTION('',(0.,0.,-1.));
#12304 = DIRECTION('',(-0.999999999999,1.465582146458E-06,0.));
#12305 = ORIENTED_EDGE('',*,*,#12306,.F.);
#12306 = EDGE_CURVE('',#12307,#12298,#12309,.T.);
#12307 = VERTEX_POINT('',#12308);
#12308 = CARTESIAN_POINT('',(40.292893,-54.792893,0.));
#12309 = LINE('',#12310,#12311);
#12310 = CARTESIAN_POINT('',(40.292893,-54.792893,0.));
#12311 = VECTOR('',#12312,1.);
#12312 = DIRECTION('',(0.,0.,-1.));
#12313 = ORIENTED_EDGE('',*,*,#12314,.F.);
#12314 = EDGE_CURVE('',#12275,#12307,#12315,.T.);
#12315 = CIRCLE('',#12316,1.000004594775);
#12316 = AXIS2_PLACEMENT_3D('',#12317,#12318,#12319);
#12317 = CARTESIAN_POINT('',(41.000004594774,-55.50000146558,0.));
#12318 = DIRECTION('',(0.,0.,-1.));
#12319 = DIRECTION('',(-0.999999999999,1.465582146458E-06,0.));
#12320 = CYLINDRICAL_SURFACE('',#12321,1.000004594775);
#12321 = AXIS2_PLACEMENT_3D('',#12322,#12323,#12324);
#12322 = CARTESIAN_POINT('',(41.000004594774,-55.50000146558,0.));
#12323 = DIRECTION('',(-0.,-0.,1.));
#12324 = DIRECTION('',(-0.999999999999,1.465582146458E-06,0.));
#12325 = ADVANCED_FACE('',(#12326),#12351,.F.);
#12326 = FACE_BOUND('',#12327,.F.);
#12327 = EDGE_LOOP('',(#12328,#12329,#12337,#12345));
#12328 = ORIENTED_EDGE('',*,*,#12306,.T.);
#12329 = ORIENTED_EDGE('',*,*,#12330,.T.);
#12330 = EDGE_CURVE('',#12298,#12331,#12333,.T.);
#12331 = VERTEX_POINT('',#12332);
#12332 = CARTESIAN_POINT('',(43.,-52.085786,-3.5E-02));
#12333 = LINE('',#12334,#12335);
#12334 = CARTESIAN_POINT('',(40.292893,-54.792893,-3.5E-02));
#12335 = VECTOR('',#12336,1.);
#12336 = DIRECTION('',(0.707106781187,0.707106781187,0.));
#12337 = ORIENTED_EDGE('',*,*,#12338,.F.);
#12338 = EDGE_CURVE('',#12339,#12331,#12341,.T.);
#12339 = VERTEX_POINT('',#12340);
#12340 = CARTESIAN_POINT('',(43.,-52.085786,0.));
#12341 = LINE('',#12342,#12343);
#12342 = CARTESIAN_POINT('',(43.,-52.085786,0.));
#12343 = VECTOR('',#12344,1.);
#12344 = DIRECTION('',(0.,0.,-1.));
#12345 = ORIENTED_EDGE('',*,*,#12346,.F.);
#12346 = EDGE_CURVE('',#12307,#12339,#12347,.T.);
#12347 = LINE('',#12348,#12349);
#12348 = CARTESIAN_POINT('',(40.292893,-54.792893,0.));
#12349 = VECTOR('',#12350,1.);
#12350 = DIRECTION('',(0.707106781187,0.707106781187,0.));
#12351 = PLANE('',#12352);
#12352 = AXIS2_PLACEMENT_3D('',#12353,#12354,#12355);
#12353 = CARTESIAN_POINT('',(40.292893,-54.792893,0.));
#12354 = DIRECTION('',(0.707106781187,-0.707106781187,0.));
#12355 = DIRECTION('',(0.707106781187,0.707106781187,0.));
#12356 = ADVANCED_FACE('',(#12357),#12382,.F.);
#12357 = FACE_BOUND('',#12358,.F.);
#12358 = EDGE_LOOP('',(#12359,#12360,#12368,#12376));
#12359 = ORIENTED_EDGE('',*,*,#12338,.T.);
#12360 = ORIENTED_EDGE('',*,*,#12361,.T.);
#12361 = EDGE_CURVE('',#12331,#12362,#12364,.T.);
#12362 = VERTEX_POINT('',#12363);
#12363 = CARTESIAN_POINT('',(43.,-28.414214,-3.5E-02));
#12364 = LINE('',#12365,#12366);
#12365 = CARTESIAN_POINT('',(43.,-52.085786,-3.5E-02));
#12366 = VECTOR('',#12367,1.);
#12367 = DIRECTION('',(0.,1.,0.));
#12368 = ORIENTED_EDGE('',*,*,#12369,.F.);
#12369 = EDGE_CURVE('',#12370,#12362,#12372,.T.);
#12370 = VERTEX_POINT('',#12371);
#12371 = CARTESIAN_POINT('',(43.,-28.414214,0.));
#12372 = LINE('',#12373,#12374);
#12373 = CARTESIAN_POINT('',(43.,-28.414214,0.));
#12374 = VECTOR('',#12375,1.);
#12375 = DIRECTION('',(0.,0.,-1.));
#12376 = ORIENTED_EDGE('',*,*,#12377,.F.);
#12377 = EDGE_CURVE('',#12339,#12370,#12378,.T.);
#12378 = LINE('',#12379,#12380);
#12379 = CARTESIAN_POINT('',(43.,-52.085786,0.));
#12380 = VECTOR('',#12381,1.);
#12381 = DIRECTION('',(0.,1.,0.));
#12382 = PLANE('',#12383);
#12383 = AXIS2_PLACEMENT_3D('',#12384,#12385,#12386);
#12384 = CARTESIAN_POINT('',(43.,-52.085786,0.));
#12385 = DIRECTION('',(1.,-0.,0.));
#12386 = DIRECTION('',(0.,1.,0.));
#12387 = ADVANCED_FACE('',(#12388),#12413,.F.);
#12388 = FACE_BOUND('',#12389,.F.);
#12389 = EDGE_LOOP('',(#12390,#12391,#12399,#12407));
#12390 = ORIENTED_EDGE('',*,*,#12369,.T.);
#12391 = ORIENTED_EDGE('',*,*,#12392,.T.);
#12392 = EDGE_CURVE('',#12362,#12393,#12395,.T.);
#12393 = VERTEX_POINT('',#12394);
#12394 = CARTESIAN_POINT('',(42.825786,-28.24,-3.5E-02));
#12395 = LINE('',#12396,#12397);
#12396 = CARTESIAN_POINT('',(43.,-28.414214,-3.5E-02));
#12397 = VECTOR('',#12398,1.);
#12398 = DIRECTION('',(-0.707106781187,0.707106781187,0.));
#12399 = ORIENTED_EDGE('',*,*,#12400,.F.);
#12400 = EDGE_CURVE('',#12401,#12393,#12403,.T.);
#12401 = VERTEX_POINT('',#12402);
#12402 = CARTESIAN_POINT('',(42.825786,-28.24,0.));
#12403 = LINE('',#12404,#12405);
#12404 = CARTESIAN_POINT('',(42.825786,-28.24,0.));
#12405 = VECTOR('',#12406,1.);
#12406 = DIRECTION('',(0.,0.,-1.));
#12407 = ORIENTED_EDGE('',*,*,#12408,.F.);
#12408 = EDGE_CURVE('',#12370,#12401,#12409,.T.);
#12409 = LINE('',#12410,#12411);
#12410 = CARTESIAN_POINT('',(43.,-28.414214,0.));
#12411 = VECTOR('',#12412,1.);
#12412 = DIRECTION('',(-0.707106781187,0.707106781187,0.));
#12413 = PLANE('',#12414);
#12414 = AXIS2_PLACEMENT_3D('',#12415,#12416,#12417);
#12415 = CARTESIAN_POINT('',(43.,-28.414214,0.));
#12416 = DIRECTION('',(0.707106781187,0.707106781187,0.));
#12417 = DIRECTION('',(-0.707106781187,0.707106781187,0.));
#12418 = ADVANCED_FACE('',(#12419),#12444,.F.);
#12419 = FACE_BOUND('',#12420,.F.);
#12420 = EDGE_LOOP('',(#12421,#12422,#12430,#12438));
#12421 = ORIENTED_EDGE('',*,*,#12400,.T.);
#12422 = ORIENTED_EDGE('',*,*,#12423,.T.);
#12423 = EDGE_CURVE('',#12393,#12424,#12426,.T.);
#12424 = VERTEX_POINT('',#12425);
#12425 = CARTESIAN_POINT('',(37.249742,-28.24,-3.5E-02));
#12426 = LINE('',#12427,#12428);
#12427 = CARTESIAN_POINT('',(42.825786,-28.24,-3.5E-02));
#12428 = VECTOR('',#12429,1.);
#12429 = DIRECTION('',(-1.,0.,0.));
#12430 = ORIENTED_EDGE('',*,*,#12431,.F.);
#12431 = EDGE_CURVE('',#12432,#12424,#12434,.T.);
#12432 = VERTEX_POINT('',#12433);
#12433 = CARTESIAN_POINT('',(37.249742,-28.24,0.));
#12434 = LINE('',#12435,#12436);
#12435 = CARTESIAN_POINT('',(37.249742,-28.24,0.));
#12436 = VECTOR('',#12437,1.);
#12437 = DIRECTION('',(0.,0.,-1.));
#12438 = ORIENTED_EDGE('',*,*,#12439,.F.);
#12439 = EDGE_CURVE('',#12401,#12432,#12440,.T.);
#12440 = LINE('',#12441,#12442);
#12441 = CARTESIAN_POINT('',(42.825786,-28.24,0.));
#12442 = VECTOR('',#12443,1.);
#12443 = DIRECTION('',(-1.,0.,0.));
#12444 = PLANE('',#12445);
#12445 = AXIS2_PLACEMENT_3D('',#12446,#12447,#12448);
#12446 = CARTESIAN_POINT('',(42.825786,-28.24,0.));
#12447 = DIRECTION('',(0.,1.,0.));
#12448 = DIRECTION('',(-1.,0.,0.));
#12449 = ADVANCED_FACE('',(#12450),#12477,.T.);
#12450 = FACE_BOUND('',#12451,.F.);
#12451 = EDGE_LOOP('',(#12452,#12453,#12462,#12470));
#12452 = ORIENTED_EDGE('',*,*,#12431,.T.);
#12453 = ORIENTED_EDGE('',*,*,#12454,.T.);
#12454 = EDGE_CURVE('',#12424,#12455,#12457,.T.);
#12455 = VERTEX_POINT('',#12456);
#12456 = CARTESIAN_POINT('',(36.476732,-27.874393,-3.5E-02));
#12457 = CIRCLE('',#12458,1.000000300171);
#12458 = AXIS2_PLACEMENT_3D('',#12459,#12460,#12461);
#12459 = CARTESIAN_POINT('',(37.24974282854,-27.23999969982,-3.5E-02));
#12460 = DIRECTION('',(0.,0.,-1.));
#12461 = DIRECTION('',(-8.285401449232E-07,-1.,-0.));
#12462 = ORIENTED_EDGE('',*,*,#12463,.F.);
#12463 = EDGE_CURVE('',#12464,#12455,#12466,.T.);
#12464 = VERTEX_POINT('',#12465);
#12465 = CARTESIAN_POINT('',(36.476732,-27.874393,0.));
#12466 = LINE('',#12467,#12468);
#12467 = CARTESIAN_POINT('',(36.476732,-27.874393,0.));
#12468 = VECTOR('',#12469,1.);
#12469 = DIRECTION('',(0.,0.,-1.));
#12470 = ORIENTED_EDGE('',*,*,#12471,.F.);
#12471 = EDGE_CURVE('',#12432,#12464,#12472,.T.);
#12472 = CIRCLE('',#12473,1.000000300171);
#12473 = AXIS2_PLACEMENT_3D('',#12474,#12475,#12476);
#12474 = CARTESIAN_POINT('',(37.24974282854,-27.23999969982,0.));
#12475 = DIRECTION('',(0.,0.,-1.));
#12476 = DIRECTION('',(-8.285401449232E-07,-1.,-0.));
#12477 = CYLINDRICAL_SURFACE('',#12478,1.000000300171);
#12478 = AXIS2_PLACEMENT_3D('',#12479,#12480,#12481);
#12479 = CARTESIAN_POINT('',(37.24974282854,-27.23999969982,0.));
#12480 = DIRECTION('',(-0.,-0.,1.));
#12481 = DIRECTION('',(-8.285401449232E-07,-1.,-0.));
#12482 = ADVANCED_FACE('',(#12483),#12508,.F.);
#12483 = FACE_BOUND('',#12484,.F.);
#12484 = EDGE_LOOP('',(#12485,#12486,#12494,#12502));
#12485 = ORIENTED_EDGE('',*,*,#12463,.T.);
#12486 = ORIENTED_EDGE('',*,*,#12487,.T.);
#12487 = EDGE_CURVE('',#12455,#12488,#12490,.T.);
#12488 = VERTEX_POINT('',#12489);
#12489 = CARTESIAN_POINT('',(36.386933,-27.74,-3.5E-02));
#12490 = LINE('',#12491,#12492);
#12491 = CARTESIAN_POINT('',(36.476732,-27.874393,-3.5E-02));
#12492 = VECTOR('',#12493,1.);
#12493 = DIRECTION('',(-0.555572236101,0.831468273883,0.));
#12494 = ORIENTED_EDGE('',*,*,#12495,.F.);
#12495 = EDGE_CURVE('',#12496,#12488,#12498,.T.);
#12496 = VERTEX_POINT('',#12497);
#12497 = CARTESIAN_POINT('',(36.386933,-27.74,0.));
#12498 = LINE('',#12499,#12500);
#12499 = CARTESIAN_POINT('',(36.386933,-27.74,0.));
#12500 = VECTOR('',#12501,1.);
#12501 = DIRECTION('',(0.,0.,-1.));
#12502 = ORIENTED_EDGE('',*,*,#12503,.F.);
#12503 = EDGE_CURVE('',#12464,#12496,#12504,.T.);
#12504 = LINE('',#12505,#12506);
#12505 = CARTESIAN_POINT('',(36.476732,-27.874393,0.));
#12506 = VECTOR('',#12507,1.);
#12507 = DIRECTION('',(-0.555572236101,0.831468273883,0.));
#12508 = PLANE('',#12509);
#12509 = AXIS2_PLACEMENT_3D('',#12510,#12511,#12512);
#12510 = CARTESIAN_POINT('',(36.476732,-27.874393,0.));
#12511 = DIRECTION('',(0.831468273883,0.555572236101,0.));
#12512 = DIRECTION('',(-0.555572236101,0.831468273883,0.));
#12513 = ADVANCED_FACE('',(#12514),#12539,.F.);
#12514 = FACE_BOUND('',#12515,.F.);
#12515 = EDGE_LOOP('',(#12516,#12517,#12525,#12533));
#12516 = ORIENTED_EDGE('',*,*,#12495,.T.);
#12517 = ORIENTED_EDGE('',*,*,#12518,.T.);
#12518 = EDGE_CURVE('',#12488,#12519,#12521,.T.);
#12519 = VERTEX_POINT('',#12520);
#12520 = CARTESIAN_POINT('',(33.89,-27.74,-3.5E-02));
#12521 = LINE('',#12522,#12523);
#12522 = CARTESIAN_POINT('',(36.386933,-27.74,-3.5E-02));
#12523 = VECTOR('',#12524,1.);
#12524 = DIRECTION('',(-1.,0.,0.));
#12525 = ORIENTED_EDGE('',*,*,#12526,.F.);
#12526 = EDGE_CURVE('',#12527,#12519,#12529,.T.);
#12527 = VERTEX_POINT('',#12528);
#12528 = CARTESIAN_POINT('',(33.89,-27.74,0.));
#12529 = LINE('',#12530,#12531);
#12530 = CARTESIAN_POINT('',(33.89,-27.74,0.));
#12531 = VECTOR('',#12532,1.);
#12532 = DIRECTION('',(0.,0.,-1.));
#12533 = ORIENTED_EDGE('',*,*,#12534,.F.);
#12534 = EDGE_CURVE('',#12496,#12527,#12535,.T.);
#12535 = LINE('',#12536,#12537);
#12536 = CARTESIAN_POINT('',(36.386933,-27.74,0.));
#12537 = VECTOR('',#12538,1.);
#12538 = DIRECTION('',(-1.,0.,0.));
#12539 = PLANE('',#12540);
#12540 = AXIS2_PLACEMENT_3D('',#12541,#12542,#12543);
#12541 = CARTESIAN_POINT('',(36.386933,-27.74,0.));
#12542 = DIRECTION('',(0.,1.,0.));
#12543 = DIRECTION('',(-1.,0.,0.));
#12544 = ADVANCED_FACE('',(#12545),#12572,.T.);
#12545 = FACE_BOUND('',#12546,.F.);
#12546 = EDGE_LOOP('',(#12547,#12548,#12557,#12565));
#12547 = ORIENTED_EDGE('',*,*,#12526,.T.);
#12548 = ORIENTED_EDGE('',*,*,#12549,.T.);
#12549 = EDGE_CURVE('',#12519,#12550,#12552,.T.);
#12550 = VERTEX_POINT('',#12551);
#12551 = CARTESIAN_POINT('',(33.89,-26.74,-3.5E-02));
#12552 = CIRCLE('',#12553,0.5);
#12553 = AXIS2_PLACEMENT_3D('',#12554,#12555,#12556);
#12554 = CARTESIAN_POINT('',(33.89000044334,-27.24,-3.5E-02));
#12555 = DIRECTION('',(0.,0.,-1.));
#12556 = DIRECTION('',(-8.866804392934E-07,-1.,-0.));
#12557 = ORIENTED_EDGE('',*,*,#12558,.F.);
#12558 = EDGE_CURVE('',#12559,#12550,#12561,.T.);
#12559 = VERTEX_POINT('',#12560);
#12560 = CARTESIAN_POINT('',(33.89,-26.74,0.));
#12561 = LINE('',#12562,#12563);
#12562 = CARTESIAN_POINT('',(33.89,-26.74,0.));
#12563 = VECTOR('',#12564,1.);
#12564 = DIRECTION('',(0.,0.,-1.));
#12565 = ORIENTED_EDGE('',*,*,#12566,.F.);
#12566 = EDGE_CURVE('',#12527,#12559,#12567,.T.);
#12567 = CIRCLE('',#12568,0.5);
#12568 = AXIS2_PLACEMENT_3D('',#12569,#12570,#12571);
#12569 = CARTESIAN_POINT('',(33.89000044334,-27.24,0.));
#12570 = DIRECTION('',(0.,0.,-1.));
#12571 = DIRECTION('',(-8.866804392934E-07,-1.,-0.));
#12572 = CYLINDRICAL_SURFACE('',#12573,0.5);
#12573 = AXIS2_PLACEMENT_3D('',#12574,#12575,#12576);
#12574 = CARTESIAN_POINT('',(33.89000044334,-27.24,0.));
#12575 = DIRECTION('',(-0.,-0.,1.));
#12576 = DIRECTION('',(-8.866804392934E-07,-1.,-0.));
#12577 = ADVANCED_FACE('',(#12578),#12603,.F.);
#12578 = FACE_BOUND('',#12579,.F.);
#12579 = EDGE_LOOP('',(#12580,#12581,#12589,#12597));
#12580 = ORIENTED_EDGE('',*,*,#12558,.T.);
#12581 = ORIENTED_EDGE('',*,*,#12582,.T.);
#12582 = EDGE_CURVE('',#12550,#12583,#12585,.T.);
#12583 = VERTEX_POINT('',#12584);
#12584 = CARTESIAN_POINT('',(36.386933,-26.74,-3.5E-02));
#12585 = LINE('',#12586,#12587);
#12586 = CARTESIAN_POINT('',(33.89,-26.74,-3.5E-02));
#12587 = VECTOR('',#12588,1.);
#12588 = DIRECTION('',(1.,0.,0.));
#12589 = ORIENTED_EDGE('',*,*,#12590,.F.);
#12590 = EDGE_CURVE('',#12591,#12583,#12593,.T.);
#12591 = VERTEX_POINT('',#12592);
#12592 = CARTESIAN_POINT('',(36.386933,-26.74,0.));
#12593 = LINE('',#12594,#12595);
#12594 = CARTESIAN_POINT('',(36.386933,-26.74,0.));
#12595 = VECTOR('',#12596,1.);
#12596 = DIRECTION('',(0.,0.,-1.));
#12597 = ORIENTED_EDGE('',*,*,#12598,.F.);
#12598 = EDGE_CURVE('',#12559,#12591,#12599,.T.);
#12599 = LINE('',#12600,#12601);
#12600 = CARTESIAN_POINT('',(33.89,-26.74,0.));
#12601 = VECTOR('',#12602,1.);
#12602 = DIRECTION('',(1.,0.,0.));
#12603 = PLANE('',#12604);
#12604 = AXIS2_PLACEMENT_3D('',#12605,#12606,#12607);
#12605 = CARTESIAN_POINT('',(33.89,-26.74,0.));
#12606 = DIRECTION('',(0.,-1.,0.));
#12607 = DIRECTION('',(1.,0.,0.));
#12608 = ADVANCED_FACE('',(#12609),#12625,.F.);
#12609 = FACE_BOUND('',#12610,.F.);
#12610 = EDGE_LOOP('',(#12611,#12612,#12618,#12619));
#12611 = ORIENTED_EDGE('',*,*,#12590,.T.);
#12612 = ORIENTED_EDGE('',*,*,#12613,.T.);
#12613 = EDGE_CURVE('',#12583,#11939,#12614,.T.);
#12614 = LINE('',#12615,#12616);
#12615 = CARTESIAN_POINT('',(36.386933,-26.74,-3.5E-02));
#12616 = VECTOR('',#12617,1.);
#12617 = DIRECTION('',(0.555572236101,0.831468273883,0.));
#12618 = ORIENTED_EDGE('',*,*,#11936,.F.);
#12619 = ORIENTED_EDGE('',*,*,#12620,.F.);
#12620 = EDGE_CURVE('',#12591,#11937,#12621,.T.);
#12621 = LINE('',#12622,#12623);
#12622 = CARTESIAN_POINT('',(36.386933,-26.74,0.));
#12623 = VECTOR('',#12624,1.);
#12624 = DIRECTION('',(0.555572236101,0.831468273883,0.));
#12625 = PLANE('',#12626);
#12626 = AXIS2_PLACEMENT_3D('',#12627,#12628,#12629);
#12627 = CARTESIAN_POINT('',(36.386933,-26.74,0.));
#12628 = DIRECTION('',(0.831468273883,-0.555572236101,0.));
#12629 = DIRECTION('',(0.555572236101,0.831468273883,0.));
#12630 = ADVANCED_FACE('',(#12631),#12658,.F.);
#12631 = FACE_BOUND('',#12632,.F.);
#12632 = EDGE_LOOP('',(#12633,#12643,#12650,#12651));
#12633 = ORIENTED_EDGE('',*,*,#12634,.T.);
#12634 = EDGE_CURVE('',#12635,#12637,#12639,.T.);
#12635 = VERTEX_POINT('',#12636);
#12636 = CARTESIAN_POINT('',(41.337392,-62.,0.));
#12637 = VERTEX_POINT('',#12638);
#12638 = CARTESIAN_POINT('',(41.337392,-62.,-3.5E-02));
#12639 = LINE('',#12640,#12641);
#12640 = CARTESIAN_POINT('',(41.337392,-62.,0.));
#12641 = VECTOR('',#12642,1.);
#12642 = DIRECTION('',(0.,0.,-1.));
#12643 = ORIENTED_EDGE('',*,*,#12644,.T.);
#12644 = EDGE_CURVE('',#12637,#12637,#12645,.T.);
#12645 = CIRCLE('',#12646,0.337392);
#12646 = AXIS2_PLACEMENT_3D('',#12647,#12648,#12649);
#12647 = CARTESIAN_POINT('',(41.,-62.,-3.5E-02));
#12648 = DIRECTION('',(0.,0.,1.));
#12649 = DIRECTION('',(1.,0.,-0.));
#12650 = ORIENTED_EDGE('',*,*,#12634,.F.);
#12651 = ORIENTED_EDGE('',*,*,#12652,.F.);
#12652 = EDGE_CURVE('',#12635,#12635,#12653,.T.);
#12653 = CIRCLE('',#12654,0.337392);
#12654 = AXIS2_PLACEMENT_3D('',#12655,#12656,#12657);
#12655 = CARTESIAN_POINT('',(41.,-62.,0.));
#12656 = DIRECTION('',(0.,0.,1.));
#12657 = DIRECTION('',(1.,0.,-0.));
#12658 = CYLINDRICAL_SURFACE('',#12659,0.337392);
#12659 = AXIS2_PLACEMENT_3D('',#12660,#12661,#12662);
#12660 = CARTESIAN_POINT('',(41.,-62.,0.));
#12661 = DIRECTION('',(0.,0.,1.));
#12662 = DIRECTION('',(1.,0.,-0.));
#12663 = ADVANCED_FACE('',(#12664),#12691,.F.);
#12664 = FACE_BOUND('',#12665,.F.);
#12665 = EDGE_LOOP('',(#12666,#12676,#12683,#12684));
#12666 = ORIENTED_EDGE('',*,*,#12667,.T.);
#12667 = EDGE_CURVE('',#12668,#12670,#12672,.T.);
#12668 = VERTEX_POINT('',#12669);
#12669 = CARTESIAN_POINT('',(34.377392,-27.24,0.));
#12670 = VERTEX_POINT('',#12671);
#12671 = CARTESIAN_POINT('',(34.377392,-27.24,-3.5E-02));
#12672 = LINE('',#12673,#12674);
#12673 = CARTESIAN_POINT('',(34.377392,-27.24,0.));
#12674 = VECTOR('',#12675,1.);
#12675 = DIRECTION('',(0.,0.,-1.));
#12676 = ORIENTED_EDGE('',*,*,#12677,.T.);
#12677 = EDGE_CURVE('',#12670,#12670,#12678,.T.);
#12678 = CIRCLE('',#12679,0.487392);
#12679 = AXIS2_PLACEMENT_3D('',#12680,#12681,#12682);
#12680 = CARTESIAN_POINT('',(33.89,-27.24,-3.5E-02));
#12681 = DIRECTION('',(0.,0.,1.));
#12682 = DIRECTION('',(1.,0.,-0.));
#12683 = ORIENTED_EDGE('',*,*,#12667,.F.);
#12684 = ORIENTED_EDGE('',*,*,#12685,.F.);
#12685 = EDGE_CURVE('',#12668,#12668,#12686,.T.);
#12686 = CIRCLE('',#12687,0.487392);
#12687 = AXIS2_PLACEMENT_3D('',#12688,#12689,#12690);
#12688 = CARTESIAN_POINT('',(33.89,-27.24,0.));
#12689 = DIRECTION('',(0.,0.,1.));
#12690 = DIRECTION('',(1.,0.,-0.));
#12691 = CYLINDRICAL_SURFACE('',#12692,0.487392);
#12692 = AXIS2_PLACEMENT_3D('',#12693,#12694,#12695);
#12693 = CARTESIAN_POINT('',(33.89,-27.24,0.));
#12694 = DIRECTION('',(0.,0.,1.));
#12695 = DIRECTION('',(1.,0.,-0.));
#12696 = ADVANCED_FACE('',(#12697,#12721,#12724),#12727,.F.);
#12697 = FACE_BOUND('',#12698,.F.);
#12698 = EDGE_LOOP('',(#12699,#12700,#12701,#12702,#12703,#12704,#12705,
    #12706,#12707,#12708,#12709,#12710,#12711,#12712,#12713,#12714,
    #12715,#12716,#12717,#12718,#12719,#12720));
#12699 = ORIENTED_EDGE('',*,*,#11963,.T.);
#12700 = ORIENTED_EDGE('',*,*,#11995,.T.);
#12701 = ORIENTED_EDGE('',*,*,#12027,.T.);
#12702 = ORIENTED_EDGE('',*,*,#12059,.T.);
#12703 = ORIENTED_EDGE('',*,*,#12091,.T.);
#12704 = ORIENTED_EDGE('',*,*,#12123,.T.);
#12705 = ORIENTED_EDGE('',*,*,#12155,.T.);
#12706 = ORIENTED_EDGE('',*,*,#12187,.T.);
#12707 = ORIENTED_EDGE('',*,*,#12218,.T.);
#12708 = ORIENTED_EDGE('',*,*,#12250,.T.);
#12709 = ORIENTED_EDGE('',*,*,#12282,.T.);
#12710 = ORIENTED_EDGE('',*,*,#12314,.T.);
#12711 = ORIENTED_EDGE('',*,*,#12346,.T.);
#12712 = ORIENTED_EDGE('',*,*,#12377,.T.);
#12713 = ORIENTED_EDGE('',*,*,#12408,.T.);
#12714 = ORIENTED_EDGE('',*,*,#12439,.T.);
#12715 = ORIENTED_EDGE('',*,*,#12471,.T.);
#12716 = ORIENTED_EDGE('',*,*,#12503,.T.);
#12717 = ORIENTED_EDGE('',*,*,#12534,.T.);
#12718 = ORIENTED_EDGE('',*,*,#12566,.T.);
#12719 = ORIENTED_EDGE('',*,*,#12598,.T.);
#12720 = ORIENTED_EDGE('',*,*,#12620,.T.);
#12721 = FACE_BOUND('',#12722,.F.);
#12722 = EDGE_LOOP('',(#12723));
#12723 = ORIENTED_EDGE('',*,*,#12652,.T.);
#12724 = FACE_BOUND('',#12725,.F.);
#12725 = EDGE_LOOP('',(#12726));
#12726 = ORIENTED_EDGE('',*,*,#12685,.T.);
#12727 = PLANE('',#12728);
#12728 = AXIS2_PLACEMENT_3D('',#12729,#12730,#12731);
#12729 = CARTESIAN_POINT('',(0.,0.,0.));
#12730 = DIRECTION('',(-0.,-0.,-1.));
#12731 = DIRECTION('',(-1.,0.,0.));
#12732 = ADVANCED_FACE('',(#12733,#12757,#12760),#12763,.T.);
#12733 = FACE_BOUND('',#12734,.T.);
#12734 = EDGE_LOOP('',(#12735,#12736,#12737,#12738,#12739,#12740,#12741,
    #12742,#12743,#12744,#12745,#12746,#12747,#12748,#12749,#12750,
    #12751,#12752,#12753,#12754,#12755,#12756));
#12735 = ORIENTED_EDGE('',*,*,#11946,.T.);
#12736 = ORIENTED_EDGE('',*,*,#11979,.T.);
#12737 = ORIENTED_EDGE('',*,*,#12010,.T.);
#12738 = ORIENTED_EDGE('',*,*,#12043,.T.);
#12739 = ORIENTED_EDGE('',*,*,#12074,.T.);
#12740 = ORIENTED_EDGE('',*,*,#12107,.T.);
#12741 = ORIENTED_EDGE('',*,*,#12138,.T.);
#12742 = ORIENTED_EDGE('',*,*,#12171,.T.);
#12743 = ORIENTED_EDGE('',*,*,#12202,.T.);
#12744 = ORIENTED_EDGE('',*,*,#12233,.T.);
#12745 = ORIENTED_EDGE('',*,*,#12266,.T.);
#12746 = ORIENTED_EDGE('',*,*,#12297,.T.);
#12747 = ORIENTED_EDGE('',*,*,#12330,.T.);
#12748 = ORIENTED_EDGE('',*,*,#12361,.T.);
#12749 = ORIENTED_EDGE('',*,*,#12392,.T.);
#12750 = ORIENTED_EDGE('',*,*,#12423,.T.);
#12751 = ORIENTED_EDGE('',*,*,#12454,.T.);
#12752 = ORIENTED_EDGE('',*,*,#12487,.T.);
#12753 = ORIENTED_EDGE('',*,*,#12518,.T.);
#12754 = ORIENTED_EDGE('',*,*,#12549,.T.);
#12755 = ORIENTED_EDGE('',*,*,#12582,.T.);
#12756 = ORIENTED_EDGE('',*,*,#12613,.T.);
#12757 = FACE_BOUND('',#12758,.T.);
#12758 = EDGE_LOOP('',(#12759));
#12759 = ORIENTED_EDGE('',*,*,#12644,.T.);
#12760 = FACE_BOUND('',#12761,.T.);
#12761 = EDGE_LOOP('',(#12762));
#12762 = ORIENTED_EDGE('',*,*,#12677,.T.);
#12763 = PLANE('',#12764);
#12764 = AXIS2_PLACEMENT_3D('',#12765,#12766,#12767);
#12765 = CARTESIAN_POINT('',(0.,0.,-3.5E-02));
#12766 = DIRECTION('',(-0.,-0.,-1.));
#12767 = DIRECTION('',(-1.,0.,0.));
#12768 = MANIFOLD_SOLID_BREP('',#12769);
#12769 = CLOSED_SHELL('',(#12770,#12810,#12843,#12874,#12907,#12938,
    #12971,#12993,#13026,#13059,#13080));
#12770 = ADVANCED_FACE('',(#12771),#12805,.F.);
#12771 = FACE_BOUND('',#12772,.F.);
#12772 = EDGE_LOOP('',(#12773,#12783,#12791,#12799));
#12773 = ORIENTED_EDGE('',*,*,#12774,.T.);
#12774 = EDGE_CURVE('',#12775,#12777,#12779,.T.);
#12775 = VERTEX_POINT('',#12776);
#12776 = CARTESIAN_POINT('',(39.,-82.585786,0.));
#12777 = VERTEX_POINT('',#12778);
#12778 = CARTESIAN_POINT('',(39.,-82.585786,-3.5E-02));
#12779 = LINE('',#12780,#12781);
#12780 = CARTESIAN_POINT('',(39.,-82.585786,0.));
#12781 = VECTOR('',#12782,1.);
#12782 = DIRECTION('',(0.,0.,-1.));
#12783 = ORIENTED_EDGE('',*,*,#12784,.T.);
#12784 = EDGE_CURVE('',#12777,#12785,#12787,.T.);
#12785 = VERTEX_POINT('',#12786);
#12786 = CARTESIAN_POINT('',(41.707107,-85.292893,-3.5E-02));
#12787 = LINE('',#12788,#12789);
#12788 = CARTESIAN_POINT('',(39.,-82.585786,-3.5E-02));
#12789 = VECTOR('',#12790,1.);
#12790 = DIRECTION('',(0.707106781187,-0.707106781187,0.));
#12791 = ORIENTED_EDGE('',*,*,#12792,.F.);
#12792 = EDGE_CURVE('',#12793,#12785,#12795,.T.);
#12793 = VERTEX_POINT('',#12794);
#12794 = CARTESIAN_POINT('',(41.707107,-85.292893,0.));
#12795 = LINE('',#12796,#12797);
#12796 = CARTESIAN_POINT('',(41.707107,-85.292893,0.));
#12797 = VECTOR('',#12798,1.);
#12798 = DIRECTION('',(0.,0.,-1.));
#12799 = ORIENTED_EDGE('',*,*,#12800,.F.);
#12800 = EDGE_CURVE('',#12775,#12793,#12801,.T.);
#12801 = LINE('',#12802,#12803);
#12802 = CARTESIAN_POINT('',(39.,-82.585786,0.));
#12803 = VECTOR('',#12804,1.);
#12804 = DIRECTION('',(0.707106781187,-0.707106781187,0.));
#12805 = PLANE('',#12806);
#12806 = AXIS2_PLACEMENT_3D('',#12807,#12808,#12809);
#12807 = CARTESIAN_POINT('',(39.,-82.585786,0.));
#12808 = DIRECTION('',(-0.707106781187,-0.707106781187,-0.));
#12809 = DIRECTION('',(0.707106781187,-0.707106781187,0.));
#12810 = ADVANCED_FACE('',(#12811),#12838,.T.);
#12811 = FACE_BOUND('',#12812,.F.);
#12812 = EDGE_LOOP('',(#12813,#12814,#12823,#12831));
#12813 = ORIENTED_EDGE('',*,*,#12792,.T.);
#12814 = ORIENTED_EDGE('',*,*,#12815,.T.);
#12815 = EDGE_CURVE('',#12785,#12816,#12818,.T.);
#12816 = VERTEX_POINT('',#12817);
#12817 = CARTESIAN_POINT('',(40.292893,-86.707107,-3.5E-02));
#12818 = CIRCLE('',#12819,1.000000309449);
#12819 = AXIS2_PLACEMENT_3D('',#12820,#12821,#12822);
#12820 = CARTESIAN_POINT('',(41.000000403032,-86.00000040303,-3.5E-02));
#12821 = DIRECTION('',(0.,0.,-1.));
#12822 = DIRECTION('',(0.707106378154,0.707107184218,0.));
#12823 = ORIENTED_EDGE('',*,*,#12824,.F.);
#12824 = EDGE_CURVE('',#12825,#12816,#12827,.T.);
#12825 = VERTEX_POINT('',#12826);
#12826 = CARTESIAN_POINT('',(40.292893,-86.707107,0.));
#12827 = LINE('',#12828,#12829);
#12828 = CARTESIAN_POINT('',(40.292893,-86.707107,0.));
#12829 = VECTOR('',#12830,1.);
#12830 = DIRECTION('',(0.,0.,-1.));
#12831 = ORIENTED_EDGE('',*,*,#12832,.F.);
#12832 = EDGE_CURVE('',#12793,#12825,#12833,.T.);
#12833 = CIRCLE('',#12834,1.000000309449);
#12834 = AXIS2_PLACEMENT_3D('',#12835,#12836,#12837);
#12835 = CARTESIAN_POINT('',(41.000000403032,-86.00000040303,0.));
#12836 = DIRECTION('',(0.,0.,-1.));
#12837 = DIRECTION('',(0.707106378154,0.707107184218,0.));
#12838 = CYLINDRICAL_SURFACE('',#12839,1.000000309449);
#12839 = AXIS2_PLACEMENT_3D('',#12840,#12841,#12842);
#12840 = CARTESIAN_POINT('',(41.000000403032,-86.00000040303,0.));
#12841 = DIRECTION('',(-0.,-0.,1.));
#12842 = DIRECTION('',(0.707106378154,0.707107184218,0.));
#12843 = ADVANCED_FACE('',(#12844),#12869,.F.);
#12844 = FACE_BOUND('',#12845,.F.);
#12845 = EDGE_LOOP('',(#12846,#12847,#12855,#12863));
#12846 = ORIENTED_EDGE('',*,*,#12824,.T.);
#12847 = ORIENTED_EDGE('',*,*,#12848,.T.);
#12848 = EDGE_CURVE('',#12816,#12849,#12851,.T.);
#12849 = VERTEX_POINT('',#12850);
#12850 = CARTESIAN_POINT('',(37.292893,-83.707107,-3.5E-02));
#12851 = LINE('',#12852,#12853);
#12852 = CARTESIAN_POINT('',(40.292893,-86.707107,-3.5E-02));
#12853 = VECTOR('',#12854,1.);
#12854 = DIRECTION('',(-0.707106781187,0.707106781187,0.));
#12855 = ORIENTED_EDGE('',*,*,#12856,.F.);
#12856 = EDGE_CURVE('',#12857,#12849,#12859,.T.);
#12857 = VERTEX_POINT('',#12858);
#12858 = CARTESIAN_POINT('',(37.292893,-83.707107,0.));
#12859 = LINE('',#12860,#12861);
#12860 = CARTESIAN_POINT('',(37.292893,-83.707107,0.));
#12861 = VECTOR('',#12862,1.);
#12862 = DIRECTION('',(0.,0.,-1.));
#12863 = ORIENTED_EDGE('',*,*,#12864,.F.);
#12864 = EDGE_CURVE('',#12825,#12857,#12865,.T.);
#12865 = LINE('',#12866,#12867);
#12866 = CARTESIAN_POINT('',(40.292893,-86.707107,0.));
#12867 = VECTOR('',#12868,1.);
#12868 = DIRECTION('',(-0.707106781187,0.707106781187,0.));
#12869 = PLANE('',#12870);
#12870 = AXIS2_PLACEMENT_3D('',#12871,#12872,#12873);
#12871 = CARTESIAN_POINT('',(40.292893,-86.707107,0.));
#12872 = DIRECTION('',(0.707106781187,0.707106781187,0.));
#12873 = DIRECTION('',(-0.707106781187,0.707106781187,0.));
#12874 = ADVANCED_FACE('',(#12875),#12902,.T.);
#12875 = FACE_BOUND('',#12876,.F.);
#12876 = EDGE_LOOP('',(#12877,#12878,#12887,#12895));
#12877 = ORIENTED_EDGE('',*,*,#12856,.T.);
#12878 = ORIENTED_EDGE('',*,*,#12879,.T.);
#12879 = EDGE_CURVE('',#12849,#12880,#12882,.T.);
#12880 = VERTEX_POINT('',#12881);
#12881 = CARTESIAN_POINT('',(37.,-83.,-3.5E-02));
#12882 = CIRCLE('',#12883,1.000004086185);
#12883 = AXIS2_PLACEMENT_3D('',#12884,#12885,#12886);
#12884 = CARTESIAN_POINT('',(38.000004086184,-82.99999874507,-3.5E-02));
#12885 = DIRECTION('',(0.,0.,-1.));
#12886 = DIRECTION('',(-0.707108196809,-0.707105365561,-0.));
#12887 = ORIENTED_EDGE('',*,*,#12888,.F.);
#12888 = EDGE_CURVE('',#12889,#12880,#12891,.T.);
#12889 = VERTEX_POINT('',#12890);
#12890 = CARTESIAN_POINT('',(37.,-83.,0.));
#12891 = LINE('',#12892,#12893);
#12892 = CARTESIAN_POINT('',(37.,-83.,0.));
#12893 = VECTOR('',#12894,1.);
#12894 = DIRECTION('',(0.,0.,-1.));
#12895 = ORIENTED_EDGE('',*,*,#12896,.F.);
#12896 = EDGE_CURVE('',#12857,#12889,#12897,.T.);
#12897 = CIRCLE('',#12898,1.000004086185);
#12898 = AXIS2_PLACEMENT_3D('',#12899,#12900,#12901);
#12899 = CARTESIAN_POINT('',(38.000004086184,-82.99999874507,0.));
#12900 = DIRECTION('',(0.,0.,-1.));
#12901 = DIRECTION('',(-0.707108196809,-0.707105365561,-0.));
#12902 = CYLINDRICAL_SURFACE('',#12903,1.000004086185);
#12903 = AXIS2_PLACEMENT_3D('',#12904,#12905,#12906);
#12904 = CARTESIAN_POINT('',(38.000004086184,-82.99999874507,0.));
#12905 = DIRECTION('',(-0.,-0.,1.));
#12906 = DIRECTION('',(-0.707108196809,-0.707105365561,-0.));
#12907 = ADVANCED_FACE('',(#12908),#12933,.F.);
#12908 = FACE_BOUND('',#12909,.F.);
#12909 = EDGE_LOOP('',(#12910,#12911,#12919,#12927));
#12910 = ORIENTED_EDGE('',*,*,#12888,.T.);
#12911 = ORIENTED_EDGE('',*,*,#12912,.T.);
#12912 = EDGE_CURVE('',#12880,#12913,#12915,.T.);
#12913 = VERTEX_POINT('',#12914);
#12914 = CARTESIAN_POINT('',(37.,-70.,-3.5E-02));
#12915 = LINE('',#12916,#12917);
#12916 = CARTESIAN_POINT('',(37.,-83.,-3.5E-02));
#12917 = VECTOR('',#12918,1.);
#12918 = DIRECTION('',(0.,1.,0.));
#12919 = ORIENTED_EDGE('',*,*,#12920,.F.);
#12920 = EDGE_CURVE('',#12921,#12913,#12923,.T.);
#12921 = VERTEX_POINT('',#12922);
#12922 = CARTESIAN_POINT('',(37.,-70.,0.));
#12923 = LINE('',#12924,#12925);
#12924 = CARTESIAN_POINT('',(37.,-70.,0.));
#12925 = VECTOR('',#12926,1.);
#12926 = DIRECTION('',(0.,0.,-1.));
#12927 = ORIENTED_EDGE('',*,*,#12928,.F.);
#12928 = EDGE_CURVE('',#12889,#12921,#12929,.T.);
#12929 = LINE('',#12930,#12931);
#12930 = CARTESIAN_POINT('',(37.,-83.,0.));
#12931 = VECTOR('',#12932,1.);
#12932 = DIRECTION('',(0.,1.,0.));
#12933 = PLANE('',#12934);
#12934 = AXIS2_PLACEMENT_3D('',#12935,#12936,#12937);
#12935 = CARTESIAN_POINT('',(37.,-83.,0.));
#12936 = DIRECTION('',(1.,-0.,0.));
#12937 = DIRECTION('',(0.,1.,0.));
#12938 = ADVANCED_FACE('',(#12939),#12966,.T.);
#12939 = FACE_BOUND('',#12940,.F.);
#12940 = EDGE_LOOP('',(#12941,#12942,#12951,#12959));
#12941 = ORIENTED_EDGE('',*,*,#12920,.T.);
#12942 = ORIENTED_EDGE('',*,*,#12943,.T.);
#12943 = EDGE_CURVE('',#12913,#12944,#12946,.T.);
#12944 = VERTEX_POINT('',#12945);
#12945 = CARTESIAN_POINT('',(39.,-70.,-3.5E-02));
#12946 = CIRCLE('',#12947,1.);
#12947 = AXIS2_PLACEMENT_3D('',#12948,#12949,#12950);
#12948 = CARTESIAN_POINT('',(38.,-70.00000023138,-3.5E-02));
#12949 = DIRECTION('',(0.,0.,-1.));
#12950 = DIRECTION('',(-1.,2.313867213388E-07,0.));
#12951 = ORIENTED_EDGE('',*,*,#12952,.F.);
#12952 = EDGE_CURVE('',#12953,#12944,#12955,.T.);
#12953 = VERTEX_POINT('',#12954);
#12954 = CARTESIAN_POINT('',(39.,-70.,0.));
#12955 = LINE('',#12956,#12957);
#12956 = CARTESIAN_POINT('',(39.,-70.,0.));
#12957 = VECTOR('',#12958,1.);
#12958 = DIRECTION('',(0.,0.,-1.));
#12959 = ORIENTED_EDGE('',*,*,#12960,.F.);
#12960 = EDGE_CURVE('',#12921,#12953,#12961,.T.);
#12961 = CIRCLE('',#12962,1.);
#12962 = AXIS2_PLACEMENT_3D('',#12963,#12964,#12965);
#12963 = CARTESIAN_POINT('',(38.,-70.00000023138,0.));
#12964 = DIRECTION('',(0.,0.,-1.));
#12965 = DIRECTION('',(-1.,2.313867213388E-07,0.));
#12966 = CYLINDRICAL_SURFACE('',#12967,1.);
#12967 = AXIS2_PLACEMENT_3D('',#12968,#12969,#12970);
#12968 = CARTESIAN_POINT('',(38.,-70.00000023138,0.));
#12969 = DIRECTION('',(-0.,-0.,1.));
#12970 = DIRECTION('',(-1.,2.313867213388E-07,0.));
#12971 = ADVANCED_FACE('',(#12972),#12988,.F.);
#12972 = FACE_BOUND('',#12973,.F.);
#12973 = EDGE_LOOP('',(#12974,#12975,#12981,#12982));
#12974 = ORIENTED_EDGE('',*,*,#12952,.T.);
#12975 = ORIENTED_EDGE('',*,*,#12976,.T.);
#12976 = EDGE_CURVE('',#12944,#12777,#12977,.T.);
#12977 = LINE('',#12978,#12979);
#12978 = CARTESIAN_POINT('',(39.,-70.,-3.5E-02));
#12979 = VECTOR('',#12980,1.);
#12980 = DIRECTION('',(0.,-1.,0.));
#12981 = ORIENTED_EDGE('',*,*,#12774,.F.);
#12982 = ORIENTED_EDGE('',*,*,#12983,.F.);
#12983 = EDGE_CURVE('',#12953,#12775,#12984,.T.);
#12984 = LINE('',#12985,#12986);
#12985 = CARTESIAN_POINT('',(39.,-70.,0.));
#12986 = VECTOR('',#12987,1.);
#12987 = DIRECTION('',(0.,-1.,0.));
#12988 = PLANE('',#12989);
#12989 = AXIS2_PLACEMENT_3D('',#12990,#12991,#12992);
#12990 = CARTESIAN_POINT('',(39.,-70.,0.));
#12991 = DIRECTION('',(-1.,-0.,-0.));
#12992 = DIRECTION('',(0.,-1.,0.));
#12993 = ADVANCED_FACE('',(#12994),#13021,.F.);
#12994 = FACE_BOUND('',#12995,.F.);
#12995 = EDGE_LOOP('',(#12996,#13006,#13013,#13014));
#12996 = ORIENTED_EDGE('',*,*,#12997,.T.);
#12997 = EDGE_CURVE('',#12998,#13000,#13002,.T.);
#12998 = VERTEX_POINT('',#12999);
#12999 = CARTESIAN_POINT('',(41.487392,-86.,0.));
#13000 = VERTEX_POINT('',#13001);
#13001 = CARTESIAN_POINT('',(41.487392,-86.,-3.5E-02));
#13002 = LINE('',#13003,#13004);
#13003 = CARTESIAN_POINT('',(41.487392,-86.,0.));
#13004 = VECTOR('',#13005,1.);
#13005 = DIRECTION('',(0.,0.,-1.));
#13006 = ORIENTED_EDGE('',*,*,#13007,.T.);
#13007 = EDGE_CURVE('',#13000,#13000,#13008,.T.);
#13008 = CIRCLE('',#13009,0.487392);
#13009 = AXIS2_PLACEMENT_3D('',#13010,#13011,#13012);
#13010 = CARTESIAN_POINT('',(41.,-86.,-3.5E-02));
#13011 = DIRECTION('',(0.,0.,1.));
#13012 = DIRECTION('',(1.,0.,-0.));
#13013 = ORIENTED_EDGE('',*,*,#12997,.F.);
#13014 = ORIENTED_EDGE('',*,*,#13015,.F.);
#13015 = EDGE_CURVE('',#12998,#12998,#13016,.T.);
#13016 = CIRCLE('',#13017,0.487392);
#13017 = AXIS2_PLACEMENT_3D('',#13018,#13019,#13020);
#13018 = CARTESIAN_POINT('',(41.,-86.,0.));
#13019 = DIRECTION('',(0.,0.,1.));
#13020 = DIRECTION('',(1.,0.,-0.));
#13021 = CYLINDRICAL_SURFACE('',#13022,0.487392);
#13022 = AXIS2_PLACEMENT_3D('',#13023,#13024,#13025);
#13023 = CARTESIAN_POINT('',(41.,-86.,0.));
#13024 = DIRECTION('',(0.,0.,1.));
#13025 = DIRECTION('',(1.,0.,-0.));
#13026 = ADVANCED_FACE('',(#13027),#13054,.F.);
#13027 = FACE_BOUND('',#13028,.F.);
#13028 = EDGE_LOOP('',(#13029,#13039,#13046,#13047));
#13029 = ORIENTED_EDGE('',*,*,#13030,.T.);
#13030 = EDGE_CURVE('',#13031,#13033,#13035,.T.);
#13031 = VERTEX_POINT('',#13032);
#13032 = CARTESIAN_POINT('',(38.362392,-70.,0.));
#13033 = VERTEX_POINT('',#13034);
#13034 = CARTESIAN_POINT('',(38.362392,-70.,-3.5E-02));
#13035 = LINE('',#13036,#13037);
#13036 = CARTESIAN_POINT('',(38.362392,-70.,0.));
#13037 = VECTOR('',#13038,1.);
#13038 = DIRECTION('',(0.,0.,-1.));
#13039 = ORIENTED_EDGE('',*,*,#13040,.T.);
#13040 = EDGE_CURVE('',#13033,#13033,#13041,.T.);
#13041 = CIRCLE('',#13042,0.362392);
#13042 = AXIS2_PLACEMENT_3D('',#13043,#13044,#13045);
#13043 = CARTESIAN_POINT('',(38.,-70.,-3.5E-02));
#13044 = DIRECTION('',(0.,0.,1.));
#13045 = DIRECTION('',(1.,0.,-0.));
#13046 = ORIENTED_EDGE('',*,*,#13030,.F.);
#13047 = ORIENTED_EDGE('',*,*,#13048,.F.);
#13048 = EDGE_CURVE('',#13031,#13031,#13049,.T.);
#13049 = CIRCLE('',#13050,0.362392);
#13050 = AXIS2_PLACEMENT_3D('',#13051,#13052,#13053);
#13051 = CARTESIAN_POINT('',(38.,-70.,0.));
#13052 = DIRECTION('',(0.,0.,1.));
#13053 = DIRECTION('',(1.,0.,-0.));
#13054 = CYLINDRICAL_SURFACE('',#13055,0.362392);
#13055 = AXIS2_PLACEMENT_3D('',#13056,#13057,#13058);
#13056 = CARTESIAN_POINT('',(38.,-70.,0.));
#13057 = DIRECTION('',(0.,0.,1.));
#13058 = DIRECTION('',(1.,0.,-0.));
#13059 = ADVANCED_FACE('',(#13060,#13069,#13072),#13075,.F.);
#13060 = FACE_BOUND('',#13061,.F.);
#13061 = EDGE_LOOP('',(#13062,#13063,#13064,#13065,#13066,#13067,#13068)
  );
#13062 = ORIENTED_EDGE('',*,*,#12800,.T.);
#13063 = ORIENTED_EDGE('',*,*,#12832,.T.);
#13064 = ORIENTED_EDGE('',*,*,#12864,.T.);
#13065 = ORIENTED_EDGE('',*,*,#12896,.T.);
#13066 = ORIENTED_EDGE('',*,*,#12928,.T.);
#13067 = ORIENTED_EDGE('',*,*,#12960,.T.);
#13068 = ORIENTED_EDGE('',*,*,#12983,.T.);
#13069 = FACE_BOUND('',#13070,.F.);
#13070 = EDGE_LOOP('',(#13071));
#13071 = ORIENTED_EDGE('',*,*,#13015,.T.);
#13072 = FACE_BOUND('',#13073,.F.);
#13073 = EDGE_LOOP('',(#13074));
#13074 = ORIENTED_EDGE('',*,*,#13048,.T.);
#13075 = PLANE('',#13076);
#13076 = AXIS2_PLACEMENT_3D('',#13077,#13078,#13079);
#13077 = CARTESIAN_POINT('',(0.,0.,0.));
#13078 = DIRECTION('',(-0.,-0.,-1.));
#13079 = DIRECTION('',(-1.,0.,0.));
#13080 = ADVANCED_FACE('',(#13081,#13090,#13093),#13096,.T.);
#13081 = FACE_BOUND('',#13082,.T.);
#13082 = EDGE_LOOP('',(#13083,#13084,#13085,#13086,#13087,#13088,#13089)
  );
#13083 = ORIENTED_EDGE('',*,*,#12784,.T.);
#13084 = ORIENTED_EDGE('',*,*,#12815,.T.);
#13085 = ORIENTED_EDGE('',*,*,#12848,.T.);
#13086 = ORIENTED_EDGE('',*,*,#12879,.T.);
#13087 = ORIENTED_EDGE('',*,*,#12912,.T.);
#13088 = ORIENTED_EDGE('',*,*,#12943,.T.);
#13089 = ORIENTED_EDGE('',*,*,#12976,.T.);
#13090 = FACE_BOUND('',#13091,.T.);
#13091 = EDGE_LOOP('',(#13092));
#13092 = ORIENTED_EDGE('',*,*,#13007,.T.);
#13093 = FACE_BOUND('',#13094,.T.);
#13094 = EDGE_LOOP('',(#13095));
#13095 = ORIENTED_EDGE('',*,*,#13040,.T.);
#13096 = PLANE('',#13097);
#13097 = AXIS2_PLACEMENT_3D('',#13098,#13099,#13100);
#13098 = CARTESIAN_POINT('',(0.,0.,-3.5E-02));
#13099 = DIRECTION('',(-0.,-0.,-1.));
#13100 = DIRECTION('',(-1.,0.,0.));
#13101 = MANIFOLD_SOLID_BREP('',#13102);
#13102 = CLOSED_SHELL('',(#13103,#13145,#13176,#13209,#13231,#13264,
    #13297,#13315));
#13103 = ADVANCED_FACE('',(#13104),#13140,.T.);
#13104 = FACE_BOUND('',#13105,.F.);
#13105 = EDGE_LOOP('',(#13106,#13116,#13125,#13133));
#13106 = ORIENTED_EDGE('',*,*,#13107,.T.);
#13107 = EDGE_CURVE('',#13108,#13110,#13112,.T.);
#13108 = VERTEX_POINT('',#13109);
#13109 = CARTESIAN_POINT('',(33.89,-23.16,0.));
#13110 = VERTEX_POINT('',#13111);
#13111 = CARTESIAN_POINT('',(33.89,-23.16,-3.5E-02));
#13112 = LINE('',#13113,#13114);
#13113 = CARTESIAN_POINT('',(33.89,-23.16,0.));
#13114 = VECTOR('',#13115,1.);
#13115 = DIRECTION('',(0.,0.,-1.));
#13116 = ORIENTED_EDGE('',*,*,#13117,.T.);
#13117 = EDGE_CURVE('',#13110,#13118,#13120,.T.);
#13118 = VERTEX_POINT('',#13119);
#13119 = CARTESIAN_POINT('',(33.89,-21.16,-3.5E-02));
#13120 = CIRCLE('',#13121,1.);
#13121 = AXIS2_PLACEMENT_3D('',#13122,#13123,#13124);
#13122 = CARTESIAN_POINT('',(33.889999740493,-22.16,-3.5E-02));
#13123 = DIRECTION('',(0.,0.,-1.));
#13124 = DIRECTION('',(2.595065211608E-07,-1.,0.));
#13125 = ORIENTED_EDGE('',*,*,#13126,.F.);
#13126 = EDGE_CURVE('',#13127,#13118,#13129,.T.);
#13127 = VERTEX_POINT('',#13128);
#13128 = CARTESIAN_POINT('',(33.89,-21.16,0.));
#13129 = LINE('',#13130,#13131);
#13130 = CARTESIAN_POINT('',(33.89,-21.16,0.));
#13131 = VECTOR('',#13132,1.);
#13132 = DIRECTION('',(0.,0.,-1.));
#13133 = ORIENTED_EDGE('',*,*,#13134,.F.);
#13134 = EDGE_CURVE('',#13108,#13127,#13135,.T.);
#13135 = CIRCLE('',#13136,1.);
#13136 = AXIS2_PLACEMENT_3D('',#13137,#13138,#13139);
#13137 = CARTESIAN_POINT('',(33.889999740493,-22.16,0.));
#13138 = DIRECTION('',(0.,0.,-1.));
#13139 = DIRECTION('',(2.595065211608E-07,-1.,0.));
#13140 = CYLINDRICAL_SURFACE('',#13141,1.);
#13141 = AXIS2_PLACEMENT_3D('',#13142,#13143,#13144);
#13142 = CARTESIAN_POINT('',(33.889999740493,-22.16,0.));
#13143 = DIRECTION('',(-0.,-0.,1.));
#13144 = DIRECTION('',(2.595065211608E-07,-1.,0.));
#13145 = ADVANCED_FACE('',(#13146),#13171,.F.);
#13146 = FACE_BOUND('',#13147,.F.);
#13147 = EDGE_LOOP('',(#13148,#13149,#13157,#13165));
#13148 = ORIENTED_EDGE('',*,*,#13126,.T.);
#13149 = ORIENTED_EDGE('',*,*,#13150,.T.);
#13150 = EDGE_CURVE('',#13118,#13151,#13153,.T.);
#13151 = VERTEX_POINT('',#13152);
#13152 = CARTESIAN_POINT('',(40.,-21.16,-3.5E-02));
#13153 = LINE('',#13154,#13155);
#13154 = CARTESIAN_POINT('',(33.89,-21.16,-3.5E-02));
#13155 = VECTOR('',#13156,1.);
#13156 = DIRECTION('',(1.,0.,0.));
#13157 = ORIENTED_EDGE('',*,*,#13158,.F.);
#13158 = EDGE_CURVE('',#13159,#13151,#13161,.T.);
#13159 = VERTEX_POINT('',#13160);
#13160 = CARTESIAN_POINT('',(40.,-21.16,0.));
#13161 = LINE('',#13162,#13163);
#13162 = CARTESIAN_POINT('',(40.,-21.16,0.));
#13163 = VECTOR('',#13164,1.);
#13164 = DIRECTION('',(0.,0.,-1.));
#13165 = ORIENTED_EDGE('',*,*,#13166,.F.);
#13166 = EDGE_CURVE('',#13127,#13159,#13167,.T.);
#13167 = LINE('',#13168,#13169);
#13168 = CARTESIAN_POINT('',(33.89,-21.16,0.));
#13169 = VECTOR('',#13170,1.);
#13170 = DIRECTION('',(1.,0.,0.));
#13171 = PLANE('',#13172);
#13172 = AXIS2_PLACEMENT_3D('',#13173,#13174,#13175);
#13173 = CARTESIAN_POINT('',(33.89,-21.16,0.));
#13174 = DIRECTION('',(0.,-1.,0.));
#13175 = DIRECTION('',(1.,0.,0.));
#13176 = ADVANCED_FACE('',(#13177),#13204,.T.);
#13177 = FACE_BOUND('',#13178,.F.);
#13178 = EDGE_LOOP('',(#13179,#13180,#13189,#13197));
#13179 = ORIENTED_EDGE('',*,*,#13158,.T.);
#13180 = ORIENTED_EDGE('',*,*,#13181,.T.);
#13181 = EDGE_CURVE('',#13151,#13182,#13184,.T.);
#13182 = VERTEX_POINT('',#13183);
#13183 = CARTESIAN_POINT('',(40.,-23.16,-3.5E-02));
#13184 = CIRCLE('',#13185,1.);
#13185 = AXIS2_PLACEMENT_3D('',#13186,#13187,#13188);
#13186 = CARTESIAN_POINT('',(40.000000259507,-22.16,-3.5E-02));
#13187 = DIRECTION('',(0.,0.,-1.));
#13188 = DIRECTION('',(-2.595065211608E-07,1.,-0.));
#13189 = ORIENTED_EDGE('',*,*,#13190,.F.);
#13190 = EDGE_CURVE('',#13191,#13182,#13193,.T.);
#13191 = VERTEX_POINT('',#13192);
#13192 = CARTESIAN_POINT('',(40.,-23.16,0.));
#13193 = LINE('',#13194,#13195);
#13194 = CARTESIAN_POINT('',(40.,-23.16,0.));
#13195 = VECTOR('',#13196,1.);
#13196 = DIRECTION('',(0.,0.,-1.));
#13197 = ORIENTED_EDGE('',*,*,#13198,.F.);
#13198 = EDGE_CURVE('',#13159,#13191,#13199,.T.);
#13199 = CIRCLE('',#13200,1.);
#13200 = AXIS2_PLACEMENT_3D('',#13201,#13202,#13203);
#13201 = CARTESIAN_POINT('',(40.000000259507,-22.16,0.));
#13202 = DIRECTION('',(0.,0.,-1.));
#13203 = DIRECTION('',(-2.595065211608E-07,1.,-0.));
#13204 = CYLINDRICAL_SURFACE('',#13205,1.);
#13205 = AXIS2_PLACEMENT_3D('',#13206,#13207,#13208);
#13206 = CARTESIAN_POINT('',(40.000000259507,-22.16,0.));
#13207 = DIRECTION('',(-0.,-0.,1.));
#13208 = DIRECTION('',(-2.595065211608E-07,1.,-0.));
#13209 = ADVANCED_FACE('',(#13210),#13226,.F.);
#13210 = FACE_BOUND('',#13211,.F.);
#13211 = EDGE_LOOP('',(#13212,#13213,#13219,#13220));
#13212 = ORIENTED_EDGE('',*,*,#13190,.T.);
#13213 = ORIENTED_EDGE('',*,*,#13214,.T.);
#13214 = EDGE_CURVE('',#13182,#13110,#13215,.T.);
#13215 = LINE('',#13216,#13217);
#13216 = CARTESIAN_POINT('',(40.,-23.16,-3.5E-02));
#13217 = VECTOR('',#13218,1.);
#13218 = DIRECTION('',(-1.,0.,0.));
#13219 = ORIENTED_EDGE('',*,*,#13107,.F.);
#13220 = ORIENTED_EDGE('',*,*,#13221,.F.);
#13221 = EDGE_CURVE('',#13191,#13108,#13222,.T.);
#13222 = LINE('',#13223,#13224);
#13223 = CARTESIAN_POINT('',(40.,-23.16,0.));
#13224 = VECTOR('',#13225,1.);
#13225 = DIRECTION('',(-1.,0.,0.));
#13226 = PLANE('',#13227);
#13227 = AXIS2_PLACEMENT_3D('',#13228,#13229,#13230);
#13228 = CARTESIAN_POINT('',(40.,-23.16,0.));
#13229 = DIRECTION('',(0.,1.,0.));
#13230 = DIRECTION('',(-1.,0.,0.));
#13231 = ADVANCED_FACE('',(#13232),#13259,.F.);
#13232 = FACE_BOUND('',#13233,.F.);
#13233 = EDGE_LOOP('',(#13234,#13244,#13251,#13252));
#13234 = ORIENTED_EDGE('',*,*,#13235,.T.);
#13235 = EDGE_CURVE('',#13236,#13238,#13240,.T.);
#13236 = VERTEX_POINT('',#13237);
#13237 = CARTESIAN_POINT('',(34.377392,-22.16,0.));
#13238 = VERTEX_POINT('',#13239);
#13239 = CARTESIAN_POINT('',(34.377392,-22.16,-3.5E-02));
#13240 = LINE('',#13241,#13242);
#13241 = CARTESIAN_POINT('',(34.377392,-22.16,0.));
#13242 = VECTOR('',#13243,1.);
#13243 = DIRECTION('',(0.,0.,-1.));
#13244 = ORIENTED_EDGE('',*,*,#13245,.T.);
#13245 = EDGE_CURVE('',#13238,#13238,#13246,.T.);
#13246 = CIRCLE('',#13247,0.487392);
#13247 = AXIS2_PLACEMENT_3D('',#13248,#13249,#13250);
#13248 = CARTESIAN_POINT('',(33.89,-22.16,-3.5E-02));
#13249 = DIRECTION('',(0.,0.,1.));
#13250 = DIRECTION('',(1.,0.,-0.));
#13251 = ORIENTED_EDGE('',*,*,#13235,.F.);
#13252 = ORIENTED_EDGE('',*,*,#13253,.F.);
#13253 = EDGE_CURVE('',#13236,#13236,#13254,.T.);
#13254 = CIRCLE('',#13255,0.487392);
#13255 = AXIS2_PLACEMENT_3D('',#13256,#13257,#13258);
#13256 = CARTESIAN_POINT('',(33.89,-22.16,0.));
#13257 = DIRECTION('',(0.,0.,1.));
#13258 = DIRECTION('',(1.,0.,-0.));
#13259 = CYLINDRICAL_SURFACE('',#13260,0.487392);
#13260 = AXIS2_PLACEMENT_3D('',#13261,#13262,#13263);
#13261 = CARTESIAN_POINT('',(33.89,-22.16,0.));
#13262 = DIRECTION('',(0.,0.,1.));
#13263 = DIRECTION('',(1.,0.,-0.));
#13264 = ADVANCED_FACE('',(#13265),#13292,.F.);
#13265 = FACE_BOUND('',#13266,.F.);
#13266 = EDGE_LOOP('',(#13267,#13277,#13284,#13285));
#13267 = ORIENTED_EDGE('',*,*,#13268,.T.);
#13268 = EDGE_CURVE('',#13269,#13271,#13273,.T.);
#13269 = VERTEX_POINT('',#13270);
#13270 = CARTESIAN_POINT('',(40.487392,-22.16,0.));
#13271 = VERTEX_POINT('',#13272);
#13272 = CARTESIAN_POINT('',(40.487392,-22.16,-3.5E-02));
#13273 = LINE('',#13274,#13275);
#13274 = CARTESIAN_POINT('',(40.487392,-22.16,0.));
#13275 = VECTOR('',#13276,1.);
#13276 = DIRECTION('',(0.,0.,-1.));
#13277 = ORIENTED_EDGE('',*,*,#13278,.T.);
#13278 = EDGE_CURVE('',#13271,#13271,#13279,.T.);
#13279 = CIRCLE('',#13280,0.487392);
#13280 = AXIS2_PLACEMENT_3D('',#13281,#13282,#13283);
#13281 = CARTESIAN_POINT('',(40.,-22.16,-3.5E-02));
#13282 = DIRECTION('',(0.,0.,1.));
#13283 = DIRECTION('',(1.,0.,-0.));
#13284 = ORIENTED_EDGE('',*,*,#13268,.F.);
#13285 = ORIENTED_EDGE('',*,*,#13286,.F.);
#13286 = EDGE_CURVE('',#13269,#13269,#13287,.T.);
#13287 = CIRCLE('',#13288,0.487392);
#13288 = AXIS2_PLACEMENT_3D('',#13289,#13290,#13291);
#13289 = CARTESIAN_POINT('',(40.,-22.16,0.));
#13290 = DIRECTION('',(0.,0.,1.));
#13291 = DIRECTION('',(1.,0.,-0.));
#13292 = CYLINDRICAL_SURFACE('',#13293,0.487392);
#13293 = AXIS2_PLACEMENT_3D('',#13294,#13295,#13296);
#13294 = CARTESIAN_POINT('',(40.,-22.16,0.));
#13295 = DIRECTION('',(0.,0.,1.));
#13296 = DIRECTION('',(1.,0.,-0.));
#13297 = ADVANCED_FACE('',(#13298,#13304,#13307),#13310,.F.);
#13298 = FACE_BOUND('',#13299,.F.);
#13299 = EDGE_LOOP('',(#13300,#13301,#13302,#13303));
#13300 = ORIENTED_EDGE('',*,*,#13134,.T.);
#13301 = ORIENTED_EDGE('',*,*,#13166,.T.);
#13302 = ORIENTED_EDGE('',*,*,#13198,.T.);
#13303 = ORIENTED_EDGE('',*,*,#13221,.T.);
#13304 = FACE_BOUND('',#13305,.F.);
#13305 = EDGE_LOOP('',(#13306));
#13306 = ORIENTED_EDGE('',*,*,#13253,.T.);
#13307 = FACE_BOUND('',#13308,.F.);
#13308 = EDGE_LOOP('',(#13309));
#13309 = ORIENTED_EDGE('',*,*,#13286,.T.);
#13310 = PLANE('',#13311);
#13311 = AXIS2_PLACEMENT_3D('',#13312,#13313,#13314);
#13312 = CARTESIAN_POINT('',(0.,0.,0.));
#13313 = DIRECTION('',(-0.,-0.,-1.));
#13314 = DIRECTION('',(-1.,0.,0.));
#13315 = ADVANCED_FACE('',(#13316,#13322,#13325),#13328,.T.);
#13316 = FACE_BOUND('',#13317,.T.);
#13317 = EDGE_LOOP('',(#13318,#13319,#13320,#13321));
#13318 = ORIENTED_EDGE('',*,*,#13117,.T.);
#13319 = ORIENTED_EDGE('',*,*,#13150,.T.);
#13320 = ORIENTED_EDGE('',*,*,#13181,.T.);
#13321 = ORIENTED_EDGE('',*,*,#13214,.T.);
#13322 = FACE_BOUND('',#13323,.T.);
#13323 = EDGE_LOOP('',(#13324));
#13324 = ORIENTED_EDGE('',*,*,#13245,.T.);
#13325 = FACE_BOUND('',#13326,.T.);
#13326 = EDGE_LOOP('',(#13327));
#13327 = ORIENTED_EDGE('',*,*,#13278,.T.);
#13328 = PLANE('',#13329);
#13329 = AXIS2_PLACEMENT_3D('',#13330,#13331,#13332);
#13330 = CARTESIAN_POINT('',(0.,0.,-3.5E-02));
#13331 = DIRECTION('',(-0.,-0.,-1.));
#13332 = DIRECTION('',(-1.,0.,0.));
#13333 = MANIFOLD_SOLID_BREP('',#13334);
#13334 = CLOSED_SHELL('',(#13335,#13377,#13408,#13441,#13463,#13496,
    #13529,#13547));
#13335 = ADVANCED_FACE('',(#13336),#13372,.T.);
#13336 = FACE_BOUND('',#13337,.F.);
#13337 = EDGE_LOOP('',(#13338,#13348,#13357,#13365));
#13338 = ORIENTED_EDGE('',*,*,#13339,.T.);
#13339 = EDGE_CURVE('',#13340,#13342,#13344,.T.);
#13340 = VERTEX_POINT('',#13341);
#13341 = CARTESIAN_POINT('',(33.89,-20.62,0.));
#13342 = VERTEX_POINT('',#13343);
#13343 = CARTESIAN_POINT('',(33.89,-20.62,-3.5E-02));
#13344 = LINE('',#13345,#13346);
#13345 = CARTESIAN_POINT('',(33.89,-20.62,0.));
#13346 = VECTOR('',#13347,1.);
#13347 = DIRECTION('',(0.,0.,-1.));
#13348 = ORIENTED_EDGE('',*,*,#13349,.T.);
#13349 = EDGE_CURVE('',#13342,#13350,#13352,.T.);
#13350 = VERTEX_POINT('',#13351);
#13351 = CARTESIAN_POINT('',(33.89,-18.62,-3.5E-02));
#13352 = CIRCLE('',#13353,1.);
#13353 = AXIS2_PLACEMENT_3D('',#13354,#13355,#13356);
#13354 = CARTESIAN_POINT('',(33.889999740493,-19.62,-3.5E-02));
#13355 = DIRECTION('',(0.,0.,-1.));
#13356 = DIRECTION('',(2.595065211608E-07,-1.,0.));
#13357 = ORIENTED_EDGE('',*,*,#13358,.F.);
#13358 = EDGE_CURVE('',#13359,#13350,#13361,.T.);
#13359 = VERTEX_POINT('',#13360);
#13360 = CARTESIAN_POINT('',(33.89,-18.62,0.));
#13361 = LINE('',#13362,#13363);
#13362 = CARTESIAN_POINT('',(33.89,-18.62,0.));
#13363 = VECTOR('',#13364,1.);
#13364 = DIRECTION('',(0.,0.,-1.));
#13365 = ORIENTED_EDGE('',*,*,#13366,.F.);
#13366 = EDGE_CURVE('',#13340,#13359,#13367,.T.);
#13367 = CIRCLE('',#13368,1.);
#13368 = AXIS2_PLACEMENT_3D('',#13369,#13370,#13371);
#13369 = CARTESIAN_POINT('',(33.889999740493,-19.62,0.));
#13370 = DIRECTION('',(0.,0.,-1.));
#13371 = DIRECTION('',(2.595065211608E-07,-1.,0.));
#13372 = CYLINDRICAL_SURFACE('',#13373,1.);
#13373 = AXIS2_PLACEMENT_3D('',#13374,#13375,#13376);
#13374 = CARTESIAN_POINT('',(33.889999740493,-19.62,0.));
#13375 = DIRECTION('',(-0.,-0.,1.));
#13376 = DIRECTION('',(2.595065211608E-07,-1.,0.));
#13377 = ADVANCED_FACE('',(#13378),#13403,.F.);
#13378 = FACE_BOUND('',#13379,.F.);
#13379 = EDGE_LOOP('',(#13380,#13381,#13389,#13397));
#13380 = ORIENTED_EDGE('',*,*,#13358,.T.);
#13381 = ORIENTED_EDGE('',*,*,#13382,.T.);
#13382 = EDGE_CURVE('',#13350,#13383,#13385,.T.);
#13383 = VERTEX_POINT('',#13384);
#13384 = CARTESIAN_POINT('',(40.,-18.62,-3.5E-02));
#13385 = LINE('',#13386,#13387);
#13386 = CARTESIAN_POINT('',(33.89,-18.62,-3.5E-02));
#13387 = VECTOR('',#13388,1.);
#13388 = DIRECTION('',(1.,0.,0.));
#13389 = ORIENTED_EDGE('',*,*,#13390,.F.);
#13390 = EDGE_CURVE('',#13391,#13383,#13393,.T.);
#13391 = VERTEX_POINT('',#13392);
#13392 = CARTESIAN_POINT('',(40.,-18.62,0.));
#13393 = LINE('',#13394,#13395);
#13394 = CARTESIAN_POINT('',(40.,-18.62,0.));
#13395 = VECTOR('',#13396,1.);
#13396 = DIRECTION('',(0.,0.,-1.));
#13397 = ORIENTED_EDGE('',*,*,#13398,.F.);
#13398 = EDGE_CURVE('',#13359,#13391,#13399,.T.);
#13399 = LINE('',#13400,#13401);
#13400 = CARTESIAN_POINT('',(33.89,-18.62,0.));
#13401 = VECTOR('',#13402,1.);
#13402 = DIRECTION('',(1.,0.,0.));
#13403 = PLANE('',#13404);
#13404 = AXIS2_PLACEMENT_3D('',#13405,#13406,#13407);
#13405 = CARTESIAN_POINT('',(33.89,-18.62,0.));
#13406 = DIRECTION('',(0.,-1.,0.));
#13407 = DIRECTION('',(1.,0.,0.));
#13408 = ADVANCED_FACE('',(#13409),#13436,.T.);
#13409 = FACE_BOUND('',#13410,.F.);
#13410 = EDGE_LOOP('',(#13411,#13412,#13421,#13429));
#13411 = ORIENTED_EDGE('',*,*,#13390,.T.);
#13412 = ORIENTED_EDGE('',*,*,#13413,.T.);
#13413 = EDGE_CURVE('',#13383,#13414,#13416,.T.);
#13414 = VERTEX_POINT('',#13415);
#13415 = CARTESIAN_POINT('',(40.,-20.62,-3.5E-02));
#13416 = CIRCLE('',#13417,1.);
#13417 = AXIS2_PLACEMENT_3D('',#13418,#13419,#13420);
#13418 = CARTESIAN_POINT('',(40.000000259507,-19.62,-3.5E-02));
#13419 = DIRECTION('',(0.,0.,-1.));
#13420 = DIRECTION('',(-2.595065211608E-07,1.,-0.));
#13421 = ORIENTED_EDGE('',*,*,#13422,.F.);
#13422 = EDGE_CURVE('',#13423,#13414,#13425,.T.);
#13423 = VERTEX_POINT('',#13424);
#13424 = CARTESIAN_POINT('',(40.,-20.62,0.));
#13425 = LINE('',#13426,#13427);
#13426 = CARTESIAN_POINT('',(40.,-20.62,0.));
#13427 = VECTOR('',#13428,1.);
#13428 = DIRECTION('',(0.,0.,-1.));
#13429 = ORIENTED_EDGE('',*,*,#13430,.F.);
#13430 = EDGE_CURVE('',#13391,#13423,#13431,.T.);
#13431 = CIRCLE('',#13432,1.);
#13432 = AXIS2_PLACEMENT_3D('',#13433,#13434,#13435);
#13433 = CARTESIAN_POINT('',(40.000000259507,-19.62,0.));
#13434 = DIRECTION('',(0.,0.,-1.));
#13435 = DIRECTION('',(-2.595065211608E-07,1.,-0.));
#13436 = CYLINDRICAL_SURFACE('',#13437,1.);
#13437 = AXIS2_PLACEMENT_3D('',#13438,#13439,#13440);
#13438 = CARTESIAN_POINT('',(40.000000259507,-19.62,0.));
#13439 = DIRECTION('',(-0.,-0.,1.));
#13440 = DIRECTION('',(-2.595065211608E-07,1.,-0.));
#13441 = ADVANCED_FACE('',(#13442),#13458,.F.);
#13442 = FACE_BOUND('',#13443,.F.);
#13443 = EDGE_LOOP('',(#13444,#13445,#13451,#13452));
#13444 = ORIENTED_EDGE('',*,*,#13422,.T.);
#13445 = ORIENTED_EDGE('',*,*,#13446,.T.);
#13446 = EDGE_CURVE('',#13414,#13342,#13447,.T.);
#13447 = LINE('',#13448,#13449);
#13448 = CARTESIAN_POINT('',(40.,-20.62,-3.5E-02));
#13449 = VECTOR('',#13450,1.);
#13450 = DIRECTION('',(-1.,0.,0.));
#13451 = ORIENTED_EDGE('',*,*,#13339,.F.);
#13452 = ORIENTED_EDGE('',*,*,#13453,.F.);
#13453 = EDGE_CURVE('',#13423,#13340,#13454,.T.);
#13454 = LINE('',#13455,#13456);
#13455 = CARTESIAN_POINT('',(40.,-20.62,0.));
#13456 = VECTOR('',#13457,1.);
#13457 = DIRECTION('',(-1.,0.,0.));
#13458 = PLANE('',#13459);
#13459 = AXIS2_PLACEMENT_3D('',#13460,#13461,#13462);
#13460 = CARTESIAN_POINT('',(40.,-20.62,0.));
#13461 = DIRECTION('',(0.,1.,0.));
#13462 = DIRECTION('',(-1.,0.,0.));
#13463 = ADVANCED_FACE('',(#13464),#13491,.F.);
#13464 = FACE_BOUND('',#13465,.F.);
#13465 = EDGE_LOOP('',(#13466,#13476,#13483,#13484));
#13466 = ORIENTED_EDGE('',*,*,#13467,.T.);
#13467 = EDGE_CURVE('',#13468,#13470,#13472,.T.);
#13468 = VERTEX_POINT('',#13469);
#13469 = CARTESIAN_POINT('',(34.377392,-19.62,0.));
#13470 = VERTEX_POINT('',#13471);
#13471 = CARTESIAN_POINT('',(34.377392,-19.62,-3.5E-02));
#13472 = LINE('',#13473,#13474);
#13473 = CARTESIAN_POINT('',(34.377392,-19.62,0.));
#13474 = VECTOR('',#13475,1.);
#13475 = DIRECTION('',(0.,0.,-1.));
#13476 = ORIENTED_EDGE('',*,*,#13477,.T.);
#13477 = EDGE_CURVE('',#13470,#13470,#13478,.T.);
#13478 = CIRCLE('',#13479,0.487392);
#13479 = AXIS2_PLACEMENT_3D('',#13480,#13481,#13482);
#13480 = CARTESIAN_POINT('',(33.89,-19.62,-3.5E-02));
#13481 = DIRECTION('',(0.,0.,1.));
#13482 = DIRECTION('',(1.,0.,-0.));
#13483 = ORIENTED_EDGE('',*,*,#13467,.F.);
#13484 = ORIENTED_EDGE('',*,*,#13485,.F.);
#13485 = EDGE_CURVE('',#13468,#13468,#13486,.T.);
#13486 = CIRCLE('',#13487,0.487392);
#13487 = AXIS2_PLACEMENT_3D('',#13488,#13489,#13490);
#13488 = CARTESIAN_POINT('',(33.89,-19.62,0.));
#13489 = DIRECTION('',(0.,0.,1.));
#13490 = DIRECTION('',(1.,0.,-0.));
#13491 = CYLINDRICAL_SURFACE('',#13492,0.487392);
#13492 = AXIS2_PLACEMENT_3D('',#13493,#13494,#13495);
#13493 = CARTESIAN_POINT('',(33.89,-19.62,0.));
#13494 = DIRECTION('',(0.,0.,1.));
#13495 = DIRECTION('',(1.,0.,-0.));
#13496 = ADVANCED_FACE('',(#13497),#13524,.F.);
#13497 = FACE_BOUND('',#13498,.F.);
#13498 = EDGE_LOOP('',(#13499,#13509,#13516,#13517));
#13499 = ORIENTED_EDGE('',*,*,#13500,.T.);
#13500 = EDGE_CURVE('',#13501,#13503,#13505,.T.);
#13501 = VERTEX_POINT('',#13502);
#13502 = CARTESIAN_POINT('',(40.487392,-19.62,0.));
#13503 = VERTEX_POINT('',#13504);
#13504 = CARTESIAN_POINT('',(40.487392,-19.62,-3.5E-02));
#13505 = LINE('',#13506,#13507);
#13506 = CARTESIAN_POINT('',(40.487392,-19.62,0.));
#13507 = VECTOR('',#13508,1.);
#13508 = DIRECTION('',(0.,0.,-1.));
#13509 = ORIENTED_EDGE('',*,*,#13510,.T.);
#13510 = EDGE_CURVE('',#13503,#13503,#13511,.T.);
#13511 = CIRCLE('',#13512,0.487392);
#13512 = AXIS2_PLACEMENT_3D('',#13513,#13514,#13515);
#13513 = CARTESIAN_POINT('',(40.,-19.62,-3.5E-02));
#13514 = DIRECTION('',(0.,0.,1.));
#13515 = DIRECTION('',(1.,0.,-0.));
#13516 = ORIENTED_EDGE('',*,*,#13500,.F.);
#13517 = ORIENTED_EDGE('',*,*,#13518,.F.);
#13518 = EDGE_CURVE('',#13501,#13501,#13519,.T.);
#13519 = CIRCLE('',#13520,0.487392);
#13520 = AXIS2_PLACEMENT_3D('',#13521,#13522,#13523);
#13521 = CARTESIAN_POINT('',(40.,-19.62,0.));
#13522 = DIRECTION('',(0.,0.,1.));
#13523 = DIRECTION('',(1.,0.,-0.));
#13524 = CYLINDRICAL_SURFACE('',#13525,0.487392);
#13525 = AXIS2_PLACEMENT_3D('',#13526,#13527,#13528);
#13526 = CARTESIAN_POINT('',(40.,-19.62,0.));
#13527 = DIRECTION('',(0.,0.,1.));
#13528 = DIRECTION('',(1.,0.,-0.));
#13529 = ADVANCED_FACE('',(#13530,#13536,#13539),#13542,.F.);
#13530 = FACE_BOUND('',#13531,.F.);
#13531 = EDGE_LOOP('',(#13532,#13533,#13534,#13535));
#13532 = ORIENTED_EDGE('',*,*,#13366,.T.);
#13533 = ORIENTED_EDGE('',*,*,#13398,.T.);
#13534 = ORIENTED_EDGE('',*,*,#13430,.T.);
#13535 = ORIENTED_EDGE('',*,*,#13453,.T.);
#13536 = FACE_BOUND('',#13537,.F.);
#13537 = EDGE_LOOP('',(#13538));
#13538 = ORIENTED_EDGE('',*,*,#13485,.T.);
#13539 = FACE_BOUND('',#13540,.F.);
#13540 = EDGE_LOOP('',(#13541));
#13541 = ORIENTED_EDGE('',*,*,#13518,.T.);
#13542 = PLANE('',#13543);
#13543 = AXIS2_PLACEMENT_3D('',#13544,#13545,#13546);
#13544 = CARTESIAN_POINT('',(0.,0.,0.));
#13545 = DIRECTION('',(-0.,-0.,-1.));
#13546 = DIRECTION('',(-1.,0.,0.));
#13547 = ADVANCED_FACE('',(#13548,#13554,#13557),#13560,.T.);
#13548 = FACE_BOUND('',#13549,.T.);
#13549 = EDGE_LOOP('',(#13550,#13551,#13552,#13553));
#13550 = ORIENTED_EDGE('',*,*,#13349,.T.);
#13551 = ORIENTED_EDGE('',*,*,#13382,.T.);
#13552 = ORIENTED_EDGE('',*,*,#13413,.T.);
#13553 = ORIENTED_EDGE('',*,*,#13446,.T.);
#13554 = FACE_BOUND('',#13555,.T.);
#13555 = EDGE_LOOP('',(#13556));
#13556 = ORIENTED_EDGE('',*,*,#13477,.T.);
#13557 = FACE_BOUND('',#13558,.T.);
#13558 = EDGE_LOOP('',(#13559));
#13559 = ORIENTED_EDGE('',*,*,#13510,.T.);
#13560 = PLANE('',#13561);
#13561 = AXIS2_PLACEMENT_3D('',#13562,#13563,#13564);
#13562 = CARTESIAN_POINT('',(0.,0.,-3.5E-02));
#13563 = DIRECTION('',(-0.,-0.,-1.));
#13564 = DIRECTION('',(-1.,0.,0.));
#13565 = MANIFOLD_SOLID_BREP('',#13566);
#13566 = CLOSED_SHELL('',(#13567,#13609,#13640,#13673,#13704,#13735,
    #13766,#13799,#13830,#13863,#13894,#13927,#13958,#13989,#14020,
    #14053,#14075,#14108,#14141,#14171));
#13567 = ADVANCED_FACE('',(#13568),#13604,.T.);
#13568 = FACE_BOUND('',#13569,.F.);
#13569 = EDGE_LOOP('',(#13570,#13580,#13589,#13597));
#13570 = ORIENTED_EDGE('',*,*,#13571,.T.);
#13571 = EDGE_CURVE('',#13572,#13574,#13576,.T.);
#13572 = VERTEX_POINT('',#13573);
#13573 = CARTESIAN_POINT('',(14.012893,-29.072893,0.));
#13574 = VERTEX_POINT('',#13575);
#13575 = CARTESIAN_POINT('',(14.012893,-29.072893,-3.5E-02));
#13576 = LINE('',#13577,#13578);
#13577 = CARTESIAN_POINT('',(14.012893,-29.072893,0.));
#13578 = VECTOR('',#13579,1.);
#13579 = DIRECTION('',(0.,0.,-1.));
#13580 = ORIENTED_EDGE('',*,*,#13581,.T.);
#13581 = EDGE_CURVE('',#13574,#13582,#13584,.T.);
#13582 = VERTEX_POINT('',#13583);
#13583 = CARTESIAN_POINT('',(14.72,-28.78,-3.5E-02));
#13584 = CIRCLE('',#13585,1.000004086185);
#13585 = AXIS2_PLACEMENT_3D('',#13586,#13587,#13588);
#13586 = CARTESIAN_POINT('',(14.720001254924,-29.78000408618,-3.5E-02));
#13587 = DIRECTION('',(0.,0.,-1.));
#13588 = DIRECTION('',(-0.707105365561,0.707108196809,0.));
#13589 = ORIENTED_EDGE('',*,*,#13590,.F.);
#13590 = EDGE_CURVE('',#13591,#13582,#13593,.T.);
#13591 = VERTEX_POINT('',#13592);
#13592 = CARTESIAN_POINT('',(14.72,-28.78,0.));
#13593 = LINE('',#13594,#13595);
#13594 = CARTESIAN_POINT('',(14.72,-28.78,0.));
#13595 = VECTOR('',#13596,1.);
#13596 = DIRECTION('',(0.,0.,-1.));
#13597 = ORIENTED_EDGE('',*,*,#13598,.F.);
#13598 = EDGE_CURVE('',#13572,#13591,#13599,.T.);
#13599 = CIRCLE('',#13600,1.000004086185);
#13600 = AXIS2_PLACEMENT_3D('',#13601,#13602,#13603);
#13601 = CARTESIAN_POINT('',(14.720001254924,-29.78000408618,0.));
#13602 = DIRECTION('',(0.,0.,-1.));
#13603 = DIRECTION('',(-0.707105365561,0.707108196809,0.));
#13604 = CYLINDRICAL_SURFACE('',#13605,1.000004086185);
#13605 = AXIS2_PLACEMENT_3D('',#13606,#13607,#13608);
#13606 = CARTESIAN_POINT('',(14.720001254924,-29.78000408618,0.));
#13607 = DIRECTION('',(-0.,-0.,1.));
#13608 = DIRECTION('',(-0.707105365561,0.707108196809,0.));
#13609 = ADVANCED_FACE('',(#13610),#13635,.F.);
#13610 = FACE_BOUND('',#13611,.F.);
#13611 = EDGE_LOOP('',(#13612,#13613,#13621,#13629));
#13612 = ORIENTED_EDGE('',*,*,#13590,.T.);
#13613 = ORIENTED_EDGE('',*,*,#13614,.T.);
#13614 = EDGE_CURVE('',#13582,#13615,#13617,.T.);
#13615 = VERTEX_POINT('',#13616);
#13616 = CARTESIAN_POINT('',(16.11,-28.78,-3.5E-02));
#13617 = LINE('',#13618,#13619);
#13618 = CARTESIAN_POINT('',(14.72,-28.78,-3.5E-02));
#13619 = VECTOR('',#13620,1.);
#13620 = DIRECTION('',(1.,0.,0.));
#13621 = ORIENTED_EDGE('',*,*,#13622,.F.);
#13622 = EDGE_CURVE('',#13623,#13615,#13625,.T.);
#13623 = VERTEX_POINT('',#13624);
#13624 = CARTESIAN_POINT('',(16.11,-28.78,0.));
#13625 = LINE('',#13626,#13627);
#13626 = CARTESIAN_POINT('',(16.11,-28.78,0.));
#13627 = VECTOR('',#13628,1.);
#13628 = DIRECTION('',(0.,0.,-1.));
#13629 = ORIENTED_EDGE('',*,*,#13630,.F.);
#13630 = EDGE_CURVE('',#13591,#13623,#13631,.T.);
#13631 = LINE('',#13632,#13633);
#13632 = CARTESIAN_POINT('',(14.72,-28.78,0.));
#13633 = VECTOR('',#13634,1.);
#13634 = DIRECTION('',(1.,0.,0.));
#13635 = PLANE('',#13636);
#13636 = AXIS2_PLACEMENT_3D('',#13637,#13638,#13639);
#13637 = CARTESIAN_POINT('',(14.72,-28.78,0.));
#13638 = DIRECTION('',(0.,-1.,0.));
#13639 = DIRECTION('',(1.,0.,0.));
#13640 = ADVANCED_FACE('',(#13641),#13668,.T.);
#13641 = FACE_BOUND('',#13642,.F.);
#13642 = EDGE_LOOP('',(#13643,#13644,#13653,#13661));
#13643 = ORIENTED_EDGE('',*,*,#13622,.T.);
#13644 = ORIENTED_EDGE('',*,*,#13645,.T.);
#13645 = EDGE_CURVE('',#13615,#13646,#13648,.T.);
#13646 = VERTEX_POINT('',#13647);
#13647 = CARTESIAN_POINT('',(16.11,-30.78,-3.5E-02));
#13648 = CIRCLE('',#13649,1.);
#13649 = AXIS2_PLACEMENT_3D('',#13650,#13651,#13652);
#13650 = CARTESIAN_POINT('',(16.110000259507,-29.78,-3.5E-02));
#13651 = DIRECTION('',(0.,0.,-1.));
#13652 = DIRECTION('',(-2.595065247135E-07,1.,-0.));
#13653 = ORIENTED_EDGE('',*,*,#13654,.F.);
#13654 = EDGE_CURVE('',#13655,#13646,#13657,.T.);
#13655 = VERTEX_POINT('',#13656);
#13656 = CARTESIAN_POINT('',(16.11,-30.78,0.));
#13657 = LINE('',#13658,#13659);
#13658 = CARTESIAN_POINT('',(16.11,-30.78,0.));
#13659 = VECTOR('',#13660,1.);
#13660 = DIRECTION('',(0.,0.,-1.));
#13661 = ORIENTED_EDGE('',*,*,#13662,.F.);
#13662 = EDGE_CURVE('',#13623,#13655,#13663,.T.);
#13663 = CIRCLE('',#13664,1.);
#13664 = AXIS2_PLACEMENT_3D('',#13665,#13666,#13667);
#13665 = CARTESIAN_POINT('',(16.110000259507,-29.78,0.));
#13666 = DIRECTION('',(0.,0.,-1.));
#13667 = DIRECTION('',(-2.595065247135E-07,1.,-0.));
#13668 = CYLINDRICAL_SURFACE('',#13669,1.);
#13669 = AXIS2_PLACEMENT_3D('',#13670,#13671,#13672);
#13670 = CARTESIAN_POINT('',(16.110000259507,-29.78,0.));
#13671 = DIRECTION('',(-0.,-0.,1.));
#13672 = DIRECTION('',(-2.595065247135E-07,1.,-0.));
#13673 = ADVANCED_FACE('',(#13674),#13699,.F.);
#13674 = FACE_BOUND('',#13675,.F.);
#13675 = EDGE_LOOP('',(#13676,#13677,#13685,#13693));
#13676 = ORIENTED_EDGE('',*,*,#13654,.T.);
#13677 = ORIENTED_EDGE('',*,*,#13678,.T.);
#13678 = EDGE_CURVE('',#13646,#13679,#13681,.T.);
#13679 = VERTEX_POINT('',#13680);
#13680 = CARTESIAN_POINT('',(15.134214,-30.78,-3.5E-02));
#13681 = LINE('',#13682,#13683);
#13682 = CARTESIAN_POINT('',(16.11,-30.78,-3.5E-02));
#13683 = VECTOR('',#13684,1.);
#13684 = DIRECTION('',(-1.,0.,0.));
#13685 = ORIENTED_EDGE('',*,*,#13686,.F.);
#13686 = EDGE_CURVE('',#13687,#13679,#13689,.T.);
#13687 = VERTEX_POINT('',#13688);
#13688 = CARTESIAN_POINT('',(15.134214,-30.78,0.));
#13689 = LINE('',#13690,#13691);
#13690 = CARTESIAN_POINT('',(15.134214,-30.78,0.));
#13691 = VECTOR('',#13692,1.);
#13692 = DIRECTION('',(0.,0.,-1.));
#13693 = ORIENTED_EDGE('',*,*,#13694,.F.);
#13694 = EDGE_CURVE('',#13655,#13687,#13695,.T.);
#13695 = LINE('',#13696,#13697);
#13696 = CARTESIAN_POINT('',(16.11,-30.78,0.));
#13697 = VECTOR('',#13698,1.);
#13698 = DIRECTION('',(-1.,0.,0.));
#13699 = PLANE('',#13700);
#13700 = AXIS2_PLACEMENT_3D('',#13701,#13702,#13703);
#13701 = CARTESIAN_POINT('',(16.11,-30.78,0.));
#13702 = DIRECTION('',(0.,1.,0.));
#13703 = DIRECTION('',(-1.,0.,0.));
#13704 = ADVANCED_FACE('',(#13705),#13730,.F.);
#13705 = FACE_BOUND('',#13706,.F.);
#13706 = EDGE_LOOP('',(#13707,#13708,#13716,#13724));
#13707 = ORIENTED_EDGE('',*,*,#13686,.T.);
#13708 = ORIENTED_EDGE('',*,*,#13709,.T.);
#13709 = EDGE_CURVE('',#13679,#13710,#13712,.T.);
#13710 = VERTEX_POINT('',#13711);
#13711 = CARTESIAN_POINT('',(14.,-31.914214,-3.5E-02));
#13712 = LINE('',#13713,#13714);
#13713 = CARTESIAN_POINT('',(15.134214,-30.78,-3.5E-02));
#13714 = VECTOR('',#13715,1.);
#13715 = DIRECTION('',(-0.707106781187,-0.707106781187,0.));
#13716 = ORIENTED_EDGE('',*,*,#13717,.F.);
#13717 = EDGE_CURVE('',#13718,#13710,#13720,.T.);
#13718 = VERTEX_POINT('',#13719);
#13719 = CARTESIAN_POINT('',(14.,-31.914214,0.));
#13720 = LINE('',#13721,#13722);
#13721 = CARTESIAN_POINT('',(14.,-31.914214,0.));
#13722 = VECTOR('',#13723,1.);
#13723 = DIRECTION('',(0.,0.,-1.));
#13724 = ORIENTED_EDGE('',*,*,#13725,.F.);
#13725 = EDGE_CURVE('',#13687,#13718,#13726,.T.);
#13726 = LINE('',#13727,#13728);
#13727 = CARTESIAN_POINT('',(15.134214,-30.78,0.));
#13728 = VECTOR('',#13729,1.);
#13729 = DIRECTION('',(-0.707106781187,-0.707106781187,0.));
#13730 = PLANE('',#13731);
#13731 = AXIS2_PLACEMENT_3D('',#13732,#13733,#13734);
#13732 = CARTESIAN_POINT('',(15.134214,-30.78,0.));
#13733 = DIRECTION('',(-0.707106781187,0.707106781187,0.));
#13734 = DIRECTION('',(-0.707106781187,-0.707106781187,0.));
#13735 = ADVANCED_FACE('',(#13736),#13761,.F.);
#13736 = FACE_BOUND('',#13737,.F.);
#13737 = EDGE_LOOP('',(#13738,#13739,#13747,#13755));
#13738 = ORIENTED_EDGE('',*,*,#13717,.T.);
#13739 = ORIENTED_EDGE('',*,*,#13740,.T.);
#13740 = EDGE_CURVE('',#13710,#13741,#13743,.T.);
#13741 = VERTEX_POINT('',#13742);
#13742 = CARTESIAN_POINT('',(14.,-33.,-3.5E-02));
#13743 = LINE('',#13744,#13745);
#13744 = CARTESIAN_POINT('',(14.,-31.914214,-3.5E-02));
#13745 = VECTOR('',#13746,1.);
#13746 = DIRECTION('',(0.,-1.,0.));
#13747 = ORIENTED_EDGE('',*,*,#13748,.F.);
#13748 = EDGE_CURVE('',#13749,#13741,#13751,.T.);
#13749 = VERTEX_POINT('',#13750);
#13750 = CARTESIAN_POINT('',(14.,-33.,0.));
#13751 = LINE('',#13752,#13753);
#13752 = CARTESIAN_POINT('',(14.,-33.,0.));
#13753 = VECTOR('',#13754,1.);
#13754 = DIRECTION('',(0.,0.,-1.));
#13755 = ORIENTED_EDGE('',*,*,#13756,.F.);
#13756 = EDGE_CURVE('',#13718,#13749,#13757,.T.);
#13757 = LINE('',#13758,#13759);
#13758 = CARTESIAN_POINT('',(14.,-31.914214,0.));
#13759 = VECTOR('',#13760,1.);
#13760 = DIRECTION('',(0.,-1.,0.));
#13761 = PLANE('',#13762);
#13762 = AXIS2_PLACEMENT_3D('',#13763,#13764,#13765);
#13763 = CARTESIAN_POINT('',(14.,-31.914214,0.));
#13764 = DIRECTION('',(-1.,-0.,-0.));
#13765 = DIRECTION('',(0.,-1.,0.));
#13766 = ADVANCED_FACE('',(#13767),#13794,.T.);
#13767 = FACE_BOUND('',#13768,.F.);
#13768 = EDGE_LOOP('',(#13769,#13770,#13779,#13787));
#13769 = ORIENTED_EDGE('',*,*,#13748,.T.);
#13770 = ORIENTED_EDGE('',*,*,#13771,.T.);
#13771 = EDGE_CURVE('',#13741,#13772,#13774,.T.);
#13772 = VERTEX_POINT('',#13773);
#13773 = CARTESIAN_POINT('',(13.707107,-33.707107,-3.5E-02));
#13774 = CIRCLE('',#13775,1.000004594775);
#13775 = AXIS2_PLACEMENT_3D('',#13776,#13777,#13778);
#13776 = CARTESIAN_POINT('',(12.999995405226,-32.99999853441,-3.5E-02));
#13777 = DIRECTION('',(0.,0.,-1.));
#13778 = DIRECTION('',(0.999999999999,-1.465582167774E-06,0.));
#13779 = ORIENTED_EDGE('',*,*,#13780,.F.);
#13780 = EDGE_CURVE('',#13781,#13772,#13783,.T.);
#13781 = VERTEX_POINT('',#13782);
#13782 = CARTESIAN_POINT('',(13.707107,-33.707107,0.));
#13783 = LINE('',#13784,#13785);
#13784 = CARTESIAN_POINT('',(13.707107,-33.707107,0.));
#13785 = VECTOR('',#13786,1.);
#13786 = DIRECTION('',(0.,0.,-1.));
#13787 = ORIENTED_EDGE('',*,*,#13788,.F.);
#13788 = EDGE_CURVE('',#13749,#13781,#13789,.T.);
#13789 = CIRCLE('',#13790,1.000004594775);
#13790 = AXIS2_PLACEMENT_3D('',#13791,#13792,#13793);
#13791 = CARTESIAN_POINT('',(12.999995405226,-32.99999853441,0.));
#13792 = DIRECTION('',(0.,0.,-1.));
#13793 = DIRECTION('',(0.999999999999,-1.465582167774E-06,0.));
#13794 = CYLINDRICAL_SURFACE('',#13795,1.000004594775);
#13795 = AXIS2_PLACEMENT_3D('',#13796,#13797,#13798);
#13796 = CARTESIAN_POINT('',(12.999995405226,-32.99999853441,0.));
#13797 = DIRECTION('',(-0.,-0.,1.));
#13798 = DIRECTION('',(0.999999999999,-1.465582167774E-06,0.));
#13799 = ADVANCED_FACE('',(#13800),#13825,.F.);
#13800 = FACE_BOUND('',#13801,.F.);
#13801 = EDGE_LOOP('',(#13802,#13803,#13811,#13819));
#13802 = ORIENTED_EDGE('',*,*,#13780,.T.);
#13803 = ORIENTED_EDGE('',*,*,#13804,.T.);
#13804 = EDGE_CURVE('',#13772,#13805,#13807,.T.);
#13805 = VERTEX_POINT('',#13806);
#13806 = CARTESIAN_POINT('',(12.507107,-34.907107,-3.5E-02));
#13807 = LINE('',#13808,#13809);
#13808 = CARTESIAN_POINT('',(13.707107,-33.707107,-3.5E-02));
#13809 = VECTOR('',#13810,1.);
#13810 = DIRECTION('',(-0.707106781187,-0.707106781187,0.));
#13811 = ORIENTED_EDGE('',*,*,#13812,.F.);
#13812 = EDGE_CURVE('',#13813,#13805,#13815,.T.);
#13813 = VERTEX_POINT('',#13814);
#13814 = CARTESIAN_POINT('',(12.507107,-34.907107,0.));
#13815 = LINE('',#13816,#13817);
#13816 = CARTESIAN_POINT('',(12.507107,-34.907107,0.));
#13817 = VECTOR('',#13818,1.);
#13818 = DIRECTION('',(0.,0.,-1.));
#13819 = ORIENTED_EDGE('',*,*,#13820,.F.);
#13820 = EDGE_CURVE('',#13781,#13813,#13821,.T.);
#13821 = LINE('',#13822,#13823);
#13822 = CARTESIAN_POINT('',(13.707107,-33.707107,0.));
#13823 = VECTOR('',#13824,1.);
#13824 = DIRECTION('',(-0.707106781187,-0.707106781187,0.));
#13825 = PLANE('',#13826);
#13826 = AXIS2_PLACEMENT_3D('',#13827,#13828,#13829);
#13827 = CARTESIAN_POINT('',(13.707107,-33.707107,0.));
#13828 = DIRECTION('',(-0.707106781187,0.707106781187,0.));
#13829 = DIRECTION('',(-0.707106781187,-0.707106781187,0.));
#13830 = ADVANCED_FACE('',(#13831),#13858,.T.);
#13831 = FACE_BOUND('',#13832,.F.);
#13832 = EDGE_LOOP('',(#13833,#13834,#13843,#13851));
#13833 = ORIENTED_EDGE('',*,*,#13812,.T.);
#13834 = ORIENTED_EDGE('',*,*,#13835,.T.);
#13835 = EDGE_CURVE('',#13805,#13836,#13838,.T.);
#13836 = VERTEX_POINT('',#13837);
#13837 = CARTESIAN_POINT('',(11.8,-35.2,-3.5E-02));
#13838 = CIRCLE('',#13839,1.000004086185);
#13839 = AXIS2_PLACEMENT_3D('',#13840,#13841,#13842);
#13840 = CARTESIAN_POINT('',(11.799998745076,-34.19999591381,-3.5E-02));
#13841 = DIRECTION('',(0.,0.,-1.));
#13842 = DIRECTION('',(0.707105365561,-0.707108196809,0.));
#13843 = ORIENTED_EDGE('',*,*,#13844,.F.);
#13844 = EDGE_CURVE('',#13845,#13836,#13847,.T.);
#13845 = VERTEX_POINT('',#13846);
#13846 = CARTESIAN_POINT('',(11.8,-35.2,0.));
#13847 = LINE('',#13848,#13849);
#13848 = CARTESIAN_POINT('',(11.8,-35.2,0.));
#13849 = VECTOR('',#13850,1.);
#13850 = DIRECTION('',(0.,0.,-1.));
#13851 = ORIENTED_EDGE('',*,*,#13852,.F.);
#13852 = EDGE_CURVE('',#13813,#13845,#13853,.T.);
#13853 = CIRCLE('',#13854,1.000004086185);
#13854 = AXIS2_PLACEMENT_3D('',#13855,#13856,#13857);
#13855 = CARTESIAN_POINT('',(11.799998745076,-34.19999591381,0.));
#13856 = DIRECTION('',(0.,0.,-1.));
#13857 = DIRECTION('',(0.707105365561,-0.707108196809,0.));
#13858 = CYLINDRICAL_SURFACE('',#13859,1.000004086185);
#13859 = AXIS2_PLACEMENT_3D('',#13860,#13861,#13862);
#13860 = CARTESIAN_POINT('',(11.799998745076,-34.19999591381,0.));
#13861 = DIRECTION('',(-0.,-0.,1.));
#13862 = DIRECTION('',(0.707105365561,-0.707108196809,0.));
#13863 = ADVANCED_FACE('',(#13864),#13889,.F.);
#13864 = FACE_BOUND('',#13865,.F.);
#13865 = EDGE_LOOP('',(#13866,#13867,#13875,#13883));
#13866 = ORIENTED_EDGE('',*,*,#13844,.T.);
#13867 = ORIENTED_EDGE('',*,*,#13868,.T.);
#13868 = EDGE_CURVE('',#13836,#13869,#13871,.T.);
#13869 = VERTEX_POINT('',#13870);
#13870 = CARTESIAN_POINT('',(7.725,-35.2,-3.5E-02));
#13871 = LINE('',#13872,#13873);
#13872 = CARTESIAN_POINT('',(11.8,-35.2,-3.5E-02));
#13873 = VECTOR('',#13874,1.);
#13874 = DIRECTION('',(-1.,0.,0.));
#13875 = ORIENTED_EDGE('',*,*,#13876,.F.);
#13876 = EDGE_CURVE('',#13877,#13869,#13879,.T.);
#13877 = VERTEX_POINT('',#13878);
#13878 = CARTESIAN_POINT('',(7.725,-35.2,0.));
#13879 = LINE('',#13880,#13881);
#13880 = CARTESIAN_POINT('',(7.725,-35.2,0.));
#13881 = VECTOR('',#13882,1.);
#13882 = DIRECTION('',(0.,0.,-1.));
#13883 = ORIENTED_EDGE('',*,*,#13884,.F.);
#13884 = EDGE_CURVE('',#13845,#13877,#13885,.T.);
#13885 = LINE('',#13886,#13887);
#13886 = CARTESIAN_POINT('',(11.8,-35.2,0.));
#13887 = VECTOR('',#13888,1.);
#13888 = DIRECTION('',(-1.,0.,0.));
#13889 = PLANE('',#13890);
#13890 = AXIS2_PLACEMENT_3D('',#13891,#13892,#13893);
#13891 = CARTESIAN_POINT('',(11.8,-35.2,0.));
#13892 = DIRECTION('',(0.,1.,0.));
#13893 = DIRECTION('',(-1.,0.,0.));
#13894 = ADVANCED_FACE('',(#13895),#13922,.T.);
#13895 = FACE_BOUND('',#13896,.F.);
#13896 = EDGE_LOOP('',(#13897,#13898,#13907,#13915));
#13897 = ORIENTED_EDGE('',*,*,#13876,.T.);
#13898 = ORIENTED_EDGE('',*,*,#13899,.T.);
#13899 = EDGE_CURVE('',#13869,#13900,#13902,.T.);
#13900 = VERTEX_POINT('',#13901);
#13901 = CARTESIAN_POINT('',(7.725,-33.2,-3.5E-02));
#13902 = CIRCLE('',#13903,1.);
#13903 = AXIS2_PLACEMENT_3D('',#13904,#13905,#13906);
#13904 = CARTESIAN_POINT('',(7.724999740493,-34.2,-3.5E-02));
#13905 = DIRECTION('',(0.,0.,-1.));
#13906 = DIRECTION('',(2.595065229371E-07,-1.,0.));
#13907 = ORIENTED_EDGE('',*,*,#13908,.F.);
#13908 = EDGE_CURVE('',#13909,#13900,#13911,.T.);
#13909 = VERTEX_POINT('',#13910);
#13910 = CARTESIAN_POINT('',(7.725,-33.2,0.));
#13911 = LINE('',#13912,#13913);
#13912 = CARTESIAN_POINT('',(7.725,-33.2,0.));
#13913 = VECTOR('',#13914,1.);
#13914 = DIRECTION('',(0.,0.,-1.));
#13915 = ORIENTED_EDGE('',*,*,#13916,.F.);
#13916 = EDGE_CURVE('',#13877,#13909,#13917,.T.);
#13917 = CIRCLE('',#13918,1.);
#13918 = AXIS2_PLACEMENT_3D('',#13919,#13920,#13921);
#13919 = CARTESIAN_POINT('',(7.724999740493,-34.2,0.));
#13920 = DIRECTION('',(0.,0.,-1.));
#13921 = DIRECTION('',(2.595065229371E-07,-1.,0.));
#13922 = CYLINDRICAL_SURFACE('',#13923,1.);
#13923 = AXIS2_PLACEMENT_3D('',#13924,#13925,#13926);
#13924 = CARTESIAN_POINT('',(7.724999740493,-34.2,0.));
#13925 = DIRECTION('',(-0.,-0.,1.));
#13926 = DIRECTION('',(2.595065229371E-07,-1.,0.));
#13927 = ADVANCED_FACE('',(#13928),#13953,.F.);
#13928 = FACE_BOUND('',#13929,.F.);
#13929 = EDGE_LOOP('',(#13930,#13931,#13939,#13947));
#13930 = ORIENTED_EDGE('',*,*,#13908,.T.);
#13931 = ORIENTED_EDGE('',*,*,#13932,.T.);
#13932 = EDGE_CURVE('',#13900,#13933,#13935,.T.);
#13933 = VERTEX_POINT('',#13934);
#13934 = CARTESIAN_POINT('',(11.385786,-33.2,-3.5E-02));
#13935 = LINE('',#13936,#13937);
#13936 = CARTESIAN_POINT('',(7.725,-33.2,-3.5E-02));
#13937 = VECTOR('',#13938,1.);
#13938 = DIRECTION('',(1.,0.,0.));
#13939 = ORIENTED_EDGE('',*,*,#13940,.F.);
#13940 = EDGE_CURVE('',#13941,#13933,#13943,.T.);
#13941 = VERTEX_POINT('',#13942);
#13942 = CARTESIAN_POINT('',(11.385786,-33.2,0.));
#13943 = LINE('',#13944,#13945);
#13944 = CARTESIAN_POINT('',(11.385786,-33.2,0.));
#13945 = VECTOR('',#13946,1.);
#13946 = DIRECTION('',(0.,0.,-1.));
#13947 = ORIENTED_EDGE('',*,*,#13948,.F.);
#13948 = EDGE_CURVE('',#13909,#13941,#13949,.T.);
#13949 = LINE('',#13950,#13951);
#13950 = CARTESIAN_POINT('',(7.725,-33.2,0.));
#13951 = VECTOR('',#13952,1.);
#13952 = DIRECTION('',(1.,0.,0.));
#13953 = PLANE('',#13954);
#13954 = AXIS2_PLACEMENT_3D('',#13955,#13956,#13957);
#13955 = CARTESIAN_POINT('',(7.725,-33.2,0.));
#13956 = DIRECTION('',(0.,-1.,0.));
#13957 = DIRECTION('',(1.,0.,0.));
#13958 = ADVANCED_FACE('',(#13959),#13984,.F.);
#13959 = FACE_BOUND('',#13960,.F.);
#13960 = EDGE_LOOP('',(#13961,#13962,#13970,#13978));
#13961 = ORIENTED_EDGE('',*,*,#13940,.T.);
#13962 = ORIENTED_EDGE('',*,*,#13963,.T.);
#13963 = EDGE_CURVE('',#13933,#13964,#13966,.T.);
#13964 = VERTEX_POINT('',#13965);
#13965 = CARTESIAN_POINT('',(12.,-32.585786,-3.5E-02));
#13966 = LINE('',#13967,#13968);
#13967 = CARTESIAN_POINT('',(11.385786,-33.2,-3.5E-02));
#13968 = VECTOR('',#13969,1.);
#13969 = DIRECTION('',(0.707106781187,0.707106781187,0.));
#13970 = ORIENTED_EDGE('',*,*,#13971,.F.);
#13971 = EDGE_CURVE('',#13972,#13964,#13974,.T.);
#13972 = VERTEX_POINT('',#13973);
#13973 = CARTESIAN_POINT('',(12.,-32.585786,0.));
#13974 = LINE('',#13975,#13976);
#13975 = CARTESIAN_POINT('',(12.,-32.585786,0.));
#13976 = VECTOR('',#13977,1.);
#13977 = DIRECTION('',(0.,0.,-1.));
#13978 = ORIENTED_EDGE('',*,*,#13979,.F.);
#13979 = EDGE_CURVE('',#13941,#13972,#13980,.T.);
#13980 = LINE('',#13981,#13982);
#13981 = CARTESIAN_POINT('',(11.385786,-33.2,0.));
#13982 = VECTOR('',#13983,1.);
#13983 = DIRECTION('',(0.707106781187,0.707106781187,0.));
#13984 = PLANE('',#13985);
#13985 = AXIS2_PLACEMENT_3D('',#13986,#13987,#13988);
#13986 = CARTESIAN_POINT('',(11.385786,-33.2,0.));
#13987 = DIRECTION('',(0.707106781187,-0.707106781187,0.));
#13988 = DIRECTION('',(0.707106781187,0.707106781187,0.));
#13989 = ADVANCED_FACE('',(#13990),#14015,.F.);
#13990 = FACE_BOUND('',#13991,.F.);
#13991 = EDGE_LOOP('',(#13992,#13993,#14001,#14009));
#13992 = ORIENTED_EDGE('',*,*,#13971,.T.);
#13993 = ORIENTED_EDGE('',*,*,#13994,.T.);
#13994 = EDGE_CURVE('',#13964,#13995,#13997,.T.);
#13995 = VERTEX_POINT('',#13996);
#13996 = CARTESIAN_POINT('',(12.,-31.5,-3.5E-02));
#13997 = LINE('',#13998,#13999);
#13998 = CARTESIAN_POINT('',(12.,-32.585786,-3.5E-02));
#13999 = VECTOR('',#14000,1.);
#14000 = DIRECTION('',(0.,1.,0.));
#14001 = ORIENTED_EDGE('',*,*,#14002,.F.);
#14002 = EDGE_CURVE('',#14003,#13995,#14005,.T.);
#14003 = VERTEX_POINT('',#14004);
#14004 = CARTESIAN_POINT('',(12.,-31.5,0.));
#14005 = LINE('',#14006,#14007);
#14006 = CARTESIAN_POINT('',(12.,-31.5,0.));
#14007 = VECTOR('',#14008,1.);
#14008 = DIRECTION('',(0.,0.,-1.));
#14009 = ORIENTED_EDGE('',*,*,#14010,.F.);
#14010 = EDGE_CURVE('',#13972,#14003,#14011,.T.);
#14011 = LINE('',#14012,#14013);
#14012 = CARTESIAN_POINT('',(12.,-32.585786,0.));
#14013 = VECTOR('',#14014,1.);
#14014 = DIRECTION('',(0.,1.,0.));
#14015 = PLANE('',#14016);
#14016 = AXIS2_PLACEMENT_3D('',#14017,#14018,#14019);
#14017 = CARTESIAN_POINT('',(12.,-32.585786,0.));
#14018 = DIRECTION('',(1.,-0.,0.));
#14019 = DIRECTION('',(0.,1.,0.));
#14020 = ADVANCED_FACE('',(#14021),#14048,.T.);
#14021 = FACE_BOUND('',#14022,.F.);
#14022 = EDGE_LOOP('',(#14023,#14024,#14033,#14041));
#14023 = ORIENTED_EDGE('',*,*,#14002,.T.);
#14024 = ORIENTED_EDGE('',*,*,#14025,.T.);
#14025 = EDGE_CURVE('',#13995,#14026,#14028,.T.);
#14026 = VERTEX_POINT('',#14027);
#14027 = CARTESIAN_POINT('',(12.292893,-30.792893,-3.5E-02));
#14028 = CIRCLE('',#14029,1.000004594775);
#14029 = AXIS2_PLACEMENT_3D('',#14030,#14031,#14032);
#14030 = CARTESIAN_POINT('',(13.000004594774,-31.50000146558,-3.5E-02));
#14031 = DIRECTION('',(0.,0.,-1.));
#14032 = DIRECTION('',(-0.999999999999,1.465582164221E-06,0.));
#14033 = ORIENTED_EDGE('',*,*,#14034,.F.);
#14034 = EDGE_CURVE('',#14035,#14026,#14037,.T.);
#14035 = VERTEX_POINT('',#14036);
#14036 = CARTESIAN_POINT('',(12.292893,-30.792893,0.));
#14037 = LINE('',#14038,#14039);
#14038 = CARTESIAN_POINT('',(12.292893,-30.792893,0.));
#14039 = VECTOR('',#14040,1.);
#14040 = DIRECTION('',(0.,0.,-1.));
#14041 = ORIENTED_EDGE('',*,*,#14042,.F.);
#14042 = EDGE_CURVE('',#14003,#14035,#14043,.T.);
#14043 = CIRCLE('',#14044,1.000004594775);
#14044 = AXIS2_PLACEMENT_3D('',#14045,#14046,#14047);
#14045 = CARTESIAN_POINT('',(13.000004594774,-31.50000146558,0.));
#14046 = DIRECTION('',(0.,0.,-1.));
#14047 = DIRECTION('',(-0.999999999999,1.465582164221E-06,0.));
#14048 = CYLINDRICAL_SURFACE('',#14049,1.000004594775);
#14049 = AXIS2_PLACEMENT_3D('',#14050,#14051,#14052);
#14050 = CARTESIAN_POINT('',(13.000004594774,-31.50000146558,0.));
#14051 = DIRECTION('',(-0.,-0.,1.));
#14052 = DIRECTION('',(-0.999999999999,1.465582164221E-06,0.));
#14053 = ADVANCED_FACE('',(#14054),#14070,.F.);
#14054 = FACE_BOUND('',#14055,.F.);
#14055 = EDGE_LOOP('',(#14056,#14057,#14063,#14064));
#14056 = ORIENTED_EDGE('',*,*,#14034,.T.);
#14057 = ORIENTED_EDGE('',*,*,#14058,.T.);
#14058 = EDGE_CURVE('',#14026,#13574,#14059,.T.);
#14059 = LINE('',#14060,#14061);
#14060 = CARTESIAN_POINT('',(12.292893,-30.792893,-3.5E-02));
#14061 = VECTOR('',#14062,1.);
#14062 = DIRECTION('',(0.707106781187,0.707106781187,0.));
#14063 = ORIENTED_EDGE('',*,*,#13571,.F.);
#14064 = ORIENTED_EDGE('',*,*,#14065,.F.);
#14065 = EDGE_CURVE('',#14035,#13572,#14066,.T.);
#14066 = LINE('',#14067,#14068);
#14067 = CARTESIAN_POINT('',(12.292893,-30.792893,0.));
#14068 = VECTOR('',#14069,1.);
#14069 = DIRECTION('',(0.707106781187,0.707106781187,0.));
#14070 = PLANE('',#14071);
#14071 = AXIS2_PLACEMENT_3D('',#14072,#14073,#14074);
#14072 = CARTESIAN_POINT('',(12.292893,-30.792893,0.));
#14073 = DIRECTION('',(0.707106781187,-0.707106781187,0.));
#14074 = DIRECTION('',(0.707106781187,0.707106781187,0.));
#14075 = ADVANCED_FACE('',(#14076),#14103,.F.);
#14076 = FACE_BOUND('',#14077,.F.);
#14077 = EDGE_LOOP('',(#14078,#14088,#14095,#14096));
#14078 = ORIENTED_EDGE('',*,*,#14079,.T.);
#14079 = EDGE_CURVE('',#14080,#14082,#14084,.T.);
#14080 = VERTEX_POINT('',#14081);
#14081 = CARTESIAN_POINT('',(7.987392,-34.275,0.));
#14082 = VERTEX_POINT('',#14083);
#14083 = CARTESIAN_POINT('',(7.987392,-34.275,-3.5E-02));
#14084 = LINE('',#14085,#14086);
#14085 = CARTESIAN_POINT('',(7.987392,-34.275,0.));
#14086 = VECTOR('',#14087,1.);
#14087 = DIRECTION('',(0.,0.,-1.));
#14088 = ORIENTED_EDGE('',*,*,#14089,.T.);
#14089 = EDGE_CURVE('',#14082,#14082,#14090,.T.);
#14090 = CIRCLE('',#14091,0.487392);
#14091 = AXIS2_PLACEMENT_3D('',#14092,#14093,#14094);
#14092 = CARTESIAN_POINT('',(7.5,-34.275,-3.5E-02));
#14093 = DIRECTION('',(0.,0.,1.));
#14094 = DIRECTION('',(1.,0.,-0.));
#14095 = ORIENTED_EDGE('',*,*,#14079,.F.);
#14096 = ORIENTED_EDGE('',*,*,#14097,.F.);
#14097 = EDGE_CURVE('',#14080,#14080,#14098,.T.);
#14098 = CIRCLE('',#14099,0.487392);
#14099 = AXIS2_PLACEMENT_3D('',#14100,#14101,#14102);
#14100 = CARTESIAN_POINT('',(7.5,-34.275,0.));
#14101 = DIRECTION('',(0.,0.,1.));
#14102 = DIRECTION('',(1.,0.,-0.));
#14103 = CYLINDRICAL_SURFACE('',#14104,0.487392);
#14104 = AXIS2_PLACEMENT_3D('',#14105,#14106,#14107);
#14105 = CARTESIAN_POINT('',(7.5,-34.275,0.));
#14106 = DIRECTION('',(0.,0.,1.));
#14107 = DIRECTION('',(1.,0.,-0.));
#14108 = ADVANCED_FACE('',(#14109),#14136,.F.);
#14109 = FACE_BOUND('',#14110,.F.);
#14110 = EDGE_LOOP('',(#14111,#14121,#14128,#14129));
#14111 = ORIENTED_EDGE('',*,*,#14112,.T.);
#14112 = EDGE_CURVE('',#14113,#14115,#14117,.T.);
#14113 = VERTEX_POINT('',#14114);
#14114 = CARTESIAN_POINT('',(16.597392,-29.78,0.));
#14115 = VERTEX_POINT('',#14116);
#14116 = CARTESIAN_POINT('',(16.597392,-29.78,-3.5E-02));
#14117 = LINE('',#14118,#14119);
#14118 = CARTESIAN_POINT('',(16.597392,-29.78,0.));
#14119 = VECTOR('',#14120,1.);
#14120 = DIRECTION('',(0.,0.,-1.));
#14121 = ORIENTED_EDGE('',*,*,#14122,.T.);
#14122 = EDGE_CURVE('',#14115,#14115,#14123,.T.);
#14123 = CIRCLE('',#14124,0.487392);
#14124 = AXIS2_PLACEMENT_3D('',#14125,#14126,#14127);
#14125 = CARTESIAN_POINT('',(16.11,-29.78,-3.5E-02));
#14126 = DIRECTION('',(0.,0.,1.));
#14127 = DIRECTION('',(1.,0.,-0.));
#14128 = ORIENTED_EDGE('',*,*,#14112,.F.);
#14129 = ORIENTED_EDGE('',*,*,#14130,.F.);
#14130 = EDGE_CURVE('',#14113,#14113,#14131,.T.);
#14131 = CIRCLE('',#14132,0.487392);
#14132 = AXIS2_PLACEMENT_3D('',#14133,#14134,#14135);
#14133 = CARTESIAN_POINT('',(16.11,-29.78,0.));
#14134 = DIRECTION('',(0.,0.,1.));
#14135 = DIRECTION('',(1.,0.,-0.));
#14136 = CYLINDRICAL_SURFACE('',#14137,0.487392);
#14137 = AXIS2_PLACEMENT_3D('',#14138,#14139,#14140);
#14138 = CARTESIAN_POINT('',(16.11,-29.78,0.));
#14139 = DIRECTION('',(0.,0.,1.));
#14140 = DIRECTION('',(1.,0.,-0.));
#14141 = ADVANCED_FACE('',(#14142,#14160,#14163),#14166,.F.);
#14142 = FACE_BOUND('',#14143,.F.);
#14143 = EDGE_LOOP('',(#14144,#14145,#14146,#14147,#14148,#14149,#14150,
    #14151,#14152,#14153,#14154,#14155,#14156,#14157,#14158,#14159));
#14144 = ORIENTED_EDGE('',*,*,#13598,.T.);
#14145 = ORIENTED_EDGE('',*,*,#13630,.T.);
#14146 = ORIENTED_EDGE('',*,*,#13662,.T.);
#14147 = ORIENTED_EDGE('',*,*,#13694,.T.);
#14148 = ORIENTED_EDGE('',*,*,#13725,.T.);
#14149 = ORIENTED_EDGE('',*,*,#13756,.T.);
#14150 = ORIENTED_EDGE('',*,*,#13788,.T.);
#14151 = ORIENTED_EDGE('',*,*,#13820,.T.);
#14152 = ORIENTED_EDGE('',*,*,#13852,.T.);
#14153 = ORIENTED_EDGE('',*,*,#13884,.T.);
#14154 = ORIENTED_EDGE('',*,*,#13916,.T.);
#14155 = ORIENTED_EDGE('',*,*,#13948,.T.);
#14156 = ORIENTED_EDGE('',*,*,#13979,.T.);
#14157 = ORIENTED_EDGE('',*,*,#14010,.T.);
#14158 = ORIENTED_EDGE('',*,*,#14042,.T.);
#14159 = ORIENTED_EDGE('',*,*,#14065,.T.);
#14160 = FACE_BOUND('',#14161,.F.);
#14161 = EDGE_LOOP('',(#14162));
#14162 = ORIENTED_EDGE('',*,*,#14097,.T.);
#14163 = FACE_BOUND('',#14164,.F.);
#14164 = EDGE_LOOP('',(#14165));
#14165 = ORIENTED_EDGE('',*,*,#14130,.T.);
#14166 = PLANE('',#14167);
#14167 = AXIS2_PLACEMENT_3D('',#14168,#14169,#14170);
#14168 = CARTESIAN_POINT('',(0.,0.,0.));
#14169 = DIRECTION('',(-0.,-0.,-1.));
#14170 = DIRECTION('',(-1.,0.,0.));
#14171 = ADVANCED_FACE('',(#14172,#14190,#14193),#14196,.T.);
#14172 = FACE_BOUND('',#14173,.T.);
#14173 = EDGE_LOOP('',(#14174,#14175,#14176,#14177,#14178,#14179,#14180,
    #14181,#14182,#14183,#14184,#14185,#14186,#14187,#14188,#14189));
#14174 = ORIENTED_EDGE('',*,*,#13581,.T.);
#14175 = ORIENTED_EDGE('',*,*,#13614,.T.);
#14176 = ORIENTED_EDGE('',*,*,#13645,.T.);
#14177 = ORIENTED_EDGE('',*,*,#13678,.T.);
#14178 = ORIENTED_EDGE('',*,*,#13709,.T.);
#14179 = ORIENTED_EDGE('',*,*,#13740,.T.);
#14180 = ORIENTED_EDGE('',*,*,#13771,.T.);
#14181 = ORIENTED_EDGE('',*,*,#13804,.T.);
#14182 = ORIENTED_EDGE('',*,*,#13835,.T.);
#14183 = ORIENTED_EDGE('',*,*,#13868,.T.);
#14184 = ORIENTED_EDGE('',*,*,#13899,.T.);
#14185 = ORIENTED_EDGE('',*,*,#13932,.T.);
#14186 = ORIENTED_EDGE('',*,*,#13963,.T.);
#14187 = ORIENTED_EDGE('',*,*,#13994,.T.);
#14188 = ORIENTED_EDGE('',*,*,#14025,.T.);
#14189 = ORIENTED_EDGE('',*,*,#14058,.T.);
#14190 = FACE_BOUND('',#14191,.T.);
#14191 = EDGE_LOOP('',(#14192));
#14192 = ORIENTED_EDGE('',*,*,#14089,.T.);
#14193 = FACE_BOUND('',#14194,.T.);
#14194 = EDGE_LOOP('',(#14195));
#14195 = ORIENTED_EDGE('',*,*,#14122,.T.);
#14196 = PLANE('',#14197);
#14197 = AXIS2_PLACEMENT_3D('',#14198,#14199,#14200);
#14198 = CARTESIAN_POINT('',(0.,0.,-3.5E-02));
#14199 = DIRECTION('',(-0.,-0.,-1.));
#14200 = DIRECTION('',(-1.,0.,0.));
#14201 = MANIFOLD_SOLID_BREP('',#14202);
#14202 = CLOSED_SHELL('',(#14203,#14245,#14276,#14307,#14340,#14371,
    #14404,#14435,#14466,#14499,#14521,#14554,#14587,#14611));
#14203 = ADVANCED_FACE('',(#14204),#14240,.T.);
#14204 = FACE_BOUND('',#14205,.F.);
#14205 = EDGE_LOOP('',(#14206,#14216,#14225,#14233));
#14206 = ORIENTED_EDGE('',*,*,#14207,.T.);
#14207 = EDGE_CURVE('',#14208,#14210,#14212,.T.);
#14208 = VERTEX_POINT('',#14209);
#14209 = CARTESIAN_POINT('',(44.54,-67.,0.));
#14210 = VERTEX_POINT('',#14211);
#14211 = CARTESIAN_POINT('',(44.54,-67.,-3.5E-02));
#14212 = LINE('',#14213,#14214);
#14213 = CARTESIAN_POINT('',(44.54,-67.,0.));
#14214 = VECTOR('',#14215,1.);
#14215 = DIRECTION('',(0.,0.,-1.));
#14216 = ORIENTED_EDGE('',*,*,#14217,.T.);
#14217 = EDGE_CURVE('',#14210,#14218,#14220,.T.);
#14218 = VERTEX_POINT('',#14219);
#14219 = CARTESIAN_POINT('',(43.54,-68.,-3.5E-02));
#14220 = CIRCLE('',#14221,1.000001302705);
#14221 = AXIS2_PLACEMENT_3D('',#14222,#14223,#14224);
#14222 = CARTESIAN_POINT('',(43.539998697296,-66.99999869729,-3.5E-02));
#14223 = DIRECTION('',(0.,0.,-1.));
#14224 = DIRECTION('',(0.999999999999,-1.30270226722E-06,0.));
#14225 = ORIENTED_EDGE('',*,*,#14226,.F.);
#14226 = EDGE_CURVE('',#14227,#14218,#14229,.T.);
#14227 = VERTEX_POINT('',#14228);
#14228 = CARTESIAN_POINT('',(43.54,-68.,0.));
#14229 = LINE('',#14230,#14231);
#14230 = CARTESIAN_POINT('',(43.54,-68.,0.));
#14231 = VECTOR('',#14232,1.);
#14232 = DIRECTION('',(0.,0.,-1.));
#14233 = ORIENTED_EDGE('',*,*,#14234,.F.);
#14234 = EDGE_CURVE('',#14208,#14227,#14235,.T.);
#14235 = CIRCLE('',#14236,1.000001302705);
#14236 = AXIS2_PLACEMENT_3D('',#14237,#14238,#14239);
#14237 = CARTESIAN_POINT('',(43.539998697296,-66.99999869729,0.));
#14238 = DIRECTION('',(0.,0.,-1.));
#14239 = DIRECTION('',(0.999999999999,-1.30270226722E-06,0.));
#14240 = CYLINDRICAL_SURFACE('',#14241,1.000001302705);
#14241 = AXIS2_PLACEMENT_3D('',#14242,#14243,#14244);
#14242 = CARTESIAN_POINT('',(43.539998697296,-66.99999869729,0.));
#14243 = DIRECTION('',(-0.,-0.,1.));
#14244 = DIRECTION('',(0.999999999999,-1.30270226722E-06,0.));
#14245 = ADVANCED_FACE('',(#14246),#14271,.F.);
#14246 = FACE_BOUND('',#14247,.F.);
#14247 = EDGE_LOOP('',(#14248,#14249,#14257,#14265));
#14248 = ORIENTED_EDGE('',*,*,#14226,.T.);
#14249 = ORIENTED_EDGE('',*,*,#14250,.T.);
#14250 = EDGE_CURVE('',#14218,#14251,#14253,.T.);
#14251 = VERTEX_POINT('',#14252);
#14252 = CARTESIAN_POINT('',(41.54,-68.,-3.5E-02));
#14253 = LINE('',#14254,#14255);
#14254 = CARTESIAN_POINT('',(43.54,-68.,-3.5E-02));
#14255 = VECTOR('',#14256,1.);
#14256 = DIRECTION('',(-1.,0.,0.));
#14257 = ORIENTED_EDGE('',*,*,#14258,.F.);
#14258 = EDGE_CURVE('',#14259,#14251,#14261,.T.);
#14259 = VERTEX_POINT('',#14260);
#14260 = CARTESIAN_POINT('',(41.54,-68.,0.));
#14261 = LINE('',#14262,#14263);
#14262 = CARTESIAN_POINT('',(41.54,-68.,0.));
#14263 = VECTOR('',#14264,1.);
#14264 = DIRECTION('',(0.,0.,-1.));
#14265 = ORIENTED_EDGE('',*,*,#14266,.F.);
#14266 = EDGE_CURVE('',#14227,#14259,#14267,.T.);
#14267 = LINE('',#14268,#14269);
#14268 = CARTESIAN_POINT('',(43.54,-68.,0.));
#14269 = VECTOR('',#14270,1.);
#14270 = DIRECTION('',(-1.,0.,0.));
#14271 = PLANE('',#14272);
#14272 = AXIS2_PLACEMENT_3D('',#14273,#14274,#14275);
#14273 = CARTESIAN_POINT('',(43.54,-68.,0.));
#14274 = DIRECTION('',(0.,1.,0.));
#14275 = DIRECTION('',(-1.,0.,0.));
#14276 = ADVANCED_FACE('',(#14277),#14302,.F.);
#14277 = FACE_BOUND('',#14278,.F.);
#14278 = EDGE_LOOP('',(#14279,#14280,#14288,#14296));
#14279 = ORIENTED_EDGE('',*,*,#14258,.T.);
#14280 = ORIENTED_EDGE('',*,*,#14281,.T.);
#14281 = EDGE_CURVE('',#14251,#14282,#14284,.T.);
#14282 = VERTEX_POINT('',#14283);
#14283 = CARTESIAN_POINT('',(41.54,-70.,-3.5E-02));
#14284 = LINE('',#14285,#14286);
#14285 = CARTESIAN_POINT('',(41.54,-68.,-3.5E-02));
#14286 = VECTOR('',#14287,1.);
#14287 = DIRECTION('',(0.,-1.,0.));
#14288 = ORIENTED_EDGE('',*,*,#14289,.F.);
#14289 = EDGE_CURVE('',#14290,#14282,#14292,.T.);
#14290 = VERTEX_POINT('',#14291);
#14291 = CARTESIAN_POINT('',(41.54,-70.,0.));
#14292 = LINE('',#14293,#14294);
#14293 = CARTESIAN_POINT('',(41.54,-70.,0.));
#14294 = VECTOR('',#14295,1.);
#14295 = DIRECTION('',(0.,0.,-1.));
#14296 = ORIENTED_EDGE('',*,*,#14297,.F.);
#14297 = EDGE_CURVE('',#14259,#14290,#14298,.T.);
#14298 = LINE('',#14299,#14300);
#14299 = CARTESIAN_POINT('',(41.54,-68.,0.));
#14300 = VECTOR('',#14301,1.);
#14301 = DIRECTION('',(0.,-1.,0.));
#14302 = PLANE('',#14303);
#14303 = AXIS2_PLACEMENT_3D('',#14304,#14305,#14306);
#14304 = CARTESIAN_POINT('',(41.54,-68.,0.));
#14305 = DIRECTION('',(-1.,-0.,-0.));
#14306 = DIRECTION('',(0.,-1.,0.));
#14307 = ADVANCED_FACE('',(#14308),#14335,.T.);
#14308 = FACE_BOUND('',#14309,.F.);
#14309 = EDGE_LOOP('',(#14310,#14311,#14320,#14328));
#14310 = ORIENTED_EDGE('',*,*,#14289,.T.);
#14311 = ORIENTED_EDGE('',*,*,#14312,.T.);
#14312 = EDGE_CURVE('',#14282,#14313,#14315,.T.);
#14313 = VERTEX_POINT('',#14314);
#14314 = CARTESIAN_POINT('',(39.54,-70.,-3.5E-02));
#14315 = CIRCLE('',#14316,1.);
#14316 = AXIS2_PLACEMENT_3D('',#14317,#14318,#14319);
#14317 = CARTESIAN_POINT('',(40.54,-70.0000002595,-3.5E-02));
#14318 = DIRECTION('',(0.,0.,-1.));
#14319 = DIRECTION('',(1.,2.595065211608E-07,0.));
#14320 = ORIENTED_EDGE('',*,*,#14321,.F.);
#14321 = EDGE_CURVE('',#14322,#14313,#14324,.T.);
#14322 = VERTEX_POINT('',#14323);
#14323 = CARTESIAN_POINT('',(39.54,-70.,0.));
#14324 = LINE('',#14325,#14326);
#14325 = CARTESIAN_POINT('',(39.54,-70.,0.));
#14326 = VECTOR('',#14327,1.);
#14327 = DIRECTION('',(0.,0.,-1.));
#14328 = ORIENTED_EDGE('',*,*,#14329,.F.);
#14329 = EDGE_CURVE('',#14290,#14322,#14330,.T.);
#14330 = CIRCLE('',#14331,1.);
#14331 = AXIS2_PLACEMENT_3D('',#14332,#14333,#14334);
#14332 = CARTESIAN_POINT('',(40.54,-70.0000002595,0.));
#14333 = DIRECTION('',(0.,0.,-1.));
#14334 = DIRECTION('',(1.,2.595065211608E-07,0.));
#14335 = CYLINDRICAL_SURFACE('',#14336,1.);
#14336 = AXIS2_PLACEMENT_3D('',#14337,#14338,#14339);
#14337 = CARTESIAN_POINT('',(40.54,-70.0000002595,0.));
#14338 = DIRECTION('',(-0.,-0.,1.));
#14339 = DIRECTION('',(1.,2.595065211608E-07,0.));
#14340 = ADVANCED_FACE('',(#14341),#14366,.F.);
#14341 = FACE_BOUND('',#14342,.F.);
#14342 = EDGE_LOOP('',(#14343,#14344,#14352,#14360));
#14343 = ORIENTED_EDGE('',*,*,#14321,.T.);
#14344 = ORIENTED_EDGE('',*,*,#14345,.T.);
#14345 = EDGE_CURVE('',#14313,#14346,#14348,.T.);
#14346 = VERTEX_POINT('',#14347);
#14347 = CARTESIAN_POINT('',(39.54,-67.,-3.5E-02));
#14348 = LINE('',#14349,#14350);
#14349 = CARTESIAN_POINT('',(39.54,-70.,-3.5E-02));
#14350 = VECTOR('',#14351,1.);
#14351 = DIRECTION('',(0.,1.,0.));
#14352 = ORIENTED_EDGE('',*,*,#14353,.F.);
#14353 = EDGE_CURVE('',#14354,#14346,#14356,.T.);
#14354 = VERTEX_POINT('',#14355);
#14355 = CARTESIAN_POINT('',(39.54,-67.,0.));
#14356 = LINE('',#14357,#14358);
#14357 = CARTESIAN_POINT('',(39.54,-67.,0.));
#14358 = VECTOR('',#14359,1.);
#14359 = DIRECTION('',(0.,0.,-1.));
#14360 = ORIENTED_EDGE('',*,*,#14361,.F.);
#14361 = EDGE_CURVE('',#14322,#14354,#14362,.T.);
#14362 = LINE('',#14363,#14364);
#14363 = CARTESIAN_POINT('',(39.54,-70.,0.));
#14364 = VECTOR('',#14365,1.);
#14365 = DIRECTION('',(0.,1.,0.));
#14366 = PLANE('',#14367);
#14367 = AXIS2_PLACEMENT_3D('',#14368,#14369,#14370);
#14368 = CARTESIAN_POINT('',(39.54,-70.,0.));
#14369 = DIRECTION('',(1.,-0.,0.));
#14370 = DIRECTION('',(0.,1.,0.));
#14371 = ADVANCED_FACE('',(#14372),#14399,.T.);
#14372 = FACE_BOUND('',#14373,.F.);
#14373 = EDGE_LOOP('',(#14374,#14375,#14384,#14392));
#14374 = ORIENTED_EDGE('',*,*,#14353,.T.);
#14375 = ORIENTED_EDGE('',*,*,#14376,.T.);
#14376 = EDGE_CURVE('',#14346,#14377,#14379,.T.);
#14377 = VERTEX_POINT('',#14378);
#14378 = CARTESIAN_POINT('',(40.54,-66.,-3.5E-02));
#14379 = CIRCLE('',#14380,1.000001302705);
#14380 = AXIS2_PLACEMENT_3D('',#14381,#14382,#14383);
#14381 = CARTESIAN_POINT('',(40.540001302704,-67.0000013027,-3.5E-02));
#14382 = DIRECTION('',(0.,0.,-1.));
#14383 = DIRECTION('',(-0.999999999999,1.30270226722E-06,0.));
#14384 = ORIENTED_EDGE('',*,*,#14385,.F.);
#14385 = EDGE_CURVE('',#14386,#14377,#14388,.T.);
#14386 = VERTEX_POINT('',#14387);
#14387 = CARTESIAN_POINT('',(40.54,-66.,0.));
#14388 = LINE('',#14389,#14390);
#14389 = CARTESIAN_POINT('',(40.54,-66.,0.));
#14390 = VECTOR('',#14391,1.);
#14391 = DIRECTION('',(0.,0.,-1.));
#14392 = ORIENTED_EDGE('',*,*,#14393,.F.);
#14393 = EDGE_CURVE('',#14354,#14386,#14394,.T.);
#14394 = CIRCLE('',#14395,1.000001302705);
#14395 = AXIS2_PLACEMENT_3D('',#14396,#14397,#14398);
#14396 = CARTESIAN_POINT('',(40.540001302704,-67.0000013027,0.));
#14397 = DIRECTION('',(0.,0.,-1.));
#14398 = DIRECTION('',(-0.999999999999,1.30270226722E-06,0.));
#14399 = CYLINDRICAL_SURFACE('',#14400,1.000001302705);
#14400 = AXIS2_PLACEMENT_3D('',#14401,#14402,#14403);
#14401 = CARTESIAN_POINT('',(40.540001302704,-67.0000013027,0.));
#14402 = DIRECTION('',(-0.,-0.,1.));
#14403 = DIRECTION('',(-0.999999999999,1.30270226722E-06,0.));
#14404 = ADVANCED_FACE('',(#14405),#14430,.F.);
#14405 = FACE_BOUND('',#14406,.F.);
#14406 = EDGE_LOOP('',(#14407,#14408,#14416,#14424));
#14407 = ORIENTED_EDGE('',*,*,#14385,.T.);
#14408 = ORIENTED_EDGE('',*,*,#14409,.T.);
#14409 = EDGE_CURVE('',#14377,#14410,#14412,.T.);
#14410 = VERTEX_POINT('',#14411);
#14411 = CARTESIAN_POINT('',(42.54,-66.,-3.5E-02));
#14412 = LINE('',#14413,#14414);
#14413 = CARTESIAN_POINT('',(40.54,-66.,-3.5E-02));
#14414 = VECTOR('',#14415,1.);
#14415 = DIRECTION('',(1.,0.,0.));
#14416 = ORIENTED_EDGE('',*,*,#14417,.F.);
#14417 = EDGE_CURVE('',#14418,#14410,#14420,.T.);
#14418 = VERTEX_POINT('',#14419);
#14419 = CARTESIAN_POINT('',(42.54,-66.,0.));
#14420 = LINE('',#14421,#14422);
#14421 = CARTESIAN_POINT('',(42.54,-66.,0.));
#14422 = VECTOR('',#14423,1.);
#14423 = DIRECTION('',(0.,0.,-1.));
#14424 = ORIENTED_EDGE('',*,*,#14425,.F.);
#14425 = EDGE_CURVE('',#14386,#14418,#14426,.T.);
#14426 = LINE('',#14427,#14428);
#14427 = CARTESIAN_POINT('',(40.54,-66.,0.));
#14428 = VECTOR('',#14429,1.);
#14429 = DIRECTION('',(1.,0.,0.));
#14430 = PLANE('',#14431);
#14431 = AXIS2_PLACEMENT_3D('',#14432,#14433,#14434);
#14432 = CARTESIAN_POINT('',(40.54,-66.,0.));
#14433 = DIRECTION('',(0.,-1.,0.));
#14434 = DIRECTION('',(1.,0.,0.));
#14435 = ADVANCED_FACE('',(#14436),#14461,.F.);
#14436 = FACE_BOUND('',#14437,.F.);
#14437 = EDGE_LOOP('',(#14438,#14439,#14447,#14455));
#14438 = ORIENTED_EDGE('',*,*,#14417,.T.);
#14439 = ORIENTED_EDGE('',*,*,#14440,.T.);
#14440 = EDGE_CURVE('',#14410,#14441,#14443,.T.);
#14441 = VERTEX_POINT('',#14442);
#14442 = CARTESIAN_POINT('',(42.54,-62.,-3.5E-02));
#14443 = LINE('',#14444,#14445);
#14444 = CARTESIAN_POINT('',(42.54,-66.,-3.5E-02));
#14445 = VECTOR('',#14446,1.);
#14446 = DIRECTION('',(0.,1.,0.));
#14447 = ORIENTED_EDGE('',*,*,#14448,.F.);
#14448 = EDGE_CURVE('',#14449,#14441,#14451,.T.);
#14449 = VERTEX_POINT('',#14450);
#14450 = CARTESIAN_POINT('',(42.54,-62.,0.));
#14451 = LINE('',#14452,#14453);
#14452 = CARTESIAN_POINT('',(42.54,-62.,0.));
#14453 = VECTOR('',#14454,1.);
#14454 = DIRECTION('',(0.,0.,-1.));
#14455 = ORIENTED_EDGE('',*,*,#14456,.F.);
#14456 = EDGE_CURVE('',#14418,#14449,#14457,.T.);
#14457 = LINE('',#14458,#14459);
#14458 = CARTESIAN_POINT('',(42.54,-66.,0.));
#14459 = VECTOR('',#14460,1.);
#14460 = DIRECTION('',(0.,1.,0.));
#14461 = PLANE('',#14462);
#14462 = AXIS2_PLACEMENT_3D('',#14463,#14464,#14465);
#14463 = CARTESIAN_POINT('',(42.54,-66.,0.));
#14464 = DIRECTION('',(1.,-0.,0.));
#14465 = DIRECTION('',(0.,1.,0.));
#14466 = ADVANCED_FACE('',(#14467),#14494,.T.);
#14467 = FACE_BOUND('',#14468,.F.);
#14468 = EDGE_LOOP('',(#14469,#14470,#14479,#14487));
#14469 = ORIENTED_EDGE('',*,*,#14448,.T.);
#14470 = ORIENTED_EDGE('',*,*,#14471,.T.);
#14471 = EDGE_CURVE('',#14441,#14472,#14474,.T.);
#14472 = VERTEX_POINT('',#14473);
#14473 = CARTESIAN_POINT('',(44.54,-62.,-3.5E-02));
#14474 = CIRCLE('',#14475,1.);
#14475 = AXIS2_PLACEMENT_3D('',#14476,#14477,#14478);
#14476 = CARTESIAN_POINT('',(43.54,-62.00000023138,-3.5E-02));
#14477 = DIRECTION('',(0.,0.,-1.));
#14478 = DIRECTION('',(-1.,2.313867142334E-07,0.));
#14479 = ORIENTED_EDGE('',*,*,#14480,.F.);
#14480 = EDGE_CURVE('',#14481,#14472,#14483,.T.);
#14481 = VERTEX_POINT('',#14482);
#14482 = CARTESIAN_POINT('',(44.54,-62.,0.));
#14483 = LINE('',#14484,#14485);
#14484 = CARTESIAN_POINT('',(44.54,-62.,0.));
#14485 = VECTOR('',#14486,1.);
#14486 = DIRECTION('',(0.,0.,-1.));
#14487 = ORIENTED_EDGE('',*,*,#14488,.F.);
#14488 = EDGE_CURVE('',#14449,#14481,#14489,.T.);
#14489 = CIRCLE('',#14490,1.);
#14490 = AXIS2_PLACEMENT_3D('',#14491,#14492,#14493);
#14491 = CARTESIAN_POINT('',(43.54,-62.00000023138,0.));
#14492 = DIRECTION('',(0.,0.,-1.));
#14493 = DIRECTION('',(-1.,2.313867142334E-07,0.));
#14494 = CYLINDRICAL_SURFACE('',#14495,1.);
#14495 = AXIS2_PLACEMENT_3D('',#14496,#14497,#14498);
#14496 = CARTESIAN_POINT('',(43.54,-62.00000023138,0.));
#14497 = DIRECTION('',(-0.,-0.,1.));
#14498 = DIRECTION('',(-1.,2.313867142334E-07,0.));
#14499 = ADVANCED_FACE('',(#14500),#14516,.F.);
#14500 = FACE_BOUND('',#14501,.F.);
#14501 = EDGE_LOOP('',(#14502,#14503,#14509,#14510));
#14502 = ORIENTED_EDGE('',*,*,#14480,.T.);
#14503 = ORIENTED_EDGE('',*,*,#14504,.T.);
#14504 = EDGE_CURVE('',#14472,#14210,#14505,.T.);
#14505 = LINE('',#14506,#14507);
#14506 = CARTESIAN_POINT('',(44.54,-62.,-3.5E-02));
#14507 = VECTOR('',#14508,1.);
#14508 = DIRECTION('',(0.,-1.,0.));
#14509 = ORIENTED_EDGE('',*,*,#14207,.F.);
#14510 = ORIENTED_EDGE('',*,*,#14511,.F.);
#14511 = EDGE_CURVE('',#14481,#14208,#14512,.T.);
#14512 = LINE('',#14513,#14514);
#14513 = CARTESIAN_POINT('',(44.54,-62.,0.));
#14514 = VECTOR('',#14515,1.);
#14515 = DIRECTION('',(0.,-1.,0.));
#14516 = PLANE('',#14517);
#14517 = AXIS2_PLACEMENT_3D('',#14518,#14519,#14520);
#14518 = CARTESIAN_POINT('',(44.54,-62.,0.));
#14519 = DIRECTION('',(-1.,-0.,-0.));
#14520 = DIRECTION('',(0.,-1.,0.));
#14521 = ADVANCED_FACE('',(#14522),#14549,.F.);
#14522 = FACE_BOUND('',#14523,.F.);
#14523 = EDGE_LOOP('',(#14524,#14534,#14541,#14542));
#14524 = ORIENTED_EDGE('',*,*,#14525,.T.);
#14525 = EDGE_CURVE('',#14526,#14528,#14530,.T.);
#14526 = VERTEX_POINT('',#14527);
#14527 = CARTESIAN_POINT('',(40.902392,-70.,0.));
#14528 = VERTEX_POINT('',#14529);
#14529 = CARTESIAN_POINT('',(40.902392,-70.,-3.5E-02));
#14530 = LINE('',#14531,#14532);
#14531 = CARTESIAN_POINT('',(40.902392,-70.,0.));
#14532 = VECTOR('',#14533,1.);
#14533 = DIRECTION('',(0.,0.,-1.));
#14534 = ORIENTED_EDGE('',*,*,#14535,.T.);
#14535 = EDGE_CURVE('',#14528,#14528,#14536,.T.);
#14536 = CIRCLE('',#14537,0.362392);
#14537 = AXIS2_PLACEMENT_3D('',#14538,#14539,#14540);
#14538 = CARTESIAN_POINT('',(40.54,-70.,-3.5E-02));
#14539 = DIRECTION('',(0.,0.,1.));
#14540 = DIRECTION('',(1.,0.,-0.));
#14541 = ORIENTED_EDGE('',*,*,#14525,.F.);
#14542 = ORIENTED_EDGE('',*,*,#14543,.F.);
#14543 = EDGE_CURVE('',#14526,#14526,#14544,.T.);
#14544 = CIRCLE('',#14545,0.362392);
#14545 = AXIS2_PLACEMENT_3D('',#14546,#14547,#14548);
#14546 = CARTESIAN_POINT('',(40.54,-70.,0.));
#14547 = DIRECTION('',(0.,0.,1.));
#14548 = DIRECTION('',(1.,0.,-0.));
#14549 = CYLINDRICAL_SURFACE('',#14550,0.362392);
#14550 = AXIS2_PLACEMENT_3D('',#14551,#14552,#14553);
#14551 = CARTESIAN_POINT('',(40.54,-70.,0.));
#14552 = DIRECTION('',(0.,0.,1.));
#14553 = DIRECTION('',(1.,0.,-0.));
#14554 = ADVANCED_FACE('',(#14555),#14582,.F.);
#14555 = FACE_BOUND('',#14556,.F.);
#14556 = EDGE_LOOP('',(#14557,#14567,#14574,#14575));
#14557 = ORIENTED_EDGE('',*,*,#14558,.T.);
#14558 = EDGE_CURVE('',#14559,#14561,#14563,.T.);
#14559 = VERTEX_POINT('',#14560);
#14560 = CARTESIAN_POINT('',(43.877392,-62.,0.));
#14561 = VERTEX_POINT('',#14562);
#14562 = CARTESIAN_POINT('',(43.877392,-62.,-3.5E-02));
#14563 = LINE('',#14564,#14565);
#14564 = CARTESIAN_POINT('',(43.877392,-62.,0.));
#14565 = VECTOR('',#14566,1.);
#14566 = DIRECTION('',(0.,0.,-1.));
#14567 = ORIENTED_EDGE('',*,*,#14568,.T.);
#14568 = EDGE_CURVE('',#14561,#14561,#14569,.T.);
#14569 = CIRCLE('',#14570,0.337392);
#14570 = AXIS2_PLACEMENT_3D('',#14571,#14572,#14573);
#14571 = CARTESIAN_POINT('',(43.54,-62.,-3.5E-02));
#14572 = DIRECTION('',(0.,0.,1.));
#14573 = DIRECTION('',(1.,0.,-0.));
#14574 = ORIENTED_EDGE('',*,*,#14558,.F.);
#14575 = ORIENTED_EDGE('',*,*,#14576,.F.);
#14576 = EDGE_CURVE('',#14559,#14559,#14577,.T.);
#14577 = CIRCLE('',#14578,0.337392);
#14578 = AXIS2_PLACEMENT_3D('',#14579,#14580,#14581);
#14579 = CARTESIAN_POINT('',(43.54,-62.,0.));
#14580 = DIRECTION('',(0.,0.,1.));
#14581 = DIRECTION('',(1.,0.,-0.));
#14582 = CYLINDRICAL_SURFACE('',#14583,0.337392);
#14583 = AXIS2_PLACEMENT_3D('',#14584,#14585,#14586);
#14584 = CARTESIAN_POINT('',(43.54,-62.,0.));
#14585 = DIRECTION('',(0.,0.,1.));
#14586 = DIRECTION('',(1.,0.,-0.));
#14587 = ADVANCED_FACE('',(#14588,#14600,#14603),#14606,.F.);
#14588 = FACE_BOUND('',#14589,.F.);
#14589 = EDGE_LOOP('',(#14590,#14591,#14592,#14593,#14594,#14595,#14596,
    #14597,#14598,#14599));
#14590 = ORIENTED_EDGE('',*,*,#14234,.T.);
#14591 = ORIENTED_EDGE('',*,*,#14266,.T.);
#14592 = ORIENTED_EDGE('',*,*,#14297,.T.);
#14593 = ORIENTED_EDGE('',*,*,#14329,.T.);
#14594 = ORIENTED_EDGE('',*,*,#14361,.T.);
#14595 = ORIENTED_EDGE('',*,*,#14393,.T.);
#14596 = ORIENTED_EDGE('',*,*,#14425,.T.);
#14597 = ORIENTED_EDGE('',*,*,#14456,.T.);
#14598 = ORIENTED_EDGE('',*,*,#14488,.T.);
#14599 = ORIENTED_EDGE('',*,*,#14511,.T.);
#14600 = FACE_BOUND('',#14601,.F.);
#14601 = EDGE_LOOP('',(#14602));
#14602 = ORIENTED_EDGE('',*,*,#14543,.T.);
#14603 = FACE_BOUND('',#14604,.F.);
#14604 = EDGE_LOOP('',(#14605));
#14605 = ORIENTED_EDGE('',*,*,#14576,.T.);
#14606 = PLANE('',#14607);
#14607 = AXIS2_PLACEMENT_3D('',#14608,#14609,#14610);
#14608 = CARTESIAN_POINT('',(0.,0.,0.));
#14609 = DIRECTION('',(-0.,-0.,-1.));
#14610 = DIRECTION('',(-1.,0.,0.));
#14611 = ADVANCED_FACE('',(#14612,#14624,#14627),#14630,.T.);
#14612 = FACE_BOUND('',#14613,.T.);
#14613 = EDGE_LOOP('',(#14614,#14615,#14616,#14617,#14618,#14619,#14620,
    #14621,#14622,#14623));
#14614 = ORIENTED_EDGE('',*,*,#14217,.T.);
#14615 = ORIENTED_EDGE('',*,*,#14250,.T.);
#14616 = ORIENTED_EDGE('',*,*,#14281,.T.);
#14617 = ORIENTED_EDGE('',*,*,#14312,.T.);
#14618 = ORIENTED_EDGE('',*,*,#14345,.T.);
#14619 = ORIENTED_EDGE('',*,*,#14376,.T.);
#14620 = ORIENTED_EDGE('',*,*,#14409,.T.);
#14621 = ORIENTED_EDGE('',*,*,#14440,.T.);
#14622 = ORIENTED_EDGE('',*,*,#14471,.T.);
#14623 = ORIENTED_EDGE('',*,*,#14504,.T.);
#14624 = FACE_BOUND('',#14625,.T.);
#14625 = EDGE_LOOP('',(#14626));
#14626 = ORIENTED_EDGE('',*,*,#14535,.T.);
#14627 = FACE_BOUND('',#14628,.T.);
#14628 = EDGE_LOOP('',(#14629));
#14629 = ORIENTED_EDGE('',*,*,#14568,.T.);
#14630 = PLANE('',#14631);
#14631 = AXIS2_PLACEMENT_3D('',#14632,#14633,#14634);
#14632 = CARTESIAN_POINT('',(0.,0.,-3.5E-02));
#14633 = DIRECTION('',(-0.,-0.,-1.));
#14634 = DIRECTION('',(-1.,0.,0.));
#14635 = MANIFOLD_SOLID_BREP('',#14636);
#14636 = CLOSED_SHELL('',(#14637,#14677,#14710,#14741,#14772,#14803,
    #14834,#14867,#14898,#14929,#14960,#14991,#15022,#15053,#15086,
    #15117,#15150,#15181,#15212,#15245,#15267,#15300,#15333,#15366,
    #15403));
#14637 = ADVANCED_FACE('',(#14638),#14672,.F.);
#14638 = FACE_BOUND('',#14639,.F.);
#14639 = EDGE_LOOP('',(#14640,#14650,#14658,#14666));
#14640 = ORIENTED_EDGE('',*,*,#14641,.T.);
#14641 = EDGE_CURVE('',#14642,#14644,#14646,.T.);
#14642 = VERTEX_POINT('',#14643);
#14643 = CARTESIAN_POINT('',(18.54,-66.,0.));
#14644 = VERTEX_POINT('',#14645);
#14645 = CARTESIAN_POINT('',(18.54,-66.,-3.5E-02));
#14646 = LINE('',#14647,#14648);
#14647 = CARTESIAN_POINT('',(18.54,-66.,0.));
#14648 = VECTOR('',#14649,1.);
#14649 = DIRECTION('',(0.,0.,-1.));
#14650 = ORIENTED_EDGE('',*,*,#14651,.T.);
#14651 = EDGE_CURVE('',#14644,#14652,#14654,.T.);
#14652 = VERTEX_POINT('',#14653);
#14653 = CARTESIAN_POINT('',(20.09,-66.,-3.5E-02));
#14654 = LINE('',#14655,#14656);
#14655 = CARTESIAN_POINT('',(18.54,-66.,-3.5E-02));
#14656 = VECTOR('',#14657,1.);
#14657 = DIRECTION('',(1.,0.,0.));
#14658 = ORIENTED_EDGE('',*,*,#14659,.F.);
#14659 = EDGE_CURVE('',#14660,#14652,#14662,.T.);
#14660 = VERTEX_POINT('',#14661);
#14661 = CARTESIAN_POINT('',(20.09,-66.,0.));
#14662 = LINE('',#14663,#14664);
#14663 = CARTESIAN_POINT('',(20.09,-66.,0.));
#14664 = VECTOR('',#14665,1.);
#14665 = DIRECTION('',(0.,0.,-1.));
#14666 = ORIENTED_EDGE('',*,*,#14667,.F.);
#14667 = EDGE_CURVE('',#14642,#14660,#14668,.T.);
#14668 = LINE('',#14669,#14670);
#14669 = CARTESIAN_POINT('',(18.54,-66.,0.));
#14670 = VECTOR('',#14671,1.);
#14671 = DIRECTION('',(1.,0.,0.));
#14672 = PLANE('',#14673);
#14673 = AXIS2_PLACEMENT_3D('',#14674,#14675,#14676);
#14674 = CARTESIAN_POINT('',(18.54,-66.,0.));
#14675 = DIRECTION('',(0.,-1.,0.));
#14676 = DIRECTION('',(1.,0.,0.));
#14677 = ADVANCED_FACE('',(#14678),#14705,.T.);
#14678 = FACE_BOUND('',#14679,.F.);
#14679 = EDGE_LOOP('',(#14680,#14681,#14690,#14698));
#14680 = ORIENTED_EDGE('',*,*,#14659,.T.);
#14681 = ORIENTED_EDGE('',*,*,#14682,.T.);
#14682 = EDGE_CURVE('',#14652,#14683,#14685,.T.);
#14683 = VERTEX_POINT('',#14684);
#14684 = CARTESIAN_POINT('',(20.797107,-66.292893,-3.5E-02));
#14685 = CIRCLE('',#14686,1.000004594775);
#14686 = AXIS2_PLACEMENT_3D('',#14687,#14688,#14689);
#14687 = CARTESIAN_POINT('',(20.089998534411,-67.00000459477,-3.5E-02));
#14688 = DIRECTION('',(0.,0.,-1.));
#14689 = DIRECTION('',(1.465582139352E-06,0.999999999999,0.));
#14690 = ORIENTED_EDGE('',*,*,#14691,.F.);
#14691 = EDGE_CURVE('',#14692,#14683,#14694,.T.);
#14692 = VERTEX_POINT('',#14693);
#14693 = CARTESIAN_POINT('',(20.797107,-66.292893,0.));
#14694 = LINE('',#14695,#14696);
#14695 = CARTESIAN_POINT('',(20.797107,-66.292893,0.));
#14696 = VECTOR('',#14697,1.);
#14697 = DIRECTION('',(0.,0.,-1.));
#14698 = ORIENTED_EDGE('',*,*,#14699,.F.);
#14699 = EDGE_CURVE('',#14660,#14692,#14700,.T.);
#14700 = CIRCLE('',#14701,1.000004594775);
#14701 = AXIS2_PLACEMENT_3D('',#14702,#14703,#14704);
#14702 = CARTESIAN_POINT('',(20.089998534411,-67.00000459477,0.));
#14703 = DIRECTION('',(0.,0.,-1.));
#14704 = DIRECTION('',(1.465582139352E-06,0.999999999999,0.));
#14705 = CYLINDRICAL_SURFACE('',#14706,1.000004594775);
#14706 = AXIS2_PLACEMENT_3D('',#14707,#14708,#14709);
#14707 = CARTESIAN_POINT('',(20.089998534411,-67.00000459477,0.));
#14708 = DIRECTION('',(-0.,-0.,1.));
#14709 = DIRECTION('',(1.465582139352E-06,0.999999999999,0.));
#14710 = ADVANCED_FACE('',(#14711),#14736,.F.);
#14711 = FACE_BOUND('',#14712,.F.);
#14712 = EDGE_LOOP('',(#14713,#14714,#14722,#14730));
#14713 = ORIENTED_EDGE('',*,*,#14691,.T.);
#14714 = ORIENTED_EDGE('',*,*,#14715,.T.);
#14715 = EDGE_CURVE('',#14683,#14716,#14718,.T.);
#14716 = VERTEX_POINT('',#14717);
#14717 = CARTESIAN_POINT('',(23.487106,-68.982893,-3.5E-02));
#14718 = LINE('',#14719,#14720);
#14719 = CARTESIAN_POINT('',(20.797107,-66.292893,-3.5E-02));
#14720 = VECTOR('',#14721,1.);
#14721 = DIRECTION('',(0.707106649754,-0.707106912619,0.));
#14722 = ORIENTED_EDGE('',*,*,#14723,.F.);
#14723 = EDGE_CURVE('',#14724,#14716,#14726,.T.);
#14724 = VERTEX_POINT('',#14725);
#14725 = CARTESIAN_POINT('',(23.487106,-68.982893,0.));
#14726 = LINE('',#14727,#14728);
#14727 = CARTESIAN_POINT('',(23.487106,-68.982893,0.));
#14728 = VECTOR('',#14729,1.);
#14729 = DIRECTION('',(0.,0.,-1.));
#14730 = ORIENTED_EDGE('',*,*,#14731,.F.);
#14731 = EDGE_CURVE('',#14692,#14724,#14732,.T.);
#14732 = LINE('',#14733,#14734);
#14733 = CARTESIAN_POINT('',(20.797107,-66.292893,0.));
#14734 = VECTOR('',#14735,1.);
#14735 = DIRECTION('',(0.707106649754,-0.707106912619,0.));
#14736 = PLANE('',#14737);
#14737 = AXIS2_PLACEMENT_3D('',#14738,#14739,#14740);
#14738 = CARTESIAN_POINT('',(20.797107,-66.292893,0.));
#14739 = DIRECTION('',(-0.707106912619,-0.707106649754,-0.));
#14740 = DIRECTION('',(0.707106649754,-0.707106912619,0.));
#14741 = ADVANCED_FACE('',(#14742),#14767,.F.);
#14742 = FACE_BOUND('',#14743,.F.);
#14743 = EDGE_LOOP('',(#14744,#14745,#14753,#14761));
#14744 = ORIENTED_EDGE('',*,*,#14723,.T.);
#14745 = ORIENTED_EDGE('',*,*,#14746,.T.);
#14746 = EDGE_CURVE('',#14716,#14747,#14749,.T.);
#14747 = VERTEX_POINT('',#14748);
#14748 = CARTESIAN_POINT('',(23.55301,-69.055606,-3.5E-02));
#14749 = LINE('',#14750,#14751);
#14750 = CARTESIAN_POINT('',(23.487106,-68.982893,-3.5E-02));
#14751 = VECTOR('',#14752,1.);
#14752 = DIRECTION('',(0.67156330896,-0.740947178994,0.));
#14753 = ORIENTED_EDGE('',*,*,#14754,.F.);
#14754 = EDGE_CURVE('',#14755,#14747,#14757,.T.);
#14755 = VERTEX_POINT('',#14756);
#14756 = CARTESIAN_POINT('',(23.55301,-69.055606,0.));
#14757 = LINE('',#14758,#14759);
#14758 = CARTESIAN_POINT('',(23.55301,-69.055606,0.));
#14759 = VECTOR('',#14760,1.);
#14760 = DIRECTION('',(0.,0.,-1.));
#14761 = ORIENTED_EDGE('',*,*,#14762,.F.);
#14762 = EDGE_CURVE('',#14724,#14755,#14763,.T.);
#14763 = LINE('',#14764,#14765);
#14764 = CARTESIAN_POINT('',(23.487106,-68.982893,0.));
#14765 = VECTOR('',#14766,1.);
#14766 = DIRECTION('',(0.67156330896,-0.740947178994,0.));
#14767 = PLANE('',#14768);
#14768 = AXIS2_PLACEMENT_3D('',#14769,#14770,#14771);
#14769 = CARTESIAN_POINT('',(23.487106,-68.982893,0.));
#14770 = DIRECTION('',(-0.740947178994,-0.67156330896,-0.));
#14771 = DIRECTION('',(0.67156330896,-0.740947178994,0.));
#14772 = ADVANCED_FACE('',(#14773),#14798,.F.);
#14773 = FACE_BOUND('',#14774,.F.);
#14774 = EDGE_LOOP('',(#14775,#14776,#14784,#14792));
#14775 = ORIENTED_EDGE('',*,*,#14754,.T.);
#14776 = ORIENTED_EDGE('',*,*,#14777,.T.);
#14777 = EDGE_CURVE('',#14747,#14778,#14780,.T.);
#14778 = VERTEX_POINT('',#14779);
#14779 = CARTESIAN_POINT('',(23.63998,-69.185766,-3.5E-02));
#14780 = LINE('',#14781,#14782);
#14781 = CARTESIAN_POINT('',(23.55301,-69.055606,-3.5E-02));
#14782 = VECTOR('',#14783,1.);
#14783 = DIRECTION('',(0.555569652221,-0.83147000038,0.));
#14784 = ORIENTED_EDGE('',*,*,#14785,.F.);
#14785 = EDGE_CURVE('',#14786,#14778,#14788,.T.);
#14786 = VERTEX_POINT('',#14787);
#14787 = CARTESIAN_POINT('',(23.63998,-69.185766,0.));
#14788 = LINE('',#14789,#14790);
#14789 = CARTESIAN_POINT('',(23.63998,-69.185766,0.));
#14790 = VECTOR('',#14791,1.);
#14791 = DIRECTION('',(0.,0.,-1.));
#14792 = ORIENTED_EDGE('',*,*,#14793,.F.);
#14793 = EDGE_CURVE('',#14755,#14786,#14794,.T.);
#14794 = LINE('',#14795,#14796);
#14795 = CARTESIAN_POINT('',(23.55301,-69.055606,0.));
#14796 = VECTOR('',#14797,1.);
#14797 = DIRECTION('',(0.555569652221,-0.83147000038,0.));
#14798 = PLANE('',#14799);
#14799 = AXIS2_PLACEMENT_3D('',#14800,#14801,#14802);
#14800 = CARTESIAN_POINT('',(23.55301,-69.055606,0.));
#14801 = DIRECTION('',(-0.83147000038,-0.555569652221,-0.));
#14802 = DIRECTION('',(0.555569652221,-0.83147000038,0.));
#14803 = ADVANCED_FACE('',(#14804),#14829,.F.);
#14804 = FACE_BOUND('',#14805,.F.);
#14805 = EDGE_LOOP('',(#14806,#14807,#14815,#14823));
#14806 = ORIENTED_EDGE('',*,*,#14785,.T.);
#14807 = ORIENTED_EDGE('',*,*,#14808,.T.);
#14808 = EDGE_CURVE('',#14778,#14809,#14811,.T.);
#14809 = VERTEX_POINT('',#14810);
#14810 = CARTESIAN_POINT('',(24.707107,-70.252894,-3.5E-02));
#14811 = LINE('',#14812,#14813);
#14812 = CARTESIAN_POINT('',(23.63998,-69.185766,-3.5E-02));
#14813 = VECTOR('',#14814,1.);
#14814 = DIRECTION('',(0.707106449873,-0.7071071125,0.));
#14815 = ORIENTED_EDGE('',*,*,#14816,.F.);
#14816 = EDGE_CURVE('',#14817,#14809,#14819,.T.);
#14817 = VERTEX_POINT('',#14818);
#14818 = CARTESIAN_POINT('',(24.707107,-70.252894,0.));
#14819 = LINE('',#14820,#14821);
#14820 = CARTESIAN_POINT('',(24.707107,-70.252894,0.));
#14821 = VECTOR('',#14822,1.);
#14822 = DIRECTION('',(0.,0.,-1.));
#14823 = ORIENTED_EDGE('',*,*,#14824,.F.);
#14824 = EDGE_CURVE('',#14786,#14817,#14825,.T.);
#14825 = LINE('',#14826,#14827);
#14826 = CARTESIAN_POINT('',(23.63998,-69.185766,0.));
#14827 = VECTOR('',#14828,1.);
#14828 = DIRECTION('',(0.707106449873,-0.7071071125,0.));
#14829 = PLANE('',#14830);
#14830 = AXIS2_PLACEMENT_3D('',#14831,#14832,#14833);
#14831 = CARTESIAN_POINT('',(23.63998,-69.185766,0.));
#14832 = DIRECTION('',(-0.7071071125,-0.707106449873,-0.));
#14833 = DIRECTION('',(0.707106449873,-0.7071071125,0.));
#14834 = ADVANCED_FACE('',(#14835),#14862,.T.);
#14835 = FACE_BOUND('',#14836,.F.);
#14836 = EDGE_LOOP('',(#14837,#14838,#14847,#14855));
#14837 = ORIENTED_EDGE('',*,*,#14816,.T.);
#14838 = ORIENTED_EDGE('',*,*,#14839,.T.);
#14839 = EDGE_CURVE('',#14809,#14840,#14842,.T.);
#14840 = VERTEX_POINT('',#14841);
#14841 = CARTESIAN_POINT('',(23.292894,-71.667107,-3.5E-02));
#14842 = CIRCLE('',#14843,0.999999602342);
#14843 = AXIS2_PLACEMENT_3D('',#14844,#14845,#14846);
#14844 = CARTESIAN_POINT('',(24.000000905451,-70.96000090545,-3.5E-02));
#14845 = DIRECTION('',(0.,0.,-1.));
#14846 = DIRECTION('',(0.707106375735,0.707107186638,0.));
#14847 = ORIENTED_EDGE('',*,*,#14848,.F.);
#14848 = EDGE_CURVE('',#14849,#14840,#14851,.T.);
#14849 = VERTEX_POINT('',#14850);
#14850 = CARTESIAN_POINT('',(23.292894,-71.667107,0.));
#14851 = LINE('',#14852,#14853);
#14852 = CARTESIAN_POINT('',(23.292894,-71.667107,0.));
#14853 = VECTOR('',#14854,1.);
#14854 = DIRECTION('',(0.,0.,-1.));
#14855 = ORIENTED_EDGE('',*,*,#14856,.F.);
#14856 = EDGE_CURVE('',#14817,#14849,#14857,.T.);
#14857 = CIRCLE('',#14858,0.999999602342);
#14858 = AXIS2_PLACEMENT_3D('',#14859,#14860,#14861);
#14859 = CARTESIAN_POINT('',(24.000000905451,-70.96000090545,0.));
#14860 = DIRECTION('',(0.,0.,-1.));
#14861 = DIRECTION('',(0.707106375735,0.707107186638,0.));
#14862 = CYLINDRICAL_SURFACE('',#14863,0.999999602342);
#14863 = AXIS2_PLACEMENT_3D('',#14864,#14865,#14866);
#14864 = CARTESIAN_POINT('',(24.000000905451,-70.96000090545,0.));
#14865 = DIRECTION('',(-0.,-0.,1.));
#14866 = DIRECTION('',(0.707106375735,0.707107186638,0.));
#14867 = ADVANCED_FACE('',(#14868),#14893,.F.);
#14868 = FACE_BOUND('',#14869,.F.);
#14869 = EDGE_LOOP('',(#14870,#14871,#14879,#14887));
#14870 = ORIENTED_EDGE('',*,*,#14848,.T.);
#14871 = ORIENTED_EDGE('',*,*,#14872,.T.);
#14872 = EDGE_CURVE('',#14840,#14873,#14875,.T.);
#14873 = VERTEX_POINT('',#14874);
#14874 = CARTESIAN_POINT('',(22.072893,-70.447107,-3.5E-02));
#14875 = LINE('',#14876,#14877);
#14876 = CARTESIAN_POINT('',(23.292894,-71.667107,-3.5E-02));
#14877 = VECTOR('',#14878,1.);
#14878 = DIRECTION('',(-0.707107070984,0.707106491389,0.));
#14879 = ORIENTED_EDGE('',*,*,#14880,.F.);
#14880 = EDGE_CURVE('',#14881,#14873,#14883,.T.);
#14881 = VERTEX_POINT('',#14882);
#14882 = CARTESIAN_POINT('',(22.072893,-70.447107,0.));
#14883 = LINE('',#14884,#14885);
#14884 = CARTESIAN_POINT('',(22.072893,-70.447107,0.));
#14885 = VECTOR('',#14886,1.);
#14886 = DIRECTION('',(0.,0.,-1.));
#14887 = ORIENTED_EDGE('',*,*,#14888,.F.);
#14888 = EDGE_CURVE('',#14849,#14881,#14889,.T.);
#14889 = LINE('',#14890,#14891);
#14890 = CARTESIAN_POINT('',(23.292894,-71.667107,0.));
#14891 = VECTOR('',#14892,1.);
#14892 = DIRECTION('',(-0.707107070984,0.707106491389,0.));
#14893 = PLANE('',#14894);
#14894 = AXIS2_PLACEMENT_3D('',#14895,#14896,#14897);
#14895 = CARTESIAN_POINT('',(23.292894,-71.667107,0.));
#14896 = DIRECTION('',(0.707106491389,0.707107070984,0.));
#14897 = DIRECTION('',(-0.707107070984,0.707106491389,0.));
#14898 = ADVANCED_FACE('',(#14899),#14924,.F.);
#14899 = FACE_BOUND('',#14900,.F.);
#14900 = EDGE_LOOP('',(#14901,#14902,#14910,#14918));
#14901 = ORIENTED_EDGE('',*,*,#14880,.T.);
#14902 = ORIENTED_EDGE('',*,*,#14903,.T.);
#14903 = EDGE_CURVE('',#14873,#14904,#14906,.T.);
#14904 = VERTEX_POINT('',#14905);
#14905 = CARTESIAN_POINT('',(22.006989,-70.374394,-3.5E-02));
#14906 = LINE('',#14907,#14908);
#14907 = CARTESIAN_POINT('',(22.072893,-70.447107,-3.5E-02));
#14908 = VECTOR('',#14909,1.);
#14909 = DIRECTION('',(-0.67156330896,0.740947178994,0.));
#14910 = ORIENTED_EDGE('',*,*,#14911,.F.);
#14911 = EDGE_CURVE('',#14912,#14904,#14914,.T.);
#14912 = VERTEX_POINT('',#14913);
#14913 = CARTESIAN_POINT('',(22.006989,-70.374394,0.));
#14914 = LINE('',#14915,#14916);
#14915 = CARTESIAN_POINT('',(22.006989,-70.374394,0.));
#14916 = VECTOR('',#14917,1.);
#14917 = DIRECTION('',(0.,0.,-1.));
#14918 = ORIENTED_EDGE('',*,*,#14919,.F.);
#14919 = EDGE_CURVE('',#14881,#14912,#14920,.T.);
#14920 = LINE('',#14921,#14922);
#14921 = CARTESIAN_POINT('',(22.072893,-70.447107,0.));
#14922 = VECTOR('',#14923,1.);
#14923 = DIRECTION('',(-0.67156330896,0.740947178994,0.));
#14924 = PLANE('',#14925);
#14925 = AXIS2_PLACEMENT_3D('',#14926,#14927,#14928);
#14926 = CARTESIAN_POINT('',(22.072893,-70.447107,0.));
#14927 = DIRECTION('',(0.740947178994,0.67156330896,0.));
#14928 = DIRECTION('',(-0.67156330896,0.740947178994,0.));
#14929 = ADVANCED_FACE('',(#14930),#14955,.F.);
#14930 = FACE_BOUND('',#14931,.F.);
#14931 = EDGE_LOOP('',(#14932,#14933,#14941,#14949));
#14932 = ORIENTED_EDGE('',*,*,#14911,.T.);
#14933 = ORIENTED_EDGE('',*,*,#14934,.T.);
#14934 = EDGE_CURVE('',#14904,#14935,#14937,.T.);
#14935 = VERTEX_POINT('',#14936);
#14936 = CARTESIAN_POINT('',(21.920018,-70.244231,-3.5E-02));
#14937 = LINE('',#14938,#14939);
#14938 = CARTESIAN_POINT('',(22.006989,-70.374394,-3.5E-02));
#14939 = VECTOR('',#14940,1.);
#14940 = DIRECTION('',(-0.555565215943,0.831472964584,0.));
#14941 = ORIENTED_EDGE('',*,*,#14942,.F.);
#14942 = EDGE_CURVE('',#14943,#14935,#14945,.T.);
#14943 = VERTEX_POINT('',#14944);
#14944 = CARTESIAN_POINT('',(21.920018,-70.244231,0.));
#14945 = LINE('',#14946,#14947);
#14946 = CARTESIAN_POINT('',(21.920018,-70.244231,0.));
#14947 = VECTOR('',#14948,1.);
#14948 = DIRECTION('',(0.,0.,-1.));
#14949 = ORIENTED_EDGE('',*,*,#14950,.F.);
#14950 = EDGE_CURVE('',#14912,#14943,#14951,.T.);
#14951 = LINE('',#14952,#14953);
#14952 = CARTESIAN_POINT('',(22.006989,-70.374394,0.));
#14953 = VECTOR('',#14954,1.);
#14954 = DIRECTION('',(-0.555565215943,0.831472964584,0.));
#14955 = PLANE('',#14956);
#14956 = AXIS2_PLACEMENT_3D('',#14957,#14958,#14959);
#14957 = CARTESIAN_POINT('',(22.006989,-70.374394,0.));
#14958 = DIRECTION('',(0.831472964584,0.555565215943,0.));
#14959 = DIRECTION('',(-0.555565215943,0.831472964584,0.));
#14960 = ADVANCED_FACE('',(#14961),#14986,.F.);
#14961 = FACE_BOUND('',#14962,.F.);
#14962 = EDGE_LOOP('',(#14963,#14964,#14972,#14980));
#14963 = ORIENTED_EDGE('',*,*,#14942,.T.);
#14964 = ORIENTED_EDGE('',*,*,#14965,.T.);
#14965 = EDGE_CURVE('',#14935,#14966,#14968,.T.);
#14966 = VERTEX_POINT('',#14967);
#14967 = CARTESIAN_POINT('',(19.675786,-68.,-3.5E-02));
#14968 = LINE('',#14969,#14970);
#14969 = CARTESIAN_POINT('',(21.920018,-70.244231,-3.5E-02));
#14970 = VECTOR('',#14971,1.);
#14971 = DIRECTION('',(-0.707106938725,0.707106623648,0.));
#14972 = ORIENTED_EDGE('',*,*,#14973,.F.);
#14973 = EDGE_CURVE('',#14974,#14966,#14976,.T.);
#14974 = VERTEX_POINT('',#14975);
#14975 = CARTESIAN_POINT('',(19.675786,-68.,0.));
#14976 = LINE('',#14977,#14978);
#14977 = CARTESIAN_POINT('',(19.675786,-68.,0.));
#14978 = VECTOR('',#14979,1.);
#14979 = DIRECTION('',(0.,0.,-1.));
#14980 = ORIENTED_EDGE('',*,*,#14981,.F.);
#14981 = EDGE_CURVE('',#14943,#14974,#14982,.T.);
#14982 = LINE('',#14983,#14984);
#14983 = CARTESIAN_POINT('',(21.920018,-70.244231,0.));
#14984 = VECTOR('',#14985,1.);
#14985 = DIRECTION('',(-0.707106938725,0.707106623648,0.));
#14986 = PLANE('',#14987);
#14987 = AXIS2_PLACEMENT_3D('',#14988,#14989,#14990);
#14988 = CARTESIAN_POINT('',(21.920018,-70.244231,0.));
#14989 = DIRECTION('',(0.707106623648,0.707106938725,0.));
#14990 = DIRECTION('',(-0.707106938725,0.707106623648,0.));
#14991 = ADVANCED_FACE('',(#14992),#15017,.F.);
#14992 = FACE_BOUND('',#14993,.F.);
#14993 = EDGE_LOOP('',(#14994,#14995,#15003,#15011));
#14994 = ORIENTED_EDGE('',*,*,#14973,.T.);
#14995 = ORIENTED_EDGE('',*,*,#14996,.T.);
#14996 = EDGE_CURVE('',#14966,#14997,#14999,.T.);
#14997 = VERTEX_POINT('',#14998);
#14998 = CARTESIAN_POINT('',(13.,-68.,-3.5E-02));
#14999 = LINE('',#15000,#15001);
#15000 = CARTESIAN_POINT('',(19.675786,-68.,-3.5E-02));
#15001 = VECTOR('',#15002,1.);
#15002 = DIRECTION('',(-1.,0.,0.));
#15003 = ORIENTED_EDGE('',*,*,#15004,.F.);
#15004 = EDGE_CURVE('',#15005,#14997,#15007,.T.);
#15005 = VERTEX_POINT('',#15006);
#15006 = CARTESIAN_POINT('',(13.,-68.,0.));
#15007 = LINE('',#15008,#15009);
#15008 = CARTESIAN_POINT('',(13.,-68.,0.));
#15009 = VECTOR('',#15010,1.);
#15010 = DIRECTION('',(0.,0.,-1.));
#15011 = ORIENTED_EDGE('',*,*,#15012,.F.);
#15012 = EDGE_CURVE('',#14974,#15005,#15013,.T.);
#15013 = LINE('',#15014,#15015);
#15014 = CARTESIAN_POINT('',(19.675786,-68.,0.));
#15015 = VECTOR('',#15016,1.);
#15016 = DIRECTION('',(-1.,0.,0.));
#15017 = PLANE('',#15018);
#15018 = AXIS2_PLACEMENT_3D('',#15019,#15020,#15021);
#15019 = CARTESIAN_POINT('',(19.675786,-68.,0.));
#15020 = DIRECTION('',(0.,1.,0.));
#15021 = DIRECTION('',(-1.,0.,0.));
#15022 = ADVANCED_FACE('',(#15023),#15048,.F.);
#15023 = FACE_BOUND('',#15024,.F.);
#15024 = EDGE_LOOP('',(#15025,#15026,#15034,#15042));
#15025 = ORIENTED_EDGE('',*,*,#15004,.T.);
#15026 = ORIENTED_EDGE('',*,*,#15027,.T.);
#15027 = EDGE_CURVE('',#14997,#15028,#15030,.T.);
#15028 = VERTEX_POINT('',#15029);
#15029 = CARTESIAN_POINT('',(13.,-72.,-3.5E-02));
#15030 = LINE('',#15031,#15032);
#15031 = CARTESIAN_POINT('',(13.,-68.,-3.5E-02));
#15032 = VECTOR('',#15033,1.);
#15033 = DIRECTION('',(0.,-1.,0.));
#15034 = ORIENTED_EDGE('',*,*,#15035,.F.);
#15035 = EDGE_CURVE('',#15036,#15028,#15038,.T.);
#15036 = VERTEX_POINT('',#15037);
#15037 = CARTESIAN_POINT('',(13.,-72.,0.));
#15038 = LINE('',#15039,#15040);
#15039 = CARTESIAN_POINT('',(13.,-72.,0.));
#15040 = VECTOR('',#15041,1.);
#15041 = DIRECTION('',(0.,0.,-1.));
#15042 = ORIENTED_EDGE('',*,*,#15043,.F.);
#15043 = EDGE_CURVE('',#15005,#15036,#15044,.T.);
#15044 = LINE('',#15045,#15046);
#15045 = CARTESIAN_POINT('',(13.,-68.,0.));
#15046 = VECTOR('',#15047,1.);
#15047 = DIRECTION('',(0.,-1.,0.));
#15048 = PLANE('',#15049);
#15049 = AXIS2_PLACEMENT_3D('',#15050,#15051,#15052);
#15050 = CARTESIAN_POINT('',(13.,-68.,0.));
#15051 = DIRECTION('',(-1.,-0.,-0.));
#15052 = DIRECTION('',(0.,-1.,0.));
#15053 = ADVANCED_FACE('',(#15054),#15081,.T.);
#15054 = FACE_BOUND('',#15055,.F.);
#15055 = EDGE_LOOP('',(#15056,#15057,#15066,#15074));
#15056 = ORIENTED_EDGE('',*,*,#15035,.T.);
#15057 = ORIENTED_EDGE('',*,*,#15058,.T.);
#15058 = EDGE_CURVE('',#15028,#15059,#15061,.T.);
#15059 = VERTEX_POINT('',#15060);
#15060 = CARTESIAN_POINT('',(11.,-72.,-3.5E-02));
#15061 = CIRCLE('',#15062,1.);
#15062 = AXIS2_PLACEMENT_3D('',#15063,#15064,#15065);
#15063 = CARTESIAN_POINT('',(12.,-72.0000002595,-3.5E-02));
#15064 = DIRECTION('',(0.,0.,-1.));
#15065 = DIRECTION('',(1.,2.595065211608E-07,0.));
#15066 = ORIENTED_EDGE('',*,*,#15067,.F.);
#15067 = EDGE_CURVE('',#15068,#15059,#15070,.T.);
#15068 = VERTEX_POINT('',#15069);
#15069 = CARTESIAN_POINT('',(11.,-72.,0.));
#15070 = LINE('',#15071,#15072);
#15071 = CARTESIAN_POINT('',(11.,-72.,0.));
#15072 = VECTOR('',#15073,1.);
#15073 = DIRECTION('',(0.,0.,-1.));
#15074 = ORIENTED_EDGE('',*,*,#15075,.F.);
#15075 = EDGE_CURVE('',#15036,#15068,#15076,.T.);
#15076 = CIRCLE('',#15077,1.);
#15077 = AXIS2_PLACEMENT_3D('',#15078,#15079,#15080);
#15078 = CARTESIAN_POINT('',(12.,-72.0000002595,0.));
#15079 = DIRECTION('',(0.,0.,-1.));
#15080 = DIRECTION('',(1.,2.595065211608E-07,0.));
#15081 = CYLINDRICAL_SURFACE('',#15082,1.);
#15082 = AXIS2_PLACEMENT_3D('',#15083,#15084,#15085);
#15083 = CARTESIAN_POINT('',(12.,-72.0000002595,0.));
#15084 = DIRECTION('',(-0.,-0.,1.));
#15085 = DIRECTION('',(1.,2.595065211608E-07,0.));
#15086 = ADVANCED_FACE('',(#15087),#15112,.F.);
#15087 = FACE_BOUND('',#15088,.F.);
#15088 = EDGE_LOOP('',(#15089,#15090,#15098,#15106));
#15089 = ORIENTED_EDGE('',*,*,#15067,.T.);
#15090 = ORIENTED_EDGE('',*,*,#15091,.T.);
#15091 = EDGE_CURVE('',#15059,#15092,#15094,.T.);
#15092 = VERTEX_POINT('',#15093);
#15093 = CARTESIAN_POINT('',(11.,-67.,-3.5E-02));
#15094 = LINE('',#15095,#15096);
#15095 = CARTESIAN_POINT('',(11.,-72.,-3.5E-02));
#15096 = VECTOR('',#15097,1.);
#15097 = DIRECTION('',(0.,1.,0.));
#15098 = ORIENTED_EDGE('',*,*,#15099,.F.);
#15099 = EDGE_CURVE('',#15100,#15092,#15102,.T.);
#15100 = VERTEX_POINT('',#15101);
#15101 = CARTESIAN_POINT('',(11.,-67.,0.));
#15102 = LINE('',#15103,#15104);
#15103 = CARTESIAN_POINT('',(11.,-67.,0.));
#15104 = VECTOR('',#15105,1.);
#15105 = DIRECTION('',(0.,0.,-1.));
#15106 = ORIENTED_EDGE('',*,*,#15107,.F.);
#15107 = EDGE_CURVE('',#15068,#15100,#15108,.T.);
#15108 = LINE('',#15109,#15110);
#15109 = CARTESIAN_POINT('',(11.,-72.,0.));
#15110 = VECTOR('',#15111,1.);
#15111 = DIRECTION('',(0.,1.,0.));
#15112 = PLANE('',#15113);
#15113 = AXIS2_PLACEMENT_3D('',#15114,#15115,#15116);
#15114 = CARTESIAN_POINT('',(11.,-72.,0.));
#15115 = DIRECTION('',(1.,-0.,0.));
#15116 = DIRECTION('',(0.,1.,0.));
#15117 = ADVANCED_FACE('',(#15118),#15145,.T.);
#15118 = FACE_BOUND('',#15119,.F.);
#15119 = EDGE_LOOP('',(#15120,#15121,#15130,#15138));
#15120 = ORIENTED_EDGE('',*,*,#15099,.T.);
#15121 = ORIENTED_EDGE('',*,*,#15122,.T.);
#15122 = EDGE_CURVE('',#15092,#15123,#15125,.T.);
#15123 = VERTEX_POINT('',#15124);
#15124 = CARTESIAN_POINT('',(12.,-66.,-3.5E-02));
#15125 = CIRCLE('',#15126,1.000001302705);
#15126 = AXIS2_PLACEMENT_3D('',#15127,#15128,#15129);
#15127 = CARTESIAN_POINT('',(12.000001302704,-67.0000013027,-3.5E-02));
#15128 = DIRECTION('',(0.,0.,-1.));
#15129 = DIRECTION('',(-0.999999999999,1.30270226722E-06,0.));
#15130 = ORIENTED_EDGE('',*,*,#15131,.F.);
#15131 = EDGE_CURVE('',#15132,#15123,#15134,.T.);
#15132 = VERTEX_POINT('',#15133);
#15133 = CARTESIAN_POINT('',(12.,-66.,0.));
#15134 = LINE('',#15135,#15136);
#15135 = CARTESIAN_POINT('',(12.,-66.,0.));
#15136 = VECTOR('',#15137,1.);
#15137 = DIRECTION('',(0.,0.,-1.));
#15138 = ORIENTED_EDGE('',*,*,#15139,.F.);
#15139 = EDGE_CURVE('',#15100,#15132,#15140,.T.);
#15140 = CIRCLE('',#15141,1.000001302705);
#15141 = AXIS2_PLACEMENT_3D('',#15142,#15143,#15144);
#15142 = CARTESIAN_POINT('',(12.000001302704,-67.0000013027,0.));
#15143 = DIRECTION('',(0.,0.,-1.));
#15144 = DIRECTION('',(-0.999999999999,1.30270226722E-06,0.));
#15145 = CYLINDRICAL_SURFACE('',#15146,1.000001302705);
#15146 = AXIS2_PLACEMENT_3D('',#15147,#15148,#15149);
#15147 = CARTESIAN_POINT('',(12.000001302704,-67.0000013027,0.));
#15148 = DIRECTION('',(-0.,-0.,1.));
#15149 = DIRECTION('',(-0.999999999999,1.30270226722E-06,0.));
#15150 = ADVANCED_FACE('',(#15151),#15176,.F.);
#15151 = FACE_BOUND('',#15152,.F.);
#15152 = EDGE_LOOP('',(#15153,#15154,#15162,#15170));
#15153 = ORIENTED_EDGE('',*,*,#15131,.T.);
#15154 = ORIENTED_EDGE('',*,*,#15155,.T.);
#15155 = EDGE_CURVE('',#15123,#15156,#15158,.T.);
#15156 = VERTEX_POINT('',#15157);
#15157 = CARTESIAN_POINT('',(16.54,-66.,-3.5E-02));
#15158 = LINE('',#15159,#15160);
#15159 = CARTESIAN_POINT('',(12.,-66.,-3.5E-02));
#15160 = VECTOR('',#15161,1.);
#15161 = DIRECTION('',(1.,0.,0.));
#15162 = ORIENTED_EDGE('',*,*,#15163,.F.);
#15163 = EDGE_CURVE('',#15164,#15156,#15166,.T.);
#15164 = VERTEX_POINT('',#15165);
#15165 = CARTESIAN_POINT('',(16.54,-66.,0.));
#15166 = LINE('',#15167,#15168);
#15167 = CARTESIAN_POINT('',(16.54,-66.,0.));
#15168 = VECTOR('',#15169,1.);
#15169 = DIRECTION('',(0.,0.,-1.));
#15170 = ORIENTED_EDGE('',*,*,#15171,.F.);
#15171 = EDGE_CURVE('',#15132,#15164,#15172,.T.);
#15172 = LINE('',#15173,#15174);
#15173 = CARTESIAN_POINT('',(12.,-66.,0.));
#15174 = VECTOR('',#15175,1.);
#15175 = DIRECTION('',(1.,0.,0.));
#15176 = PLANE('',#15177);
#15177 = AXIS2_PLACEMENT_3D('',#15178,#15179,#15180);
#15178 = CARTESIAN_POINT('',(12.,-66.,0.));
#15179 = DIRECTION('',(0.,-1.,0.));
#15180 = DIRECTION('',(1.,0.,0.));
#15181 = ADVANCED_FACE('',(#15182),#15207,.F.);
#15182 = FACE_BOUND('',#15183,.F.);
#15183 = EDGE_LOOP('',(#15184,#15185,#15193,#15201));
#15184 = ORIENTED_EDGE('',*,*,#15163,.T.);
#15185 = ORIENTED_EDGE('',*,*,#15186,.T.);
#15186 = EDGE_CURVE('',#15156,#15187,#15189,.T.);
#15187 = VERTEX_POINT('',#15188);
#15188 = CARTESIAN_POINT('',(16.54,-62.,-3.5E-02));
#15189 = LINE('',#15190,#15191);
#15190 = CARTESIAN_POINT('',(16.54,-66.,-3.5E-02));
#15191 = VECTOR('',#15192,1.);
#15192 = DIRECTION('',(0.,1.,0.));
#15193 = ORIENTED_EDGE('',*,*,#15194,.F.);
#15194 = EDGE_CURVE('',#15195,#15187,#15197,.T.);
#15195 = VERTEX_POINT('',#15196);
#15196 = CARTESIAN_POINT('',(16.54,-62.,0.));
#15197 = LINE('',#15198,#15199);
#15198 = CARTESIAN_POINT('',(16.54,-62.,0.));
#15199 = VECTOR('',#15200,1.);
#15200 = DIRECTION('',(0.,0.,-1.));
#15201 = ORIENTED_EDGE('',*,*,#15202,.F.);
#15202 = EDGE_CURVE('',#15164,#15195,#15203,.T.);
#15203 = LINE('',#15204,#15205);
#15204 = CARTESIAN_POINT('',(16.54,-66.,0.));
#15205 = VECTOR('',#15206,1.);
#15206 = DIRECTION('',(0.,1.,0.));
#15207 = PLANE('',#15208);
#15208 = AXIS2_PLACEMENT_3D('',#15209,#15210,#15211);
#15209 = CARTESIAN_POINT('',(16.54,-66.,0.));
#15210 = DIRECTION('',(1.,-0.,0.));
#15211 = DIRECTION('',(0.,1.,0.));
#15212 = ADVANCED_FACE('',(#15213),#15240,.T.);
#15213 = FACE_BOUND('',#15214,.F.);
#15214 = EDGE_LOOP('',(#15215,#15216,#15225,#15233));
#15215 = ORIENTED_EDGE('',*,*,#15194,.T.);
#15216 = ORIENTED_EDGE('',*,*,#15217,.T.);
#15217 = EDGE_CURVE('',#15187,#15218,#15220,.T.);
#15218 = VERTEX_POINT('',#15219);
#15219 = CARTESIAN_POINT('',(18.54,-62.,-3.5E-02));
#15220 = CIRCLE('',#15221,1.);
#15221 = AXIS2_PLACEMENT_3D('',#15222,#15223,#15224);
#15222 = CARTESIAN_POINT('',(17.54,-62.00000023138,-3.5E-02));
#15223 = DIRECTION('',(0.,0.,-1.));
#15224 = DIRECTION('',(-1.,2.313867142334E-07,0.));
#15225 = ORIENTED_EDGE('',*,*,#15226,.F.);
#15226 = EDGE_CURVE('',#15227,#15218,#15229,.T.);
#15227 = VERTEX_POINT('',#15228);
#15228 = CARTESIAN_POINT('',(18.54,-62.,0.));
#15229 = LINE('',#15230,#15231);
#15230 = CARTESIAN_POINT('',(18.54,-62.,0.));
#15231 = VECTOR('',#15232,1.);
#15232 = DIRECTION('',(0.,0.,-1.));
#15233 = ORIENTED_EDGE('',*,*,#15234,.F.);
#15234 = EDGE_CURVE('',#15195,#15227,#15235,.T.);
#15235 = CIRCLE('',#15236,1.);
#15236 = AXIS2_PLACEMENT_3D('',#15237,#15238,#15239);
#15237 = CARTESIAN_POINT('',(17.54,-62.00000023138,0.));
#15238 = DIRECTION('',(0.,0.,-1.));
#15239 = DIRECTION('',(-1.,2.313867142334E-07,0.));
#15240 = CYLINDRICAL_SURFACE('',#15241,1.);
#15241 = AXIS2_PLACEMENT_3D('',#15242,#15243,#15244);
#15242 = CARTESIAN_POINT('',(17.54,-62.00000023138,0.));
#15243 = DIRECTION('',(-0.,-0.,1.));
#15244 = DIRECTION('',(-1.,2.313867142334E-07,0.));
#15245 = ADVANCED_FACE('',(#15246),#15262,.F.);
#15246 = FACE_BOUND('',#15247,.F.);
#15247 = EDGE_LOOP('',(#15248,#15249,#15255,#15256));
#15248 = ORIENTED_EDGE('',*,*,#15226,.T.);
#15249 = ORIENTED_EDGE('',*,*,#15250,.T.);
#15250 = EDGE_CURVE('',#15218,#14644,#15251,.T.);
#15251 = LINE('',#15252,#15253);
#15252 = CARTESIAN_POINT('',(18.54,-62.,-3.5E-02));
#15253 = VECTOR('',#15254,1.);
#15254 = DIRECTION('',(0.,-1.,0.));
#15255 = ORIENTED_EDGE('',*,*,#14641,.F.);
#15256 = ORIENTED_EDGE('',*,*,#15257,.F.);
#15257 = EDGE_CURVE('',#15227,#14642,#15258,.T.);
#15258 = LINE('',#15259,#15260);
#15259 = CARTESIAN_POINT('',(18.54,-62.,0.));
#15260 = VECTOR('',#15261,1.);
#15261 = DIRECTION('',(0.,-1.,0.));
#15262 = PLANE('',#15263);
#15263 = AXIS2_PLACEMENT_3D('',#15264,#15265,#15266);
#15264 = CARTESIAN_POINT('',(18.54,-62.,0.));
#15265 = DIRECTION('',(-1.,-0.,-0.));
#15266 = DIRECTION('',(0.,-1.,0.));
#15267 = ADVANCED_FACE('',(#15268),#15295,.F.);
#15268 = FACE_BOUND('',#15269,.F.);
#15269 = EDGE_LOOP('',(#15270,#15280,#15287,#15288));
#15270 = ORIENTED_EDGE('',*,*,#15271,.T.);
#15271 = EDGE_CURVE('',#15272,#15274,#15276,.T.);
#15272 = VERTEX_POINT('',#15273);
#15273 = CARTESIAN_POINT('',(12.537392,-72.,0.));
#15274 = VERTEX_POINT('',#15275);
#15275 = CARTESIAN_POINT('',(12.537392,-72.,-3.5E-02));
#15276 = LINE('',#15277,#15278);
#15277 = CARTESIAN_POINT('',(12.537392,-72.,0.));
#15278 = VECTOR('',#15279,1.);
#15279 = DIRECTION('',(0.,0.,-1.));
#15280 = ORIENTED_EDGE('',*,*,#15281,.T.);
#15281 = EDGE_CURVE('',#15274,#15274,#15282,.T.);
#15282 = CIRCLE('',#15283,0.537392);
#15283 = AXIS2_PLACEMENT_3D('',#15284,#15285,#15286);
#15284 = CARTESIAN_POINT('',(12.,-72.,-3.5E-02));
#15285 = DIRECTION('',(0.,0.,1.));
#15286 = DIRECTION('',(1.,0.,-0.));
#15287 = ORIENTED_EDGE('',*,*,#15271,.F.);
#15288 = ORIENTED_EDGE('',*,*,#15289,.F.);
#15289 = EDGE_CURVE('',#15272,#15272,#15290,.T.);
#15290 = CIRCLE('',#15291,0.537392);
#15291 = AXIS2_PLACEMENT_3D('',#15292,#15293,#15294);
#15292 = CARTESIAN_POINT('',(12.,-72.,0.));
#15293 = DIRECTION('',(0.,0.,1.));
#15294 = DIRECTION('',(1.,0.,-0.));
#15295 = CYLINDRICAL_SURFACE('',#15296,0.537392);
#15296 = AXIS2_PLACEMENT_3D('',#15297,#15298,#15299);
#15297 = CARTESIAN_POINT('',(12.,-72.,0.));
#15298 = DIRECTION('',(0.,0.,1.));
#15299 = DIRECTION('',(1.,0.,-0.));
#15300 = ADVANCED_FACE('',(#15301),#15328,.F.);
#15301 = FACE_BOUND('',#15302,.F.);
#15302 = EDGE_LOOP('',(#15303,#15313,#15320,#15321));
#15303 = ORIENTED_EDGE('',*,*,#15304,.T.);
#15304 = EDGE_CURVE('',#15305,#15307,#15309,.T.);
#15305 = VERTEX_POINT('',#15306);
#15306 = CARTESIAN_POINT('',(24.337392,-70.96,0.));
#15307 = VERTEX_POINT('',#15308);
#15308 = CARTESIAN_POINT('',(24.337392,-70.96,-3.5E-02));
#15309 = LINE('',#15310,#15311);
#15310 = CARTESIAN_POINT('',(24.337392,-70.96,0.));
#15311 = VECTOR('',#15312,1.);
#15312 = DIRECTION('',(0.,0.,-1.));
#15313 = ORIENTED_EDGE('',*,*,#15314,.T.);
#15314 = EDGE_CURVE('',#15307,#15307,#15315,.T.);
#15315 = CIRCLE('',#15316,0.337392);
#15316 = AXIS2_PLACEMENT_3D('',#15317,#15318,#15319);
#15317 = CARTESIAN_POINT('',(24.,-70.96,-3.5E-02));
#15318 = DIRECTION('',(0.,0.,1.));
#15319 = DIRECTION('',(1.,0.,-0.));
#15320 = ORIENTED_EDGE('',*,*,#15304,.F.);
#15321 = ORIENTED_EDGE('',*,*,#15322,.F.);
#15322 = EDGE_CURVE('',#15305,#15305,#15323,.T.);
#15323 = CIRCLE('',#15324,0.337392);
#15324 = AXIS2_PLACEMENT_3D('',#15325,#15326,#15327);
#15325 = CARTESIAN_POINT('',(24.,-70.96,0.));
#15326 = DIRECTION('',(0.,0.,1.));
#15327 = DIRECTION('',(1.,0.,-0.));
#15328 = CYLINDRICAL_SURFACE('',#15329,0.337392);
#15329 = AXIS2_PLACEMENT_3D('',#15330,#15331,#15332);
#15330 = CARTESIAN_POINT('',(24.,-70.96,0.));
#15331 = DIRECTION('',(0.,0.,1.));
#15332 = DIRECTION('',(1.,0.,-0.));
#15333 = ADVANCED_FACE('',(#15334),#15361,.F.);
#15334 = FACE_BOUND('',#15335,.F.);
#15335 = EDGE_LOOP('',(#15336,#15346,#15353,#15354));
#15336 = ORIENTED_EDGE('',*,*,#15337,.T.);
#15337 = EDGE_CURVE('',#15338,#15340,#15342,.T.);
#15338 = VERTEX_POINT('',#15339);
#15339 = CARTESIAN_POINT('',(17.877392,-62.,0.));
#15340 = VERTEX_POINT('',#15341);
#15341 = CARTESIAN_POINT('',(17.877392,-62.,-3.5E-02));
#15342 = LINE('',#15343,#15344);
#15343 = CARTESIAN_POINT('',(17.877392,-62.,0.));
#15344 = VECTOR('',#15345,1.);
#15345 = DIRECTION('',(0.,0.,-1.));
#15346 = ORIENTED_EDGE('',*,*,#15347,.T.);
#15347 = EDGE_CURVE('',#15340,#15340,#15348,.T.);
#15348 = CIRCLE('',#15349,0.337392);
#15349 = AXIS2_PLACEMENT_3D('',#15350,#15351,#15352);
#15350 = CARTESIAN_POINT('',(17.54,-62.,-3.5E-02));
#15351 = DIRECTION('',(0.,0.,1.));
#15352 = DIRECTION('',(1.,0.,-0.));
#15353 = ORIENTED_EDGE('',*,*,#15337,.F.);
#15354 = ORIENTED_EDGE('',*,*,#15355,.F.);
#15355 = EDGE_CURVE('',#15338,#15338,#15356,.T.);
#15356 = CIRCLE('',#15357,0.337392);
#15357 = AXIS2_PLACEMENT_3D('',#15358,#15359,#15360);
#15358 = CARTESIAN_POINT('',(17.54,-62.,0.));
#15359 = DIRECTION('',(0.,0.,1.));
#15360 = DIRECTION('',(1.,0.,-0.));
#15361 = CYLINDRICAL_SURFACE('',#15362,0.337392);
#15362 = AXIS2_PLACEMENT_3D('',#15363,#15364,#15365);
#15363 = CARTESIAN_POINT('',(17.54,-62.,0.));
#15364 = DIRECTION('',(0.,0.,1.));
#15365 = DIRECTION('',(1.,0.,-0.));
#15366 = ADVANCED_FACE('',(#15367,#15389,#15392,#15395),#15398,.F.);
#15367 = FACE_BOUND('',#15368,.F.);
#15368 = EDGE_LOOP('',(#15369,#15370,#15371,#15372,#15373,#15374,#15375,
    #15376,#15377,#15378,#15379,#15380,#15381,#15382,#15383,#15384,
    #15385,#15386,#15387,#15388));
#15369 = ORIENTED_EDGE('',*,*,#14667,.T.);
#15370 = ORIENTED_EDGE('',*,*,#14699,.T.);
#15371 = ORIENTED_EDGE('',*,*,#14731,.T.);
#15372 = ORIENTED_EDGE('',*,*,#14762,.T.);
#15373 = ORIENTED_EDGE('',*,*,#14793,.T.);
#15374 = ORIENTED_EDGE('',*,*,#14824,.T.);
#15375 = ORIENTED_EDGE('',*,*,#14856,.T.);
#15376 = ORIENTED_EDGE('',*,*,#14888,.T.);
#15377 = ORIENTED_EDGE('',*,*,#14919,.T.);
#15378 = ORIENTED_EDGE('',*,*,#14950,.T.);
#15379 = ORIENTED_EDGE('',*,*,#14981,.T.);
#15380 = ORIENTED_EDGE('',*,*,#15012,.T.);
#15381 = ORIENTED_EDGE('',*,*,#15043,.T.);
#15382 = ORIENTED_EDGE('',*,*,#15075,.T.);
#15383 = ORIENTED_EDGE('',*,*,#15107,.T.);
#15384 = ORIENTED_EDGE('',*,*,#15139,.T.);
#15385 = ORIENTED_EDGE('',*,*,#15171,.T.);
#15386 = ORIENTED_EDGE('',*,*,#15202,.T.);
#15387 = ORIENTED_EDGE('',*,*,#15234,.T.);
#15388 = ORIENTED_EDGE('',*,*,#15257,.T.);
#15389 = FACE_BOUND('',#15390,.F.);
#15390 = EDGE_LOOP('',(#15391));
#15391 = ORIENTED_EDGE('',*,*,#15289,.T.);
#15392 = FACE_BOUND('',#15393,.F.);
#15393 = EDGE_LOOP('',(#15394));
#15394 = ORIENTED_EDGE('',*,*,#15322,.T.);
#15395 = FACE_BOUND('',#15396,.F.);
#15396 = EDGE_LOOP('',(#15397));
#15397 = ORIENTED_EDGE('',*,*,#15355,.T.);
#15398 = PLANE('',#15399);
#15399 = AXIS2_PLACEMENT_3D('',#15400,#15401,#15402);
#15400 = CARTESIAN_POINT('',(0.,0.,0.));
#15401 = DIRECTION('',(-0.,-0.,-1.));
#15402 = DIRECTION('',(-1.,0.,0.));
#15403 = ADVANCED_FACE('',(#15404,#15426,#15429,#15432),#15435,.T.);
#15404 = FACE_BOUND('',#15405,.T.);
#15405 = EDGE_LOOP('',(#15406,#15407,#15408,#15409,#15410,#15411,#15412,
    #15413,#15414,#15415,#15416,#15417,#15418,#15419,#15420,#15421,
    #15422,#15423,#15424,#15425));
#15406 = ORIENTED_EDGE('',*,*,#14651,.T.);
#15407 = ORIENTED_EDGE('',*,*,#14682,.T.);
#15408 = ORIENTED_EDGE('',*,*,#14715,.T.);
#15409 = ORIENTED_EDGE('',*,*,#14746,.T.);
#15410 = ORIENTED_EDGE('',*,*,#14777,.T.);
#15411 = ORIENTED_EDGE('',*,*,#14808,.T.);
#15412 = ORIENTED_EDGE('',*,*,#14839,.T.);
#15413 = ORIENTED_EDGE('',*,*,#14872,.T.);
#15414 = ORIENTED_EDGE('',*,*,#14903,.T.);
#15415 = ORIENTED_EDGE('',*,*,#14934,.T.);
#15416 = ORIENTED_EDGE('',*,*,#14965,.T.);
#15417 = ORIENTED_EDGE('',*,*,#14996,.T.);
#15418 = ORIENTED_EDGE('',*,*,#15027,.T.);
#15419 = ORIENTED_EDGE('',*,*,#15058,.T.);
#15420 = ORIENTED_EDGE('',*,*,#15091,.T.);
#15421 = ORIENTED_EDGE('',*,*,#15122,.T.);
#15422 = ORIENTED_EDGE('',*,*,#15155,.T.);
#15423 = ORIENTED_EDGE('',*,*,#15186,.T.);
#15424 = ORIENTED_EDGE('',*,*,#15217,.T.);
#15425 = ORIENTED_EDGE('',*,*,#15250,.T.);
#15426 = FACE_BOUND('',#15427,.T.);
#15427 = EDGE_LOOP('',(#15428));
#15428 = ORIENTED_EDGE('',*,*,#15281,.T.);
#15429 = FACE_BOUND('',#15430,.T.);
#15430 = EDGE_LOOP('',(#15431));
#15431 = ORIENTED_EDGE('',*,*,#15314,.T.);
#15432 = FACE_BOUND('',#15433,.T.);
#15433 = EDGE_LOOP('',(#15434));
#15434 = ORIENTED_EDGE('',*,*,#15347,.T.);
#15435 = PLANE('',#15436);
#15436 = AXIS2_PLACEMENT_3D('',#15437,#15438,#15439);
#15437 = CARTESIAN_POINT('',(0.,0.,-3.5E-02));
#15438 = DIRECTION('',(-0.,-0.,-1.));
#15439 = DIRECTION('',(-1.,0.,0.));
#15440 = MANIFOLD_SOLID_BREP('',#15441);
#15441 = CLOSED_SHELL('',(#15442,#15484,#15515,#15548,#15579,#15610,
    #15643,#15665,#15698,#15731,#15752));
#15442 = ADVANCED_FACE('',(#15443),#15479,.T.);
#15443 = FACE_BOUND('',#15444,.F.);
#15444 = EDGE_LOOP('',(#15445,#15455,#15464,#15472));
#15445 = ORIENTED_EDGE('',*,*,#15446,.T.);
#15446 = EDGE_CURVE('',#15447,#15449,#15451,.T.);
#15447 = VERTEX_POINT('',#15448);
#15448 = CARTESIAN_POINT('',(11.018356,-26.532893,0.));
#15449 = VERTEX_POINT('',#15450);
#15450 = CARTESIAN_POINT('',(11.018356,-26.532893,-3.5E-02));
#15451 = LINE('',#15452,#15453);
#15452 = CARTESIAN_POINT('',(11.018356,-26.532893,0.));
#15453 = VECTOR('',#15454,1.);
#15454 = DIRECTION('',(0.,0.,-1.));
#15455 = ORIENTED_EDGE('',*,*,#15456,.T.);
#15456 = EDGE_CURVE('',#15449,#15457,#15459,.T.);
#15457 = VERTEX_POINT('',#15458);
#15458 = CARTESIAN_POINT('',(11.725463,-26.24,-3.5E-02));
#15459 = CIRCLE('',#15460,1.000004086185);
#15460 = AXIS2_PLACEMENT_3D('',#15461,#15462,#15463);
#15461 = CARTESIAN_POINT('',(11.725464254924,-27.24000408618,-3.5E-02));
#15462 = DIRECTION('',(0.,0.,-1.));
#15463 = DIRECTION('',(-0.707105365561,0.707108196809,0.));
#15464 = ORIENTED_EDGE('',*,*,#15465,.F.);
#15465 = EDGE_CURVE('',#15466,#15457,#15468,.T.);
#15466 = VERTEX_POINT('',#15467);
#15467 = CARTESIAN_POINT('',(11.725463,-26.24,0.));
#15468 = LINE('',#15469,#15470);
#15469 = CARTESIAN_POINT('',(11.725463,-26.24,0.));
#15470 = VECTOR('',#15471,1.);
#15471 = DIRECTION('',(0.,0.,-1.));
#15472 = ORIENTED_EDGE('',*,*,#15473,.F.);
#15473 = EDGE_CURVE('',#15447,#15466,#15474,.T.);
#15474 = CIRCLE('',#15475,1.000004086185);
#15475 = AXIS2_PLACEMENT_3D('',#15476,#15477,#15478);
#15476 = CARTESIAN_POINT('',(11.725464254924,-27.24000408618,0.));
#15477 = DIRECTION('',(0.,0.,-1.));
#15478 = DIRECTION('',(-0.707105365561,0.707108196809,0.));
#15479 = CYLINDRICAL_SURFACE('',#15480,1.000004086185);
#15480 = AXIS2_PLACEMENT_3D('',#15481,#15482,#15483);
#15481 = CARTESIAN_POINT('',(11.725464254924,-27.24000408618,0.));
#15482 = DIRECTION('',(-0.,-0.,1.));
#15483 = DIRECTION('',(-0.707105365561,0.707108196809,0.));
#15484 = ADVANCED_FACE('',(#15485),#15510,.F.);
#15485 = FACE_BOUND('',#15486,.F.);
#15486 = EDGE_LOOP('',(#15487,#15488,#15496,#15504));
#15487 = ORIENTED_EDGE('',*,*,#15465,.T.);
#15488 = ORIENTED_EDGE('',*,*,#15489,.T.);
#15489 = EDGE_CURVE('',#15457,#15490,#15492,.T.);
#15490 = VERTEX_POINT('',#15491);
#15491 = CARTESIAN_POINT('',(16.11,-26.24,-3.5E-02));
#15492 = LINE('',#15493,#15494);
#15493 = CARTESIAN_POINT('',(11.725463,-26.24,-3.5E-02));
#15494 = VECTOR('',#15495,1.);
#15495 = DIRECTION('',(1.,0.,0.));
#15496 = ORIENTED_EDGE('',*,*,#15497,.F.);
#15497 = EDGE_CURVE('',#15498,#15490,#15500,.T.);
#15498 = VERTEX_POINT('',#15499);
#15499 = CARTESIAN_POINT('',(16.11,-26.24,0.));
#15500 = LINE('',#15501,#15502);
#15501 = CARTESIAN_POINT('',(16.11,-26.24,0.));
#15502 = VECTOR('',#15503,1.);
#15503 = DIRECTION('',(0.,0.,-1.));
#15504 = ORIENTED_EDGE('',*,*,#15505,.F.);
#15505 = EDGE_CURVE('',#15466,#15498,#15506,.T.);
#15506 = LINE('',#15507,#15508);
#15507 = CARTESIAN_POINT('',(11.725463,-26.24,0.));
#15508 = VECTOR('',#15509,1.);
#15509 = DIRECTION('',(1.,0.,0.));
#15510 = PLANE('',#15511);
#15511 = AXIS2_PLACEMENT_3D('',#15512,#15513,#15514);
#15512 = CARTESIAN_POINT('',(11.725463,-26.24,0.));
#15513 = DIRECTION('',(0.,-1.,0.));
#15514 = DIRECTION('',(1.,0.,0.));
#15515 = ADVANCED_FACE('',(#15516),#15543,.T.);
#15516 = FACE_BOUND('',#15517,.F.);
#15517 = EDGE_LOOP('',(#15518,#15519,#15528,#15536));
#15518 = ORIENTED_EDGE('',*,*,#15497,.T.);
#15519 = ORIENTED_EDGE('',*,*,#15520,.T.);
#15520 = EDGE_CURVE('',#15490,#15521,#15523,.T.);
#15521 = VERTEX_POINT('',#15522);
#15522 = CARTESIAN_POINT('',(16.11,-28.24,-3.5E-02));
#15523 = CIRCLE('',#15524,1.);
#15524 = AXIS2_PLACEMENT_3D('',#15525,#15526,#15527);
#15525 = CARTESIAN_POINT('',(16.110000259507,-27.24,-3.5E-02));
#15526 = DIRECTION('',(0.,0.,-1.));
#15527 = DIRECTION('',(-2.595065247135E-07,1.,-0.));
#15528 = ORIENTED_EDGE('',*,*,#15529,.F.);
#15529 = EDGE_CURVE('',#15530,#15521,#15532,.T.);
#15530 = VERTEX_POINT('',#15531);
#15531 = CARTESIAN_POINT('',(16.11,-28.24,0.));
#15532 = LINE('',#15533,#15534);
#15533 = CARTESIAN_POINT('',(16.11,-28.24,0.));
#15534 = VECTOR('',#15535,1.);
#15535 = DIRECTION('',(0.,0.,-1.));
#15536 = ORIENTED_EDGE('',*,*,#15537,.F.);
#15537 = EDGE_CURVE('',#15498,#15530,#15538,.T.);
#15538 = CIRCLE('',#15539,1.);
#15539 = AXIS2_PLACEMENT_3D('',#15540,#15541,#15542);
#15540 = CARTESIAN_POINT('',(16.110000259507,-27.24,0.));
#15541 = DIRECTION('',(0.,0.,-1.));
#15542 = DIRECTION('',(-2.595065247135E-07,1.,-0.));
#15543 = CYLINDRICAL_SURFACE('',#15544,1.);
#15544 = AXIS2_PLACEMENT_3D('',#15545,#15546,#15547);
#15545 = CARTESIAN_POINT('',(16.110000259507,-27.24,0.));
#15546 = DIRECTION('',(-0.,-0.,1.));
#15547 = DIRECTION('',(-2.595065247135E-07,1.,-0.));
#15548 = ADVANCED_FACE('',(#15549),#15574,.F.);
#15549 = FACE_BOUND('',#15550,.F.);
#15550 = EDGE_LOOP('',(#15551,#15552,#15560,#15568));
#15551 = ORIENTED_EDGE('',*,*,#15529,.T.);
#15552 = ORIENTED_EDGE('',*,*,#15553,.T.);
#15553 = EDGE_CURVE('',#15521,#15554,#15556,.T.);
#15554 = VERTEX_POINT('',#15555);
#15555 = CARTESIAN_POINT('',(12.139677,-28.24,-3.5E-02));
#15556 = LINE('',#15557,#15558);
#15557 = CARTESIAN_POINT('',(16.11,-28.24,-3.5E-02));
#15558 = VECTOR('',#15559,1.);
#15559 = DIRECTION('',(-1.,0.,0.));
#15560 = ORIENTED_EDGE('',*,*,#15561,.F.);
#15561 = EDGE_CURVE('',#15562,#15554,#15564,.T.);
#15562 = VERTEX_POINT('',#15563);
#15563 = CARTESIAN_POINT('',(12.139677,-28.24,0.));
#15564 = LINE('',#15565,#15566);
#15565 = CARTESIAN_POINT('',(12.139677,-28.24,0.));
#15566 = VECTOR('',#15567,1.);
#15567 = DIRECTION('',(0.,0.,-1.));
#15568 = ORIENTED_EDGE('',*,*,#15569,.F.);
#15569 = EDGE_CURVE('',#15530,#15562,#15570,.T.);
#15570 = LINE('',#15571,#15572);
#15571 = CARTESIAN_POINT('',(16.11,-28.24,0.));
#15572 = VECTOR('',#15573,1.);
#15573 = DIRECTION('',(-1.,0.,0.));
#15574 = PLANE('',#15575);
#15575 = AXIS2_PLACEMENT_3D('',#15576,#15577,#15578);
#15576 = CARTESIAN_POINT('',(16.11,-28.24,0.));
#15577 = DIRECTION('',(0.,1.,0.));
#15578 = DIRECTION('',(-1.,0.,0.));
#15579 = ADVANCED_FACE('',(#15580),#15605,.F.);
#15580 = FACE_BOUND('',#15581,.F.);
#15581 = EDGE_LOOP('',(#15582,#15583,#15591,#15599));
#15582 = ORIENTED_EDGE('',*,*,#15561,.T.);
#15583 = ORIENTED_EDGE('',*,*,#15584,.T.);
#15584 = EDGE_CURVE('',#15554,#15585,#15587,.T.);
#15585 = VERTEX_POINT('',#15586);
#15586 = CARTESIAN_POINT('',(8.225853,-32.153824,-3.5E-02));
#15587 = LINE('',#15588,#15589);
#15588 = CARTESIAN_POINT('',(12.139677,-28.24,-3.5E-02));
#15589 = VECTOR('',#15590,1.);
#15590 = DIRECTION('',(-0.707106781187,-0.707106781187,0.));
#15591 = ORIENTED_EDGE('',*,*,#15592,.F.);
#15592 = EDGE_CURVE('',#15593,#15585,#15595,.T.);
#15593 = VERTEX_POINT('',#15594);
#15594 = CARTESIAN_POINT('',(8.225853,-32.153824,0.));
#15595 = LINE('',#15596,#15597);
#15596 = CARTESIAN_POINT('',(8.225853,-32.153824,0.));
#15597 = VECTOR('',#15598,1.);
#15598 = DIRECTION('',(0.,0.,-1.));
#15599 = ORIENTED_EDGE('',*,*,#15600,.F.);
#15600 = EDGE_CURVE('',#15562,#15593,#15601,.T.);
#15601 = LINE('',#15602,#15603);
#15602 = CARTESIAN_POINT('',(12.139677,-28.24,0.));
#15603 = VECTOR('',#15604,1.);
#15604 = DIRECTION('',(-0.707106781187,-0.707106781187,0.));
#15605 = PLANE('',#15606);
#15606 = AXIS2_PLACEMENT_3D('',#15607,#15608,#15609);
#15607 = CARTESIAN_POINT('',(12.139677,-28.24,0.));
#15608 = DIRECTION('',(-0.707106781187,0.707106781187,0.));
#15609 = DIRECTION('',(-0.707106781187,-0.707106781187,0.));
#15610 = ADVANCED_FACE('',(#15611),#15638,.T.);
#15611 = FACE_BOUND('',#15612,.F.);
#15612 = EDGE_LOOP('',(#15613,#15614,#15623,#15631));
#15613 = ORIENTED_EDGE('',*,*,#15592,.T.);
#15614 = ORIENTED_EDGE('',*,*,#15615,.T.);
#15615 = EDGE_CURVE('',#15585,#15616,#15618,.T.);
#15616 = VERTEX_POINT('',#15617);
#15617 = CARTESIAN_POINT('',(6.811639,-30.73961,-3.5E-02));
#15618 = CIRCLE('',#15619,1.000000309449);
#15619 = AXIS2_PLACEMENT_3D('',#15620,#15621,#15622);
#15620 = CARTESIAN_POINT('',(7.518745596968,-31.44671740303,-3.5E-02));
#15621 = DIRECTION('',(-0.,0.,-1.));
#15622 = DIRECTION('',(0.707107184218,-0.707106378154,-0.));
#15623 = ORIENTED_EDGE('',*,*,#15624,.F.);
#15624 = EDGE_CURVE('',#15625,#15616,#15627,.T.);
#15625 = VERTEX_POINT('',#15626);
#15626 = CARTESIAN_POINT('',(6.811639,-30.73961,0.));
#15627 = LINE('',#15628,#15629);
#15628 = CARTESIAN_POINT('',(6.811639,-30.73961,0.));
#15629 = VECTOR('',#15630,1.);
#15630 = DIRECTION('',(0.,0.,-1.));
#15631 = ORIENTED_EDGE('',*,*,#15632,.F.);
#15632 = EDGE_CURVE('',#15593,#15625,#15633,.T.);
#15633 = CIRCLE('',#15634,1.000000309449);
#15634 = AXIS2_PLACEMENT_3D('',#15635,#15636,#15637);
#15635 = CARTESIAN_POINT('',(7.518745596968,-31.44671740303,0.));
#15636 = DIRECTION('',(-0.,0.,-1.));
#15637 = DIRECTION('',(0.707107184218,-0.707106378154,-0.));
#15638 = CYLINDRICAL_SURFACE('',#15639,1.000000309449);
#15639 = AXIS2_PLACEMENT_3D('',#15640,#15641,#15642);
#15640 = CARTESIAN_POINT('',(7.518745596968,-31.44671740303,0.));
#15641 = DIRECTION('',(0.,-0.,1.));
#15642 = DIRECTION('',(0.707107184218,-0.707106378154,-0.));
#15643 = ADVANCED_FACE('',(#15644),#15660,.F.);
#15644 = FACE_BOUND('',#15645,.F.);
#15645 = EDGE_LOOP('',(#15646,#15647,#15653,#15654));
#15646 = ORIENTED_EDGE('',*,*,#15624,.T.);
#15647 = ORIENTED_EDGE('',*,*,#15648,.T.);
#15648 = EDGE_CURVE('',#15616,#15449,#15649,.T.);
#15649 = LINE('',#15650,#15651);
#15650 = CARTESIAN_POINT('',(6.811639,-30.73961,-3.5E-02));
#15651 = VECTOR('',#15652,1.);
#15652 = DIRECTION('',(0.707106781187,0.707106781187,0.));
#15653 = ORIENTED_EDGE('',*,*,#15446,.F.);
#15654 = ORIENTED_EDGE('',*,*,#15655,.F.);
#15655 = EDGE_CURVE('',#15625,#15447,#15656,.T.);
#15656 = LINE('',#15657,#15658);
#15657 = CARTESIAN_POINT('',(6.811639,-30.73961,0.));
#15658 = VECTOR('',#15659,1.);
#15659 = DIRECTION('',(0.707106781187,0.707106781187,0.));
#15660 = PLANE('',#15661);
#15661 = AXIS2_PLACEMENT_3D('',#15662,#15663,#15664);
#15662 = CARTESIAN_POINT('',(6.811639,-30.73961,0.));
#15663 = DIRECTION('',(0.707106781187,-0.707106781187,0.));
#15664 = DIRECTION('',(0.707106781187,0.707106781187,0.));
#15665 = ADVANCED_FACE('',(#15666),#15693,.F.);
#15666 = FACE_BOUND('',#15667,.F.);
#15667 = EDGE_LOOP('',(#15668,#15678,#15685,#15686));
#15668 = ORIENTED_EDGE('',*,*,#15669,.T.);
#15669 = EDGE_CURVE('',#15670,#15672,#15674,.T.);
#15670 = VERTEX_POINT('',#15671);
#15671 = CARTESIAN_POINT('',(7.987392,-31.735,0.));
#15672 = VERTEX_POINT('',#15673);
#15673 = CARTESIAN_POINT('',(7.987392,-31.735,-3.5E-02));
#15674 = LINE('',#15675,#15676);
#15675 = CARTESIAN_POINT('',(7.987392,-31.735,0.));
#15676 = VECTOR('',#15677,1.);
#15677 = DIRECTION('',(0.,0.,-1.));
#15678 = ORIENTED_EDGE('',*,*,#15679,.T.);
#15679 = EDGE_CURVE('',#15672,#15672,#15680,.T.);
#15680 = CIRCLE('',#15681,0.487392);
#15681 = AXIS2_PLACEMENT_3D('',#15682,#15683,#15684);
#15682 = CARTESIAN_POINT('',(7.5,-31.735,-3.5E-02));
#15683 = DIRECTION('',(0.,0.,1.));
#15684 = DIRECTION('',(1.,0.,-0.));
#15685 = ORIENTED_EDGE('',*,*,#15669,.F.);
#15686 = ORIENTED_EDGE('',*,*,#15687,.F.);
#15687 = EDGE_CURVE('',#15670,#15670,#15688,.T.);
#15688 = CIRCLE('',#15689,0.487392);
#15689 = AXIS2_PLACEMENT_3D('',#15690,#15691,#15692);
#15690 = CARTESIAN_POINT('',(7.5,-31.735,0.));
#15691 = DIRECTION('',(0.,0.,1.));
#15692 = DIRECTION('',(1.,0.,-0.));
#15693 = CYLINDRICAL_SURFACE('',#15694,0.487392);
#15694 = AXIS2_PLACEMENT_3D('',#15695,#15696,#15697);
#15695 = CARTESIAN_POINT('',(7.5,-31.735,0.));
#15696 = DIRECTION('',(0.,0.,1.));
#15697 = DIRECTION('',(1.,0.,-0.));
#15698 = ADVANCED_FACE('',(#15699),#15726,.F.);
#15699 = FACE_BOUND('',#15700,.F.);
#15700 = EDGE_LOOP('',(#15701,#15711,#15718,#15719));
#15701 = ORIENTED_EDGE('',*,*,#15702,.T.);
#15702 = EDGE_CURVE('',#15703,#15705,#15707,.T.);
#15703 = VERTEX_POINT('',#15704);
#15704 = CARTESIAN_POINT('',(16.597392,-27.24,0.));
#15705 = VERTEX_POINT('',#15706);
#15706 = CARTESIAN_POINT('',(16.597392,-27.24,-3.5E-02));
#15707 = LINE('',#15708,#15709);
#15708 = CARTESIAN_POINT('',(16.597392,-27.24,0.));
#15709 = VECTOR('',#15710,1.);
#15710 = DIRECTION('',(0.,0.,-1.));
#15711 = ORIENTED_EDGE('',*,*,#15712,.T.);
#15712 = EDGE_CURVE('',#15705,#15705,#15713,.T.);
#15713 = CIRCLE('',#15714,0.487392);
#15714 = AXIS2_PLACEMENT_3D('',#15715,#15716,#15717);
#15715 = CARTESIAN_POINT('',(16.11,-27.24,-3.5E-02));
#15716 = DIRECTION('',(0.,0.,1.));
#15717 = DIRECTION('',(1.,0.,-0.));
#15718 = ORIENTED_EDGE('',*,*,#15702,.F.);
#15719 = ORIENTED_EDGE('',*,*,#15720,.F.);
#15720 = EDGE_CURVE('',#15703,#15703,#15721,.T.);
#15721 = CIRCLE('',#15722,0.487392);
#15722 = AXIS2_PLACEMENT_3D('',#15723,#15724,#15725);
#15723 = CARTESIAN_POINT('',(16.11,-27.24,0.));
#15724 = DIRECTION('',(0.,0.,1.));
#15725 = DIRECTION('',(1.,0.,-0.));
#15726 = CYLINDRICAL_SURFACE('',#15727,0.487392);
#15727 = AXIS2_PLACEMENT_3D('',#15728,#15729,#15730);
#15728 = CARTESIAN_POINT('',(16.11,-27.24,0.));
#15729 = DIRECTION('',(0.,0.,1.));
#15730 = DIRECTION('',(1.,0.,-0.));
#15731 = ADVANCED_FACE('',(#15732,#15741,#15744),#15747,.F.);
#15732 = FACE_BOUND('',#15733,.F.);
#15733 = EDGE_LOOP('',(#15734,#15735,#15736,#15737,#15738,#15739,#15740)
  );
#15734 = ORIENTED_EDGE('',*,*,#15473,.T.);
#15735 = ORIENTED_EDGE('',*,*,#15505,.T.);
#15736 = ORIENTED_EDGE('',*,*,#15537,.T.);
#15737 = ORIENTED_EDGE('',*,*,#15569,.T.);
#15738 = ORIENTED_EDGE('',*,*,#15600,.T.);
#15739 = ORIENTED_EDGE('',*,*,#15632,.T.);
#15740 = ORIENTED_EDGE('',*,*,#15655,.T.);
#15741 = FACE_BOUND('',#15742,.F.);
#15742 = EDGE_LOOP('',(#15743));
#15743 = ORIENTED_EDGE('',*,*,#15687,.T.);
#15744 = FACE_BOUND('',#15745,.F.);
#15745 = EDGE_LOOP('',(#15746));
#15746 = ORIENTED_EDGE('',*,*,#15720,.T.);
#15747 = PLANE('',#15748);
#15748 = AXIS2_PLACEMENT_3D('',#15749,#15750,#15751);
#15749 = CARTESIAN_POINT('',(0.,0.,0.));
#15750 = DIRECTION('',(-0.,-0.,-1.));
#15751 = DIRECTION('',(-1.,0.,0.));
#15752 = ADVANCED_FACE('',(#15753,#15762,#15765),#15768,.T.);
#15753 = FACE_BOUND('',#15754,.T.);
#15754 = EDGE_LOOP('',(#15755,#15756,#15757,#15758,#15759,#15760,#15761)
  );
#15755 = ORIENTED_EDGE('',*,*,#15456,.T.);
#15756 = ORIENTED_EDGE('',*,*,#15489,.T.);
#15757 = ORIENTED_EDGE('',*,*,#15520,.T.);
#15758 = ORIENTED_EDGE('',*,*,#15553,.T.);
#15759 = ORIENTED_EDGE('',*,*,#15584,.T.);
#15760 = ORIENTED_EDGE('',*,*,#15615,.T.);
#15761 = ORIENTED_EDGE('',*,*,#15648,.T.);
#15762 = FACE_BOUND('',#15763,.T.);
#15763 = EDGE_LOOP('',(#15764));
#15764 = ORIENTED_EDGE('',*,*,#15679,.T.);
#15765 = FACE_BOUND('',#15766,.T.);
#15766 = EDGE_LOOP('',(#15767));
#15767 = ORIENTED_EDGE('',*,*,#15712,.T.);
#15768 = PLANE('',#15769);
#15769 = AXIS2_PLACEMENT_3D('',#15770,#15771,#15772);
#15770 = CARTESIAN_POINT('',(0.,0.,-3.5E-02));
#15771 = DIRECTION('',(-0.,-0.,-1.));
#15772 = DIRECTION('',(-1.,0.,0.));
#15773 = MANIFOLD_SOLID_BREP('',#15774);
#15774 = CLOSED_SHELL('',(#15775,#15817,#15848,#15881,#15912,#15943,
    #15974,#16005,#16038,#16069,#16102,#16133,#16166,#16197,#16228,
    #16261,#16292,#16325,#16356,#16387,#16418,#16449,#16482,#16513,
    #16546,#16577,#16599,#16632,#16665,#16705));
#15775 = ADVANCED_FACE('',(#15776),#15812,.T.);
#15776 = FACE_BOUND('',#15777,.F.);
#15777 = EDGE_LOOP('',(#15778,#15788,#15797,#15805));
#15778 = ORIENTED_EDGE('',*,*,#15779,.T.);
#15779 = EDGE_CURVE('',#15780,#15782,#15784,.T.);
#15780 = VERTEX_POINT('',#15781);
#15781 = CARTESIAN_POINT('',(29.774956,-23.992893,0.));
#15782 = VERTEX_POINT('',#15783);
#15783 = CARTESIAN_POINT('',(29.774956,-23.992893,-3.5E-02));
#15784 = LINE('',#15785,#15786);
#15785 = CARTESIAN_POINT('',(29.774956,-23.992893,0.));
#15786 = VECTOR('',#15787,1.);
#15787 = DIRECTION('',(0.,0.,-1.));
#15788 = ORIENTED_EDGE('',*,*,#15789,.T.);
#15789 = EDGE_CURVE('',#15782,#15790,#15792,.T.);
#15790 = VERTEX_POINT('',#15791);
#15791 = CARTESIAN_POINT('',(30.482063,-23.7,-3.5E-02));
#15792 = CIRCLE('',#15793,1.000004086185);
#15793 = AXIS2_PLACEMENT_3D('',#15794,#15795,#15796);
#15794 = CARTESIAN_POINT('',(30.482064254924,-24.70000408618,-3.5E-02));
#15795 = DIRECTION('',(0.,0.,-1.));
#15796 = DIRECTION('',(-0.707105365561,0.707108196809,0.));
#15797 = ORIENTED_EDGE('',*,*,#15798,.F.);
#15798 = EDGE_CURVE('',#15799,#15790,#15801,.T.);
#15799 = VERTEX_POINT('',#15800);
#15800 = CARTESIAN_POINT('',(30.482063,-23.7,0.));
#15801 = LINE('',#15802,#15803);
#15802 = CARTESIAN_POINT('',(30.482063,-23.7,0.));
#15803 = VECTOR('',#15804,1.);
#15804 = DIRECTION('',(0.,0.,-1.));
#15805 = ORIENTED_EDGE('',*,*,#15806,.F.);
#15806 = EDGE_CURVE('',#15780,#15799,#15807,.T.);
#15807 = CIRCLE('',#15808,1.000004086185);
#15808 = AXIS2_PLACEMENT_3D('',#15809,#15810,#15811);
#15809 = CARTESIAN_POINT('',(30.482064254924,-24.70000408618,0.));
#15810 = DIRECTION('',(0.,0.,-1.));
#15811 = DIRECTION('',(-0.707105365561,0.707108196809,0.));
#15812 = CYLINDRICAL_SURFACE('',#15813,1.000004086185);
#15813 = AXIS2_PLACEMENT_3D('',#15814,#15815,#15816);
#15814 = CARTESIAN_POINT('',(30.482064254924,-24.70000408618,0.));
#15815 = DIRECTION('',(-0.,-0.,1.));
#15816 = DIRECTION('',(-0.707105365561,0.707108196809,0.));
#15817 = ADVANCED_FACE('',(#15818),#15843,.F.);
#15818 = FACE_BOUND('',#15819,.F.);
#15819 = EDGE_LOOP('',(#15820,#15821,#15829,#15837));
#15820 = ORIENTED_EDGE('',*,*,#15798,.T.);
#15821 = ORIENTED_EDGE('',*,*,#15822,.T.);
#15822 = EDGE_CURVE('',#15790,#15823,#15825,.T.);
#15823 = VERTEX_POINT('',#15824);
#15824 = CARTESIAN_POINT('',(34.,-23.7,-3.5E-02));
#15825 = LINE('',#15826,#15827);
#15826 = CARTESIAN_POINT('',(30.482063,-23.7,-3.5E-02));
#15827 = VECTOR('',#15828,1.);
#15828 = DIRECTION('',(1.,0.,0.));
#15829 = ORIENTED_EDGE('',*,*,#15830,.F.);
#15830 = EDGE_CURVE('',#15831,#15823,#15833,.T.);
#15831 = VERTEX_POINT('',#15832);
#15832 = CARTESIAN_POINT('',(34.,-23.7,0.));
#15833 = LINE('',#15834,#15835);
#15834 = CARTESIAN_POINT('',(34.,-23.7,0.));
#15835 = VECTOR('',#15836,1.);
#15836 = DIRECTION('',(0.,0.,-1.));
#15837 = ORIENTED_EDGE('',*,*,#15838,.F.);
#15838 = EDGE_CURVE('',#15799,#15831,#15839,.T.);
#15839 = LINE('',#15840,#15841);
#15840 = CARTESIAN_POINT('',(30.482063,-23.7,0.));
#15841 = VECTOR('',#15842,1.);
#15842 = DIRECTION('',(1.,0.,0.));
#15843 = PLANE('',#15844);
#15844 = AXIS2_PLACEMENT_3D('',#15845,#15846,#15847);
#15845 = CARTESIAN_POINT('',(30.482063,-23.7,0.));
#15846 = DIRECTION('',(0.,-1.,0.));
#15847 = DIRECTION('',(1.,0.,0.));
#15848 = ADVANCED_FACE('',(#15849),#15876,.T.);
#15849 = FACE_BOUND('',#15850,.F.);
#15850 = EDGE_LOOP('',(#15851,#15852,#15861,#15869));
#15851 = ORIENTED_EDGE('',*,*,#15830,.T.);
#15852 = ORIENTED_EDGE('',*,*,#15853,.T.);
#15853 = EDGE_CURVE('',#15823,#15854,#15856,.T.);
#15854 = VERTEX_POINT('',#15855);
#15855 = CARTESIAN_POINT('',(34.,-25.7,-3.5E-02));
#15856 = CIRCLE('',#15857,1.);
#15857 = AXIS2_PLACEMENT_3D('',#15858,#15859,#15860);
#15858 = CARTESIAN_POINT('',(34.000000259507,-24.7,-3.5E-02));
#15859 = DIRECTION('',(0.,0.,-1.));
#15860 = DIRECTION('',(-2.595065211608E-07,1.,-0.));
#15861 = ORIENTED_EDGE('',*,*,#15862,.F.);
#15862 = EDGE_CURVE('',#15863,#15854,#15865,.T.);
#15863 = VERTEX_POINT('',#15864);
#15864 = CARTESIAN_POINT('',(34.,-25.7,0.));
#15865 = LINE('',#15866,#15867);
#15866 = CARTESIAN_POINT('',(34.,-25.7,0.));
#15867 = VECTOR('',#15868,1.);
#15868 = DIRECTION('',(0.,0.,-1.));
#15869 = ORIENTED_EDGE('',*,*,#15870,.F.);
#15870 = EDGE_CURVE('',#15831,#15863,#15871,.T.);
#15871 = CIRCLE('',#15872,1.);
#15872 = AXIS2_PLACEMENT_3D('',#15873,#15874,#15875);
#15873 = CARTESIAN_POINT('',(34.000000259507,-24.7,0.));
#15874 = DIRECTION('',(0.,0.,-1.));
#15875 = DIRECTION('',(-2.595065211608E-07,1.,-0.));
#15876 = CYLINDRICAL_SURFACE('',#15877,1.);
#15877 = AXIS2_PLACEMENT_3D('',#15878,#15879,#15880);
#15878 = CARTESIAN_POINT('',(34.000000259507,-24.7,0.));
#15879 = DIRECTION('',(-0.,-0.,1.));
#15880 = DIRECTION('',(-2.595065211608E-07,1.,-0.));
#15881 = ADVANCED_FACE('',(#15882),#15907,.F.);
#15882 = FACE_BOUND('',#15883,.F.);
#15883 = EDGE_LOOP('',(#15884,#15885,#15893,#15901));
#15884 = ORIENTED_EDGE('',*,*,#15862,.T.);
#15885 = ORIENTED_EDGE('',*,*,#15886,.T.);
#15886 = EDGE_CURVE('',#15854,#15887,#15889,.T.);
#15887 = VERTEX_POINT('',#15888);
#15888 = CARTESIAN_POINT('',(30.896277,-25.7,-3.5E-02));
#15889 = LINE('',#15890,#15891);
#15890 = CARTESIAN_POINT('',(34.,-25.7,-3.5E-02));
#15891 = VECTOR('',#15892,1.);
#15892 = DIRECTION('',(-1.,0.,0.));
#15893 = ORIENTED_EDGE('',*,*,#15894,.F.);
#15894 = EDGE_CURVE('',#15895,#15887,#15897,.T.);
#15895 = VERTEX_POINT('',#15896);
#15896 = CARTESIAN_POINT('',(30.896277,-25.7,0.));
#15897 = LINE('',#15898,#15899);
#15898 = CARTESIAN_POINT('',(30.896277,-25.7,0.));
#15899 = VECTOR('',#15900,1.);
#15900 = DIRECTION('',(0.,0.,-1.));
#15901 = ORIENTED_EDGE('',*,*,#15902,.F.);
#15902 = EDGE_CURVE('',#15863,#15895,#15903,.T.);
#15903 = LINE('',#15904,#15905);
#15904 = CARTESIAN_POINT('',(34.,-25.7,0.));
#15905 = VECTOR('',#15906,1.);
#15906 = DIRECTION('',(-1.,0.,0.));
#15907 = PLANE('',#15908);
#15908 = AXIS2_PLACEMENT_3D('',#15909,#15910,#15911);
#15909 = CARTESIAN_POINT('',(34.,-25.7,0.));
#15910 = DIRECTION('',(0.,1.,0.));
#15911 = DIRECTION('',(-1.,0.,0.));
#15912 = ADVANCED_FACE('',(#15913),#15938,.F.);
#15913 = FACE_BOUND('',#15914,.F.);
#15914 = EDGE_LOOP('',(#15915,#15916,#15924,#15932));
#15915 = ORIENTED_EDGE('',*,*,#15894,.T.);
#15916 = ORIENTED_EDGE('',*,*,#15917,.T.);
#15917 = EDGE_CURVE('',#15887,#15918,#15920,.T.);
#15918 = VERTEX_POINT('',#15919);
#15919 = CARTESIAN_POINT('',(30.,-26.596277,-3.5E-02));
#15920 = LINE('',#15921,#15922);
#15921 = CARTESIAN_POINT('',(30.896277,-25.7,-3.5E-02));
#15922 = VECTOR('',#15923,1.);
#15923 = DIRECTION('',(-0.707106781187,-0.707106781187,0.));
#15924 = ORIENTED_EDGE('',*,*,#15925,.F.);
#15925 = EDGE_CURVE('',#15926,#15918,#15928,.T.);
#15926 = VERTEX_POINT('',#15927);
#15927 = CARTESIAN_POINT('',(30.,-26.596277,0.));
#15928 = LINE('',#15929,#15930);
#15929 = CARTESIAN_POINT('',(30.,-26.596277,0.));
#15930 = VECTOR('',#15931,1.);
#15931 = DIRECTION('',(0.,0.,-1.));
#15932 = ORIENTED_EDGE('',*,*,#15933,.F.);
#15933 = EDGE_CURVE('',#15895,#15926,#15934,.T.);
#15934 = LINE('',#15935,#15936);
#15935 = CARTESIAN_POINT('',(30.896277,-25.7,0.));
#15936 = VECTOR('',#15937,1.);
#15937 = DIRECTION('',(-0.707106781187,-0.707106781187,0.));
#15938 = PLANE('',#15939);
#15939 = AXIS2_PLACEMENT_3D('',#15940,#15941,#15942);
#15940 = CARTESIAN_POINT('',(30.896277,-25.7,0.));
#15941 = DIRECTION('',(-0.707106781187,0.707106781187,0.));
#15942 = DIRECTION('',(-0.707106781187,-0.707106781187,0.));
#15943 = ADVANCED_FACE('',(#15944),#15969,.F.);
#15944 = FACE_BOUND('',#15945,.F.);
#15945 = EDGE_LOOP('',(#15946,#15947,#15955,#15963));
#15946 = ORIENTED_EDGE('',*,*,#15925,.T.);
#15947 = ORIENTED_EDGE('',*,*,#15948,.T.);
#15948 = EDGE_CURVE('',#15918,#15949,#15951,.T.);
#15949 = VERTEX_POINT('',#15950);
#15950 = CARTESIAN_POINT('',(30.,-29.920509,-3.5E-02));
#15951 = LINE('',#15952,#15953);
#15952 = CARTESIAN_POINT('',(30.,-26.596277,-3.5E-02));
#15953 = VECTOR('',#15954,1.);
#15954 = DIRECTION('',(0.,-1.,0.));
#15955 = ORIENTED_EDGE('',*,*,#15956,.F.);
#15956 = EDGE_CURVE('',#15957,#15949,#15959,.T.);
#15957 = VERTEX_POINT('',#15958);
#15958 = CARTESIAN_POINT('',(30.,-29.920509,0.));
#15959 = LINE('',#15960,#15961);
#15960 = CARTESIAN_POINT('',(30.,-29.920509,0.));
#15961 = VECTOR('',#15962,1.);
#15962 = DIRECTION('',(0.,0.,-1.));
#15963 = ORIENTED_EDGE('',*,*,#15964,.F.);
#15964 = EDGE_CURVE('',#15926,#15957,#15965,.T.);
#15965 = LINE('',#15966,#15967);
#15966 = CARTESIAN_POINT('',(30.,-26.596277,0.));
#15967 = VECTOR('',#15968,1.);
#15968 = DIRECTION('',(0.,-1.,0.));
#15969 = PLANE('',#15970);
#15970 = AXIS2_PLACEMENT_3D('',#15971,#15972,#15973);
#15971 = CARTESIAN_POINT('',(30.,-26.596277,0.));
#15972 = DIRECTION('',(-1.,-0.,-0.));
#15973 = DIRECTION('',(0.,-1.,0.));
#15974 = ADVANCED_FACE('',(#15975),#16000,.F.);
#15975 = FACE_BOUND('',#15976,.F.);
#15976 = EDGE_LOOP('',(#15977,#15978,#15986,#15994));
#15977 = ORIENTED_EDGE('',*,*,#15956,.T.);
#15978 = ORIENTED_EDGE('',*,*,#15979,.T.);
#15979 = EDGE_CURVE('',#15949,#15980,#15982,.T.);
#15980 = VERTEX_POINT('',#15981);
#15981 = CARTESIAN_POINT('',(32.707107,-32.627616,-3.5E-02));
#15982 = LINE('',#15983,#15984);
#15983 = CARTESIAN_POINT('',(30.,-29.920509,-3.5E-02));
#15984 = VECTOR('',#15985,1.);
#15985 = DIRECTION('',(0.707106781187,-0.707106781187,0.));
#15986 = ORIENTED_EDGE('',*,*,#15987,.F.);
#15987 = EDGE_CURVE('',#15988,#15980,#15990,.T.);
#15988 = VERTEX_POINT('',#15989);
#15989 = CARTESIAN_POINT('',(32.707107,-32.627616,0.));
#15990 = LINE('',#15991,#15992);
#15991 = CARTESIAN_POINT('',(32.707107,-32.627616,0.));
#15992 = VECTOR('',#15993,1.);
#15993 = DIRECTION('',(0.,0.,-1.));
#15994 = ORIENTED_EDGE('',*,*,#15995,.F.);
#15995 = EDGE_CURVE('',#15957,#15988,#15996,.T.);
#15996 = LINE('',#15997,#15998);
#15997 = CARTESIAN_POINT('',(30.,-29.920509,0.));
#15998 = VECTOR('',#15999,1.);
#15999 = DIRECTION('',(0.707106781187,-0.707106781187,0.));
#16000 = PLANE('',#16001);
#16001 = AXIS2_PLACEMENT_3D('',#16002,#16003,#16004);
#16002 = CARTESIAN_POINT('',(30.,-29.920509,0.));
#16003 = DIRECTION('',(-0.707106781187,-0.707106781187,-0.));
#16004 = DIRECTION('',(0.707106781187,-0.707106781187,0.));
#16005 = ADVANCED_FACE('',(#16006),#16033,.T.);
#16006 = FACE_BOUND('',#16007,.F.);
#16007 = EDGE_LOOP('',(#16008,#16009,#16018,#16026));
#16008 = ORIENTED_EDGE('',*,*,#15987,.T.);
#16009 = ORIENTED_EDGE('',*,*,#16010,.T.);
#16010 = EDGE_CURVE('',#15980,#16011,#16013,.T.);
#16011 = VERTEX_POINT('',#16012);
#16012 = CARTESIAN_POINT('',(33.,-33.334723,-3.5E-02));
#16013 = CIRCLE('',#16014,1.000010194009);
#16014 = AXIS2_PLACEMENT_3D('',#16015,#16016,#16017);
#16015 = CARTESIAN_POINT('',(31.999989805998,-33.33472678486,-3.5E-02));
#16016 = DIRECTION('',(0.,0.,-1.));
#16017 = DIRECTION('',(0.707109985716,0.707103576642,0.));
#16018 = ORIENTED_EDGE('',*,*,#16019,.F.);
#16019 = EDGE_CURVE('',#16020,#16011,#16022,.T.);
#16020 = VERTEX_POINT('',#16021);
#16021 = CARTESIAN_POINT('',(33.,-33.334723,0.));
#16022 = LINE('',#16023,#16024);
#16023 = CARTESIAN_POINT('',(33.,-33.334723,0.));
#16024 = VECTOR('',#16025,1.);
#16025 = DIRECTION('',(0.,0.,-1.));
#16026 = ORIENTED_EDGE('',*,*,#16027,.F.);
#16027 = EDGE_CURVE('',#15988,#16020,#16028,.T.);
#16028 = CIRCLE('',#16029,1.000010194009);
#16029 = AXIS2_PLACEMENT_3D('',#16030,#16031,#16032);
#16030 = CARTESIAN_POINT('',(31.999989805998,-33.33472678486,0.));
#16031 = DIRECTION('',(0.,0.,-1.));
#16032 = DIRECTION('',(0.707109985716,0.707103576642,0.));
#16033 = CYLINDRICAL_SURFACE('',#16034,1.000010194009);
#16034 = AXIS2_PLACEMENT_3D('',#16035,#16036,#16037);
#16035 = CARTESIAN_POINT('',(31.999989805998,-33.33472678486,0.));
#16036 = DIRECTION('',(-0.,-0.,1.));
#16037 = DIRECTION('',(0.707109985716,0.707103576642,0.));
#16038 = ADVANCED_FACE('',(#16039),#16064,.F.);
#16039 = FACE_BOUND('',#16040,.F.);
#16040 = EDGE_LOOP('',(#16041,#16042,#16050,#16058));
#16041 = ORIENTED_EDGE('',*,*,#16019,.T.);
#16042 = ORIENTED_EDGE('',*,*,#16043,.T.);
#16043 = EDGE_CURVE('',#16011,#16044,#16046,.T.);
#16044 = VERTEX_POINT('',#16045);
#16045 = CARTESIAN_POINT('',(33.,-55.,-3.5E-02));
#16046 = LINE('',#16047,#16048);
#16047 = CARTESIAN_POINT('',(33.,-33.334723,-3.5E-02));
#16048 = VECTOR('',#16049,1.);
#16049 = DIRECTION('',(0.,-1.,0.));
#16050 = ORIENTED_EDGE('',*,*,#16051,.F.);
#16051 = EDGE_CURVE('',#16052,#16044,#16054,.T.);
#16052 = VERTEX_POINT('',#16053);
#16053 = CARTESIAN_POINT('',(33.,-55.,0.));
#16054 = LINE('',#16055,#16056);
#16055 = CARTESIAN_POINT('',(33.,-55.,0.));
#16056 = VECTOR('',#16057,1.);
#16057 = DIRECTION('',(0.,0.,-1.));
#16058 = ORIENTED_EDGE('',*,*,#16059,.F.);
#16059 = EDGE_CURVE('',#16020,#16052,#16060,.T.);
#16060 = LINE('',#16061,#16062);
#16061 = CARTESIAN_POINT('',(33.,-33.334723,0.));
#16062 = VECTOR('',#16063,1.);
#16063 = DIRECTION('',(0.,-1.,0.));
#16064 = PLANE('',#16065);
#16065 = AXIS2_PLACEMENT_3D('',#16066,#16067,#16068);
#16066 = CARTESIAN_POINT('',(33.,-33.334723,0.));
#16067 = DIRECTION('',(-1.,-0.,-0.));
#16068 = DIRECTION('',(0.,-1.,0.));
#16069 = ADVANCED_FACE('',(#16070),#16097,.T.);
#16070 = FACE_BOUND('',#16071,.F.);
#16071 = EDGE_LOOP('',(#16072,#16073,#16082,#16090));
#16072 = ORIENTED_EDGE('',*,*,#16051,.T.);
#16073 = ORIENTED_EDGE('',*,*,#16074,.T.);
#16074 = EDGE_CURVE('',#16044,#16075,#16077,.T.);
#16075 = VERTEX_POINT('',#16076);
#16076 = CARTESIAN_POINT('',(32.707107,-55.707107,-3.5E-02));
#16077 = CIRCLE('',#16078,0.999995957107);
#16078 = AXIS2_PLACEMENT_3D('',#16079,#16080,#16081);
#16079 = CARTESIAN_POINT('',(32.000004042895,-55.00000211224,-3.5E-02));
#16080 = DIRECTION('',(0.,0.,-1.));
#16081 = DIRECTION('',(0.999999999998,2.112255578233E-06,0.));
#16082 = ORIENTED_EDGE('',*,*,#16083,.F.);
#16083 = EDGE_CURVE('',#16084,#16075,#16086,.T.);
#16084 = VERTEX_POINT('',#16085);
#16085 = CARTESIAN_POINT('',(32.707107,-55.707107,0.));
#16086 = LINE('',#16087,#16088);
#16087 = CARTESIAN_POINT('',(32.707107,-55.707107,0.));
#16088 = VECTOR('',#16089,1.);
#16089 = DIRECTION('',(0.,0.,-1.));
#16090 = ORIENTED_EDGE('',*,*,#16091,.F.);
#16091 = EDGE_CURVE('',#16052,#16084,#16092,.T.);
#16092 = CIRCLE('',#16093,0.999995957107);
#16093 = AXIS2_PLACEMENT_3D('',#16094,#16095,#16096);
#16094 = CARTESIAN_POINT('',(32.000004042895,-55.00000211224,0.));
#16095 = DIRECTION('',(0.,0.,-1.));
#16096 = DIRECTION('',(0.999999999998,2.112255578233E-06,0.));
#16097 = CYLINDRICAL_SURFACE('',#16098,0.999995957107);
#16098 = AXIS2_PLACEMENT_3D('',#16099,#16100,#16101);
#16099 = CARTESIAN_POINT('',(32.000004042895,-55.00000211224,0.));
#16100 = DIRECTION('',(-0.,-0.,1.));
#16101 = DIRECTION('',(0.999999999998,2.112255578233E-06,0.));
#16102 = ADVANCED_FACE('',(#16103),#16128,.F.);
#16103 = FACE_BOUND('',#16104,.F.);
#16104 = EDGE_LOOP('',(#16105,#16106,#16114,#16122));
#16105 = ORIENTED_EDGE('',*,*,#16083,.T.);
#16106 = ORIENTED_EDGE('',*,*,#16107,.T.);
#16107 = EDGE_CURVE('',#16075,#16108,#16110,.T.);
#16108 = VERTEX_POINT('',#16109);
#16109 = CARTESIAN_POINT('',(29.707107,-58.707107,-3.5E-02));
#16110 = LINE('',#16111,#16112);
#16111 = CARTESIAN_POINT('',(32.707107,-55.707107,-3.5E-02));
#16112 = VECTOR('',#16113,1.);
#16113 = DIRECTION('',(-0.707106781187,-0.707106781187,0.));
#16114 = ORIENTED_EDGE('',*,*,#16115,.F.);
#16115 = EDGE_CURVE('',#16116,#16108,#16118,.T.);
#16116 = VERTEX_POINT('',#16117);
#16117 = CARTESIAN_POINT('',(29.707107,-58.707107,0.));
#16118 = LINE('',#16119,#16120);
#16119 = CARTESIAN_POINT('',(29.707107,-58.707107,0.));
#16120 = VECTOR('',#16121,1.);
#16121 = DIRECTION('',(0.,0.,-1.));
#16122 = ORIENTED_EDGE('',*,*,#16123,.F.);
#16123 = EDGE_CURVE('',#16084,#16116,#16124,.T.);
#16124 = LINE('',#16125,#16126);
#16125 = CARTESIAN_POINT('',(32.707107,-55.707107,0.));
#16126 = VECTOR('',#16127,1.);
#16127 = DIRECTION('',(-0.707106781187,-0.707106781187,0.));
#16128 = PLANE('',#16129);
#16129 = AXIS2_PLACEMENT_3D('',#16130,#16131,#16132);
#16130 = CARTESIAN_POINT('',(32.707107,-55.707107,0.));
#16131 = DIRECTION('',(-0.707106781187,0.707106781187,0.));
#16132 = DIRECTION('',(-0.707106781187,-0.707106781187,0.));
#16133 = ADVANCED_FACE('',(#16134),#16161,.T.);
#16134 = FACE_BOUND('',#16135,.F.);
#16135 = EDGE_LOOP('',(#16136,#16137,#16146,#16154));
#16136 = ORIENTED_EDGE('',*,*,#16115,.T.);
#16137 = ORIENTED_EDGE('',*,*,#16138,.T.);
#16138 = EDGE_CURVE('',#16108,#16139,#16141,.T.);
#16139 = VERTEX_POINT('',#16140);
#16140 = CARTESIAN_POINT('',(29.,-59.,-3.5E-02));
#16141 = CIRCLE('',#16142,1.000004086185);
#16142 = AXIS2_PLACEMENT_3D('',#16143,#16144,#16145);
#16143 = CARTESIAN_POINT('',(28.999998745076,-57.99999591381,-3.5E-02));
#16144 = DIRECTION('',(0.,0.,-1.));
#16145 = DIRECTION('',(0.707105365561,-0.707108196809,0.));
#16146 = ORIENTED_EDGE('',*,*,#16147,.F.);
#16147 = EDGE_CURVE('',#16148,#16139,#16150,.T.);
#16148 = VERTEX_POINT('',#16149);
#16149 = CARTESIAN_POINT('',(29.,-59.,0.));
#16150 = LINE('',#16151,#16152);
#16151 = CARTESIAN_POINT('',(29.,-59.,0.));
#16152 = VECTOR('',#16153,1.);
#16153 = DIRECTION('',(0.,0.,-1.));
#16154 = ORIENTED_EDGE('',*,*,#16155,.F.);
#16155 = EDGE_CURVE('',#16116,#16148,#16156,.T.);
#16156 = CIRCLE('',#16157,1.000004086185);
#16157 = AXIS2_PLACEMENT_3D('',#16158,#16159,#16160);
#16158 = CARTESIAN_POINT('',(28.999998745076,-57.99999591381,0.));
#16159 = DIRECTION('',(0.,0.,-1.));
#16160 = DIRECTION('',(0.707105365561,-0.707108196809,0.));
#16161 = CYLINDRICAL_SURFACE('',#16162,1.000004086185);
#16162 = AXIS2_PLACEMENT_3D('',#16163,#16164,#16165);
#16163 = CARTESIAN_POINT('',(28.999998745076,-57.99999591381,0.));
#16164 = DIRECTION('',(-0.,-0.,1.));
#16165 = DIRECTION('',(0.707105365561,-0.707108196809,0.));
#16166 = ADVANCED_FACE('',(#16167),#16192,.F.);
#16167 = FACE_BOUND('',#16168,.F.);
#16168 = EDGE_LOOP('',(#16169,#16170,#16178,#16186));
#16169 = ORIENTED_EDGE('',*,*,#16147,.T.);
#16170 = ORIENTED_EDGE('',*,*,#16171,.T.);
#16171 = EDGE_CURVE('',#16139,#16172,#16174,.T.);
#16172 = VERTEX_POINT('',#16173);
#16173 = CARTESIAN_POINT('',(16.,-59.,-3.5E-02));
#16174 = LINE('',#16175,#16176);
#16175 = CARTESIAN_POINT('',(29.,-59.,-3.5E-02));
#16176 = VECTOR('',#16177,1.);
#16177 = DIRECTION('',(-1.,0.,0.));
#16178 = ORIENTED_EDGE('',*,*,#16179,.F.);
#16179 = EDGE_CURVE('',#16180,#16172,#16182,.T.);
#16180 = VERTEX_POINT('',#16181);
#16181 = CARTESIAN_POINT('',(16.,-59.,0.));
#16182 = LINE('',#16183,#16184);
#16183 = CARTESIAN_POINT('',(16.,-59.,0.));
#16184 = VECTOR('',#16185,1.);
#16185 = DIRECTION('',(0.,0.,-1.));
#16186 = ORIENTED_EDGE('',*,*,#16187,.F.);
#16187 = EDGE_CURVE('',#16148,#16180,#16188,.T.);
#16188 = LINE('',#16189,#16190);
#16189 = CARTESIAN_POINT('',(29.,-59.,0.));
#16190 = VECTOR('',#16191,1.);
#16191 = DIRECTION('',(-1.,0.,0.));
#16192 = PLANE('',#16193);
#16193 = AXIS2_PLACEMENT_3D('',#16194,#16195,#16196);
#16194 = CARTESIAN_POINT('',(29.,-59.,0.));
#16195 = DIRECTION('',(0.,1.,0.));
#16196 = DIRECTION('',(-1.,0.,0.));
#16197 = ADVANCED_FACE('',(#16198),#16223,.F.);
#16198 = FACE_BOUND('',#16199,.F.);
#16199 = EDGE_LOOP('',(#16200,#16201,#16209,#16217));
#16200 = ORIENTED_EDGE('',*,*,#16179,.T.);
#16201 = ORIENTED_EDGE('',*,*,#16202,.T.);
#16202 = EDGE_CURVE('',#16172,#16203,#16205,.T.);
#16203 = VERTEX_POINT('',#16204);
#16204 = CARTESIAN_POINT('',(16.,-62.,-3.5E-02));
#16205 = LINE('',#16206,#16207);
#16206 = CARTESIAN_POINT('',(16.,-59.,-3.5E-02));
#16207 = VECTOR('',#16208,1.);
#16208 = DIRECTION('',(0.,-1.,0.));
#16209 = ORIENTED_EDGE('',*,*,#16210,.F.);
#16210 = EDGE_CURVE('',#16211,#16203,#16213,.T.);
#16211 = VERTEX_POINT('',#16212);
#16212 = CARTESIAN_POINT('',(16.,-62.,0.));
#16213 = LINE('',#16214,#16215);
#16214 = CARTESIAN_POINT('',(16.,-62.,0.));
#16215 = VECTOR('',#16216,1.);
#16216 = DIRECTION('',(0.,0.,-1.));
#16217 = ORIENTED_EDGE('',*,*,#16218,.F.);
#16218 = EDGE_CURVE('',#16180,#16211,#16219,.T.);
#16219 = LINE('',#16220,#16221);
#16220 = CARTESIAN_POINT('',(16.,-59.,0.));
#16221 = VECTOR('',#16222,1.);
#16222 = DIRECTION('',(0.,-1.,0.));
#16223 = PLANE('',#16224);
#16224 = AXIS2_PLACEMENT_3D('',#16225,#16226,#16227);
#16225 = CARTESIAN_POINT('',(16.,-59.,0.));
#16226 = DIRECTION('',(-1.,-0.,-0.));
#16227 = DIRECTION('',(0.,-1.,0.));
#16228 = ADVANCED_FACE('',(#16229),#16256,.T.);
#16229 = FACE_BOUND('',#16230,.F.);
#16230 = EDGE_LOOP('',(#16231,#16232,#16241,#16249));
#16231 = ORIENTED_EDGE('',*,*,#16210,.T.);
#16232 = ORIENTED_EDGE('',*,*,#16233,.T.);
#16233 = EDGE_CURVE('',#16203,#16234,#16236,.T.);
#16234 = VERTEX_POINT('',#16235);
#16235 = CARTESIAN_POINT('',(14.,-62.,-3.5E-02));
#16236 = CIRCLE('',#16237,1.);
#16237 = AXIS2_PLACEMENT_3D('',#16238,#16239,#16240);
#16238 = CARTESIAN_POINT('',(15.,-62.0000002595,-3.5E-02));
#16239 = DIRECTION('',(0.,0.,-1.));
#16240 = DIRECTION('',(1.,2.595065211608E-07,0.));
#16241 = ORIENTED_EDGE('',*,*,#16242,.F.);
#16242 = EDGE_CURVE('',#16243,#16234,#16245,.T.);
#16243 = VERTEX_POINT('',#16244);
#16244 = CARTESIAN_POINT('',(14.,-62.,0.));
#16245 = LINE('',#16246,#16247);
#16246 = CARTESIAN_POINT('',(14.,-62.,0.));
#16247 = VECTOR('',#16248,1.);
#16248 = DIRECTION('',(0.,0.,-1.));
#16249 = ORIENTED_EDGE('',*,*,#16250,.F.);
#16250 = EDGE_CURVE('',#16211,#16243,#16251,.T.);
#16251 = CIRCLE('',#16252,1.);
#16252 = AXIS2_PLACEMENT_3D('',#16253,#16254,#16255);
#16253 = CARTESIAN_POINT('',(15.,-62.0000002595,0.));
#16254 = DIRECTION('',(0.,0.,-1.));
#16255 = DIRECTION('',(1.,2.595065211608E-07,0.));
#16256 = CYLINDRICAL_SURFACE('',#16257,1.);
#16257 = AXIS2_PLACEMENT_3D('',#16258,#16259,#16260);
#16258 = CARTESIAN_POINT('',(15.,-62.0000002595,0.));
#16259 = DIRECTION('',(-0.,-0.,1.));
#16260 = DIRECTION('',(1.,2.595065211608E-07,0.));
#16261 = ADVANCED_FACE('',(#16262),#16287,.F.);
#16262 = FACE_BOUND('',#16263,.F.);
#16263 = EDGE_LOOP('',(#16264,#16265,#16273,#16281));
#16264 = ORIENTED_EDGE('',*,*,#16242,.T.);
#16265 = ORIENTED_EDGE('',*,*,#16266,.T.);
#16266 = EDGE_CURVE('',#16234,#16267,#16269,.T.);
#16267 = VERTEX_POINT('',#16268);
#16268 = CARTESIAN_POINT('',(14.,-58.,-3.5E-02));
#16269 = LINE('',#16270,#16271);
#16270 = CARTESIAN_POINT('',(14.,-62.,-3.5E-02));
#16271 = VECTOR('',#16272,1.);
#16272 = DIRECTION('',(0.,1.,0.));
#16273 = ORIENTED_EDGE('',*,*,#16274,.F.);
#16274 = EDGE_CURVE('',#16275,#16267,#16277,.T.);
#16275 = VERTEX_POINT('',#16276);
#16276 = CARTESIAN_POINT('',(14.,-58.,0.));
#16277 = LINE('',#16278,#16279);
#16278 = CARTESIAN_POINT('',(14.,-58.,0.));
#16279 = VECTOR('',#16280,1.);
#16280 = DIRECTION('',(0.,0.,-1.));
#16281 = ORIENTED_EDGE('',*,*,#16282,.F.);
#16282 = EDGE_CURVE('',#16243,#16275,#16283,.T.);
#16283 = LINE('',#16284,#16285);
#16284 = CARTESIAN_POINT('',(14.,-62.,0.));
#16285 = VECTOR('',#16286,1.);
#16286 = DIRECTION('',(0.,1.,0.));
#16287 = PLANE('',#16288);
#16288 = AXIS2_PLACEMENT_3D('',#16289,#16290,#16291);
#16289 = CARTESIAN_POINT('',(14.,-62.,0.));
#16290 = DIRECTION('',(1.,-0.,0.));
#16291 = DIRECTION('',(0.,1.,0.));
#16292 = ADVANCED_FACE('',(#16293),#16320,.T.);
#16293 = FACE_BOUND('',#16294,.F.);
#16294 = EDGE_LOOP('',(#16295,#16296,#16305,#16313));
#16295 = ORIENTED_EDGE('',*,*,#16274,.T.);
#16296 = ORIENTED_EDGE('',*,*,#16297,.T.);
#16297 = EDGE_CURVE('',#16267,#16298,#16300,.T.);
#16298 = VERTEX_POINT('',#16299);
#16299 = CARTESIAN_POINT('',(15.,-57.,-3.5E-02));
#16300 = CIRCLE('',#16301,1.000001302705);
#16301 = AXIS2_PLACEMENT_3D('',#16302,#16303,#16304);
#16302 = CARTESIAN_POINT('',(15.000001302704,-58.0000013027,-3.5E-02));
#16303 = DIRECTION('',(0.,0.,-1.));
#16304 = DIRECTION('',(-0.999999999999,1.302702253009E-06,0.));
#16305 = ORIENTED_EDGE('',*,*,#16306,.F.);
#16306 = EDGE_CURVE('',#16307,#16298,#16309,.T.);
#16307 = VERTEX_POINT('',#16308);
#16308 = CARTESIAN_POINT('',(15.,-57.,0.));
#16309 = LINE('',#16310,#16311);
#16310 = CARTESIAN_POINT('',(15.,-57.,0.));
#16311 = VECTOR('',#16312,1.);
#16312 = DIRECTION('',(0.,0.,-1.));
#16313 = ORIENTED_EDGE('',*,*,#16314,.F.);
#16314 = EDGE_CURVE('',#16275,#16307,#16315,.T.);
#16315 = CIRCLE('',#16316,1.000001302705);
#16316 = AXIS2_PLACEMENT_3D('',#16317,#16318,#16319);
#16317 = CARTESIAN_POINT('',(15.000001302704,-58.0000013027,0.));
#16318 = DIRECTION('',(0.,0.,-1.));
#16319 = DIRECTION('',(-0.999999999999,1.302702253009E-06,0.));
#16320 = CYLINDRICAL_SURFACE('',#16321,1.000001302705);
#16321 = AXIS2_PLACEMENT_3D('',#16322,#16323,#16324);
#16322 = CARTESIAN_POINT('',(15.000001302704,-58.0000013027,0.));
#16323 = DIRECTION('',(-0.,-0.,1.));
#16324 = DIRECTION('',(-0.999999999999,1.302702253009E-06,0.));
#16325 = ADVANCED_FACE('',(#16326),#16351,.F.);
#16326 = FACE_BOUND('',#16327,.F.);
#16327 = EDGE_LOOP('',(#16328,#16329,#16337,#16345));
#16328 = ORIENTED_EDGE('',*,*,#16306,.T.);
#16329 = ORIENTED_EDGE('',*,*,#16330,.T.);
#16330 = EDGE_CURVE('',#16298,#16331,#16333,.T.);
#16331 = VERTEX_POINT('',#16332);
#16332 = CARTESIAN_POINT('',(28.585786,-57.,-3.5E-02));
#16333 = LINE('',#16334,#16335);
#16334 = CARTESIAN_POINT('',(15.,-57.,-3.5E-02));
#16335 = VECTOR('',#16336,1.);
#16336 = DIRECTION('',(1.,0.,0.));
#16337 = ORIENTED_EDGE('',*,*,#16338,.F.);
#16338 = EDGE_CURVE('',#16339,#16331,#16341,.T.);
#16339 = VERTEX_POINT('',#16340);
#16340 = CARTESIAN_POINT('',(28.585786,-57.,0.));
#16341 = LINE('',#16342,#16343);
#16342 = CARTESIAN_POINT('',(28.585786,-57.,0.));
#16343 = VECTOR('',#16344,1.);
#16344 = DIRECTION('',(0.,0.,-1.));
#16345 = ORIENTED_EDGE('',*,*,#16346,.F.);
#16346 = EDGE_CURVE('',#16307,#16339,#16347,.T.);
#16347 = LINE('',#16348,#16349);
#16348 = CARTESIAN_POINT('',(15.,-57.,0.));
#16349 = VECTOR('',#16350,1.);
#16350 = DIRECTION('',(1.,0.,0.));
#16351 = PLANE('',#16352);
#16352 = AXIS2_PLACEMENT_3D('',#16353,#16354,#16355);
#16353 = CARTESIAN_POINT('',(15.,-57.,0.));
#16354 = DIRECTION('',(0.,-1.,0.));
#16355 = DIRECTION('',(1.,0.,0.));
#16356 = ADVANCED_FACE('',(#16357),#16382,.F.);
#16357 = FACE_BOUND('',#16358,.F.);
#16358 = EDGE_LOOP('',(#16359,#16360,#16368,#16376));
#16359 = ORIENTED_EDGE('',*,*,#16338,.T.);
#16360 = ORIENTED_EDGE('',*,*,#16361,.T.);
#16361 = EDGE_CURVE('',#16331,#16362,#16364,.T.);
#16362 = VERTEX_POINT('',#16363);
#16363 = CARTESIAN_POINT('',(31.,-54.585786,-3.5E-02));
#16364 = LINE('',#16365,#16366);
#16365 = CARTESIAN_POINT('',(28.585786,-57.,-3.5E-02));
#16366 = VECTOR('',#16367,1.);
#16367 = DIRECTION('',(0.707106781187,0.707106781187,0.));
#16368 = ORIENTED_EDGE('',*,*,#16369,.F.);
#16369 = EDGE_CURVE('',#16370,#16362,#16372,.T.);
#16370 = VERTEX_POINT('',#16371);
#16371 = CARTESIAN_POINT('',(31.,-54.585786,0.));
#16372 = LINE('',#16373,#16374);
#16373 = CARTESIAN_POINT('',(31.,-54.585786,0.));
#16374 = VECTOR('',#16375,1.);
#16375 = DIRECTION('',(0.,0.,-1.));
#16376 = ORIENTED_EDGE('',*,*,#16377,.F.);
#16377 = EDGE_CURVE('',#16339,#16370,#16378,.T.);
#16378 = LINE('',#16379,#16380);
#16379 = CARTESIAN_POINT('',(28.585786,-57.,0.));
#16380 = VECTOR('',#16381,1.);
#16381 = DIRECTION('',(0.707106781187,0.707106781187,0.));
#16382 = PLANE('',#16383);
#16383 = AXIS2_PLACEMENT_3D('',#16384,#16385,#16386);
#16384 = CARTESIAN_POINT('',(28.585786,-57.,0.));
#16385 = DIRECTION('',(0.707106781187,-0.707106781187,0.));
#16386 = DIRECTION('',(0.707106781187,0.707106781187,0.));
#16387 = ADVANCED_FACE('',(#16388),#16413,.F.);
#16388 = FACE_BOUND('',#16389,.F.);
#16389 = EDGE_LOOP('',(#16390,#16391,#16399,#16407));
#16390 = ORIENTED_EDGE('',*,*,#16369,.T.);
#16391 = ORIENTED_EDGE('',*,*,#16392,.T.);
#16392 = EDGE_CURVE('',#16362,#16393,#16395,.T.);
#16393 = VERTEX_POINT('',#16394);
#16394 = CARTESIAN_POINT('',(31.,-33.748937,-3.5E-02));
#16395 = LINE('',#16396,#16397);
#16396 = CARTESIAN_POINT('',(31.,-54.585786,-3.5E-02));
#16397 = VECTOR('',#16398,1.);
#16398 = DIRECTION('',(0.,1.,0.));
#16399 = ORIENTED_EDGE('',*,*,#16400,.F.);
#16400 = EDGE_CURVE('',#16401,#16393,#16403,.T.);
#16401 = VERTEX_POINT('',#16402);
#16402 = CARTESIAN_POINT('',(31.,-33.748937,0.));
#16403 = LINE('',#16404,#16405);
#16404 = CARTESIAN_POINT('',(31.,-33.748937,0.));
#16405 = VECTOR('',#16406,1.);
#16406 = DIRECTION('',(0.,0.,-1.));
#16407 = ORIENTED_EDGE('',*,*,#16408,.F.);
#16408 = EDGE_CURVE('',#16370,#16401,#16409,.T.);
#16409 = LINE('',#16410,#16411);
#16410 = CARTESIAN_POINT('',(31.,-54.585786,0.));
#16411 = VECTOR('',#16412,1.);
#16412 = DIRECTION('',(0.,1.,0.));
#16413 = PLANE('',#16414);
#16414 = AXIS2_PLACEMENT_3D('',#16415,#16416,#16417);
#16415 = CARTESIAN_POINT('',(31.,-54.585786,0.));
#16416 = DIRECTION('',(1.,-0.,0.));
#16417 = DIRECTION('',(0.,1.,0.));
#16418 = ADVANCED_FACE('',(#16419),#16444,.F.);
#16419 = FACE_BOUND('',#16420,.F.);
#16420 = EDGE_LOOP('',(#16421,#16422,#16430,#16438));
#16421 = ORIENTED_EDGE('',*,*,#16400,.T.);
#16422 = ORIENTED_EDGE('',*,*,#16423,.T.);
#16423 = EDGE_CURVE('',#16393,#16424,#16426,.T.);
#16424 = VERTEX_POINT('',#16425);
#16425 = CARTESIAN_POINT('',(28.292893,-31.04183,-3.5E-02));
#16426 = LINE('',#16427,#16428);
#16427 = CARTESIAN_POINT('',(31.,-33.748937,-3.5E-02));
#16428 = VECTOR('',#16429,1.);
#16429 = DIRECTION('',(-0.707106781187,0.707106781187,0.));
#16430 = ORIENTED_EDGE('',*,*,#16431,.F.);
#16431 = EDGE_CURVE('',#16432,#16424,#16434,.T.);
#16432 = VERTEX_POINT('',#16433);
#16433 = CARTESIAN_POINT('',(28.292893,-31.04183,0.));
#16434 = LINE('',#16435,#16436);
#16435 = CARTESIAN_POINT('',(28.292893,-31.04183,0.));
#16436 = VECTOR('',#16437,1.);
#16437 = DIRECTION('',(0.,0.,-1.));
#16438 = ORIENTED_EDGE('',*,*,#16439,.F.);
#16439 = EDGE_CURVE('',#16401,#16432,#16440,.T.);
#16440 = LINE('',#16441,#16442);
#16441 = CARTESIAN_POINT('',(31.,-33.748937,0.));
#16442 = VECTOR('',#16443,1.);
#16443 = DIRECTION('',(-0.707106781187,0.707106781187,0.));
#16444 = PLANE('',#16445);
#16445 = AXIS2_PLACEMENT_3D('',#16446,#16447,#16448);
#16446 = CARTESIAN_POINT('',(31.,-33.748937,0.));
#16447 = DIRECTION('',(0.707106781187,0.707106781187,0.));
#16448 = DIRECTION('',(-0.707106781187,0.707106781187,0.));
#16449 = ADVANCED_FACE('',(#16450),#16477,.T.);
#16450 = FACE_BOUND('',#16451,.F.);
#16451 = EDGE_LOOP('',(#16452,#16453,#16462,#16470));
#16452 = ORIENTED_EDGE('',*,*,#16431,.T.);
#16453 = ORIENTED_EDGE('',*,*,#16454,.T.);
#16454 = EDGE_CURVE('',#16424,#16455,#16457,.T.);
#16455 = VERTEX_POINT('',#16456);
#16456 = CARTESIAN_POINT('',(28.,-30.334723,-3.5E-02));
#16457 = CIRCLE('',#16458,1.000004086185);
#16458 = AXIS2_PLACEMENT_3D('',#16459,#16460,#16461);
#16459 = CARTESIAN_POINT('',(29.000004086184,-30.33472174507,-3.5E-02));
#16460 = DIRECTION('',(0.,0.,-1.));
#16461 = DIRECTION('',(-0.707108196809,-0.707105365561,-0.));
#16462 = ORIENTED_EDGE('',*,*,#16463,.F.);
#16463 = EDGE_CURVE('',#16464,#16455,#16466,.T.);
#16464 = VERTEX_POINT('',#16465);
#16465 = CARTESIAN_POINT('',(28.,-30.334723,0.));
#16466 = LINE('',#16467,#16468);
#16467 = CARTESIAN_POINT('',(28.,-30.334723,0.));
#16468 = VECTOR('',#16469,1.);
#16469 = DIRECTION('',(0.,0.,-1.));
#16470 = ORIENTED_EDGE('',*,*,#16471,.F.);
#16471 = EDGE_CURVE('',#16432,#16464,#16472,.T.);
#16472 = CIRCLE('',#16473,1.000004086185);
#16473 = AXIS2_PLACEMENT_3D('',#16474,#16475,#16476);
#16474 = CARTESIAN_POINT('',(29.000004086184,-30.33472174507,0.));
#16475 = DIRECTION('',(0.,0.,-1.));
#16476 = DIRECTION('',(-0.707108196809,-0.707105365561,-0.));
#16477 = CYLINDRICAL_SURFACE('',#16478,1.000004086185);
#16478 = AXIS2_PLACEMENT_3D('',#16479,#16480,#16481);
#16479 = CARTESIAN_POINT('',(29.000004086184,-30.33472174507,0.));
#16480 = DIRECTION('',(-0.,-0.,1.));
#16481 = DIRECTION('',(-0.707108196809,-0.707105365561,-0.));
#16482 = ADVANCED_FACE('',(#16483),#16508,.F.);
#16483 = FACE_BOUND('',#16484,.F.);
#16484 = EDGE_LOOP('',(#16485,#16486,#16494,#16502));
#16485 = ORIENTED_EDGE('',*,*,#16463,.T.);
#16486 = ORIENTED_EDGE('',*,*,#16487,.T.);
#16487 = EDGE_CURVE('',#16455,#16488,#16490,.T.);
#16488 = VERTEX_POINT('',#16489);
#16489 = CARTESIAN_POINT('',(28.,-26.,-3.5E-02));
#16490 = LINE('',#16491,#16492);
#16491 = CARTESIAN_POINT('',(28.,-30.334723,-3.5E-02));
#16492 = VECTOR('',#16493,1.);
#16493 = DIRECTION('',(0.,1.,0.));
#16494 = ORIENTED_EDGE('',*,*,#16495,.F.);
#16495 = EDGE_CURVE('',#16496,#16488,#16498,.T.);
#16496 = VERTEX_POINT('',#16497);
#16497 = CARTESIAN_POINT('',(28.,-26.,0.));
#16498 = LINE('',#16499,#16500);
#16499 = CARTESIAN_POINT('',(28.,-26.,0.));
#16500 = VECTOR('',#16501,1.);
#16501 = DIRECTION('',(0.,0.,-1.));
#16502 = ORIENTED_EDGE('',*,*,#16503,.F.);
#16503 = EDGE_CURVE('',#16464,#16496,#16504,.T.);
#16504 = LINE('',#16505,#16506);
#16505 = CARTESIAN_POINT('',(28.,-30.334723,0.));
#16506 = VECTOR('',#16507,1.);
#16507 = DIRECTION('',(0.,1.,0.));
#16508 = PLANE('',#16509);
#16509 = AXIS2_PLACEMENT_3D('',#16510,#16511,#16512);
#16510 = CARTESIAN_POINT('',(28.,-30.334723,0.));
#16511 = DIRECTION('',(1.,-0.,0.));
#16512 = DIRECTION('',(0.,1.,0.));
#16513 = ADVANCED_FACE('',(#16514),#16541,.T.);
#16514 = FACE_BOUND('',#16515,.F.);
#16515 = EDGE_LOOP('',(#16516,#16517,#16526,#16534));
#16516 = ORIENTED_EDGE('',*,*,#16495,.T.);
#16517 = ORIENTED_EDGE('',*,*,#16518,.T.);
#16518 = EDGE_CURVE('',#16488,#16519,#16521,.T.);
#16519 = VERTEX_POINT('',#16520);
#16520 = CARTESIAN_POINT('',(28.709715,-25.04306,-3.5E-02));
#16521 = CIRCLE('',#16522,0.999999986885);
#16522 = AXIS2_PLACEMENT_3D('',#16523,#16524,#16525);
#16523 = CARTESIAN_POINT('',(28.999999986885,-26.0000002281,-3.5E-02));
#16524 = DIRECTION('',(0.,0.,-1.));
#16525 = DIRECTION('',(-1.,2.28101537097E-07,0.));
#16526 = ORIENTED_EDGE('',*,*,#16527,.F.);
#16527 = EDGE_CURVE('',#16528,#16519,#16530,.T.);
#16528 = VERTEX_POINT('',#16529);
#16529 = CARTESIAN_POINT('',(28.709715,-25.04306,0.));
#16530 = LINE('',#16531,#16532);
#16531 = CARTESIAN_POINT('',(28.709715,-25.04306,0.));
#16532 = VECTOR('',#16533,1.);
#16533 = DIRECTION('',(0.,0.,-1.));
#16534 = ORIENTED_EDGE('',*,*,#16535,.F.);
#16535 = EDGE_CURVE('',#16496,#16528,#16536,.T.);
#16536 = CIRCLE('',#16537,0.999999986885);
#16537 = AXIS2_PLACEMENT_3D('',#16538,#16539,#16540);
#16538 = CARTESIAN_POINT('',(28.999999986885,-26.0000002281,0.));
#16539 = DIRECTION('',(0.,0.,-1.));
#16540 = DIRECTION('',(-1.,2.28101537097E-07,0.));
#16541 = CYLINDRICAL_SURFACE('',#16542,0.999999986885);
#16542 = AXIS2_PLACEMENT_3D('',#16543,#16544,#16545);
#16543 = CARTESIAN_POINT('',(28.999999986885,-26.0000002281,0.));
#16544 = DIRECTION('',(-0.,-0.,1.));
#16545 = DIRECTION('',(-1.,2.28101537097E-07,0.));
#16546 = ADVANCED_FACE('',(#16547),#16572,.F.);
#16547 = FACE_BOUND('',#16548,.F.);
#16548 = EDGE_LOOP('',(#16549,#16550,#16558,#16566));
#16549 = ORIENTED_EDGE('',*,*,#16527,.T.);
#16550 = ORIENTED_EDGE('',*,*,#16551,.T.);
#16551 = EDGE_CURVE('',#16519,#16552,#16554,.T.);
#16552 = VERTEX_POINT('',#16553);
#16553 = CARTESIAN_POINT('',(28.728531,-25.039317,-3.5E-02));
#16554 = LINE('',#16555,#16556);
#16555 = CARTESIAN_POINT('',(28.709715,-25.04306,-3.5E-02));
#16556 = VECTOR('',#16557,1.);
#16557 = DIRECTION('',(0.980782638333,0.195103604128,0.));
#16558 = ORIENTED_EDGE('',*,*,#16559,.F.);
#16559 = EDGE_CURVE('',#16560,#16552,#16562,.T.);
#16560 = VERTEX_POINT('',#16561);
#16561 = CARTESIAN_POINT('',(28.728531,-25.039317,0.));
#16562 = LINE('',#16563,#16564);
#16563 = CARTESIAN_POINT('',(28.728531,-25.039317,0.));
#16564 = VECTOR('',#16565,1.);
#16565 = DIRECTION('',(0.,0.,-1.));
#16566 = ORIENTED_EDGE('',*,*,#16567,.F.);
#16567 = EDGE_CURVE('',#16528,#16560,#16568,.T.);
#16568 = LINE('',#16569,#16570);
#16569 = CARTESIAN_POINT('',(28.709715,-25.04306,0.));
#16570 = VECTOR('',#16571,1.);
#16571 = DIRECTION('',(0.980782638333,0.195103604128,0.));
#16572 = PLANE('',#16573);
#16573 = AXIS2_PLACEMENT_3D('',#16574,#16575,#16576);
#16574 = CARTESIAN_POINT('',(28.709715,-25.04306,0.));
#16575 = DIRECTION('',(0.195103604128,-0.980782638333,0.));
#16576 = DIRECTION('',(0.980782638333,0.195103604128,0.));
#16577 = ADVANCED_FACE('',(#16578),#16594,.F.);
#16578 = FACE_BOUND('',#16579,.F.);
#16579 = EDGE_LOOP('',(#16580,#16581,#16587,#16588));
#16580 = ORIENTED_EDGE('',*,*,#16559,.T.);
#16581 = ORIENTED_EDGE('',*,*,#16582,.T.);
#16582 = EDGE_CURVE('',#16552,#15782,#16583,.T.);
#16583 = LINE('',#16584,#16585);
#16584 = CARTESIAN_POINT('',(28.728531,-25.039317,-3.5E-02));
#16585 = VECTOR('',#16586,1.);
#16586 = DIRECTION('',(0.707107119055,0.707106443318,0.));
#16587 = ORIENTED_EDGE('',*,*,#15779,.F.);
#16588 = ORIENTED_EDGE('',*,*,#16589,.F.);
#16589 = EDGE_CURVE('',#16560,#15780,#16590,.T.);
#16590 = LINE('',#16591,#16592);
#16591 = CARTESIAN_POINT('',(28.728531,-25.039317,0.));
#16592 = VECTOR('',#16593,1.);
#16593 = DIRECTION('',(0.707107119055,0.707106443318,0.));
#16594 = PLANE('',#16595);
#16595 = AXIS2_PLACEMENT_3D('',#16596,#16597,#16598);
#16596 = CARTESIAN_POINT('',(28.728531,-25.039317,0.));
#16597 = DIRECTION('',(0.707106443318,-0.707107119055,0.));
#16598 = DIRECTION('',(0.707107119055,0.707106443318,0.));
#16599 = ADVANCED_FACE('',(#16600),#16627,.F.);
#16600 = FACE_BOUND('',#16601,.F.);
#16601 = EDGE_LOOP('',(#16602,#16612,#16619,#16620));
#16602 = ORIENTED_EDGE('',*,*,#16603,.T.);
#16603 = EDGE_CURVE('',#16604,#16606,#16608,.T.);
#16604 = VERTEX_POINT('',#16605);
#16605 = CARTESIAN_POINT('',(15.337392,-62.,0.));
#16606 = VERTEX_POINT('',#16607);
#16607 = CARTESIAN_POINT('',(15.337392,-62.,-3.5E-02));
#16608 = LINE('',#16609,#16610);
#16609 = CARTESIAN_POINT('',(15.337392,-62.,0.));
#16610 = VECTOR('',#16611,1.);
#16611 = DIRECTION('',(0.,0.,-1.));
#16612 = ORIENTED_EDGE('',*,*,#16613,.T.);
#16613 = EDGE_CURVE('',#16606,#16606,#16614,.T.);
#16614 = CIRCLE('',#16615,0.337392);
#16615 = AXIS2_PLACEMENT_3D('',#16616,#16617,#16618);
#16616 = CARTESIAN_POINT('',(15.,-62.,-3.5E-02));
#16617 = DIRECTION('',(0.,0.,1.));
#16618 = DIRECTION('',(1.,0.,-0.));
#16619 = ORIENTED_EDGE('',*,*,#16603,.F.);
#16620 = ORIENTED_EDGE('',*,*,#16621,.F.);
#16621 = EDGE_CURVE('',#16604,#16604,#16622,.T.);
#16622 = CIRCLE('',#16623,0.337392);
#16623 = AXIS2_PLACEMENT_3D('',#16624,#16625,#16626);
#16624 = CARTESIAN_POINT('',(15.,-62.,0.));
#16625 = DIRECTION('',(0.,0.,1.));
#16626 = DIRECTION('',(1.,0.,-0.));
#16627 = CYLINDRICAL_SURFACE('',#16628,0.337392);
#16628 = AXIS2_PLACEMENT_3D('',#16629,#16630,#16631);
#16629 = CARTESIAN_POINT('',(15.,-62.,0.));
#16630 = DIRECTION('',(0.,0.,1.));
#16631 = DIRECTION('',(1.,0.,-0.));
#16632 = ADVANCED_FACE('',(#16633),#16660,.F.);
#16633 = FACE_BOUND('',#16634,.F.);
#16634 = EDGE_LOOP('',(#16635,#16645,#16652,#16653));
#16635 = ORIENTED_EDGE('',*,*,#16636,.T.);
#16636 = EDGE_CURVE('',#16637,#16639,#16641,.T.);
#16637 = VERTEX_POINT('',#16638);
#16638 = CARTESIAN_POINT('',(34.377392,-24.7,0.));
#16639 = VERTEX_POINT('',#16640);
#16640 = CARTESIAN_POINT('',(34.377392,-24.7,-3.5E-02));
#16641 = LINE('',#16642,#16643);
#16642 = CARTESIAN_POINT('',(34.377392,-24.7,0.));
#16643 = VECTOR('',#16644,1.);
#16644 = DIRECTION('',(0.,0.,-1.));
#16645 = ORIENTED_EDGE('',*,*,#16646,.T.);
#16646 = EDGE_CURVE('',#16639,#16639,#16647,.T.);
#16647 = CIRCLE('',#16648,0.487392);
#16648 = AXIS2_PLACEMENT_3D('',#16649,#16650,#16651);
#16649 = CARTESIAN_POINT('',(33.89,-24.7,-3.5E-02));
#16650 = DIRECTION('',(0.,0.,1.));
#16651 = DIRECTION('',(1.,0.,-0.));
#16652 = ORIENTED_EDGE('',*,*,#16636,.F.);
#16653 = ORIENTED_EDGE('',*,*,#16654,.F.);
#16654 = EDGE_CURVE('',#16637,#16637,#16655,.T.);
#16655 = CIRCLE('',#16656,0.487392);
#16656 = AXIS2_PLACEMENT_3D('',#16657,#16658,#16659);
#16657 = CARTESIAN_POINT('',(33.89,-24.7,0.));
#16658 = DIRECTION('',(0.,0.,1.));
#16659 = DIRECTION('',(1.,0.,-0.));
#16660 = CYLINDRICAL_SURFACE('',#16661,0.487392);
#16661 = AXIS2_PLACEMENT_3D('',#16662,#16663,#16664);
#16662 = CARTESIAN_POINT('',(33.89,-24.7,0.));
#16663 = DIRECTION('',(0.,0.,1.));
#16664 = DIRECTION('',(1.,0.,-0.));
#16665 = ADVANCED_FACE('',(#16666,#16694,#16697),#16700,.F.);
#16666 = FACE_BOUND('',#16667,.F.);
#16667 = EDGE_LOOP('',(#16668,#16669,#16670,#16671,#16672,#16673,#16674,
    #16675,#16676,#16677,#16678,#16679,#16680,#16681,#16682,#16683,
    #16684,#16685,#16686,#16687,#16688,#16689,#16690,#16691,#16692,
    #16693));
#16668 = ORIENTED_EDGE('',*,*,#15806,.T.);
#16669 = ORIENTED_EDGE('',*,*,#15838,.T.);
#16670 = ORIENTED_EDGE('',*,*,#15870,.T.);
#16671 = ORIENTED_EDGE('',*,*,#15902,.T.);
#16672 = ORIENTED_EDGE('',*,*,#15933,.T.);
#16673 = ORIENTED_EDGE('',*,*,#15964,.T.);
#16674 = ORIENTED_EDGE('',*,*,#15995,.T.);
#16675 = ORIENTED_EDGE('',*,*,#16027,.T.);
#16676 = ORIENTED_EDGE('',*,*,#16059,.T.);
#16677 = ORIENTED_EDGE('',*,*,#16091,.T.);
#16678 = ORIENTED_EDGE('',*,*,#16123,.T.);
#16679 = ORIENTED_EDGE('',*,*,#16155,.T.);
#16680 = ORIENTED_EDGE('',*,*,#16187,.T.);
#16681 = ORIENTED_EDGE('',*,*,#16218,.T.);
#16682 = ORIENTED_EDGE('',*,*,#16250,.T.);
#16683 = ORIENTED_EDGE('',*,*,#16282,.T.);
#16684 = ORIENTED_EDGE('',*,*,#16314,.T.);
#16685 = ORIENTED_EDGE('',*,*,#16346,.T.);
#16686 = ORIENTED_EDGE('',*,*,#16377,.T.);
#16687 = ORIENTED_EDGE('',*,*,#16408,.T.);
#16688 = ORIENTED_EDGE('',*,*,#16439,.T.);
#16689 = ORIENTED_EDGE('',*,*,#16471,.T.);
#16690 = ORIENTED_EDGE('',*,*,#16503,.T.);
#16691 = ORIENTED_EDGE('',*,*,#16535,.T.);
#16692 = ORIENTED_EDGE('',*,*,#16567,.T.);
#16693 = ORIENTED_EDGE('',*,*,#16589,.T.);
#16694 = FACE_BOUND('',#16695,.F.);
#16695 = EDGE_LOOP('',(#16696));
#16696 = ORIENTED_EDGE('',*,*,#16621,.T.);
#16697 = FACE_BOUND('',#16698,.F.);
#16698 = EDGE_LOOP('',(#16699));
#16699 = ORIENTED_EDGE('',*,*,#16654,.T.);
#16700 = PLANE('',#16701);
#16701 = AXIS2_PLACEMENT_3D('',#16702,#16703,#16704);
#16702 = CARTESIAN_POINT('',(0.,0.,0.));
#16703 = DIRECTION('',(-0.,-0.,-1.));
#16704 = DIRECTION('',(-1.,0.,0.));
#16705 = ADVANCED_FACE('',(#16706,#16734,#16737),#16740,.T.);
#16706 = FACE_BOUND('',#16707,.T.);
#16707 = EDGE_LOOP('',(#16708,#16709,#16710,#16711,#16712,#16713,#16714,
    #16715,#16716,#16717,#16718,#16719,#16720,#16721,#16722,#16723,
    #16724,#16725,#16726,#16727,#16728,#16729,#16730,#16731,#16732,
    #16733));
#16708 = ORIENTED_EDGE('',*,*,#15789,.T.);
#16709 = ORIENTED_EDGE('',*,*,#15822,.T.);
#16710 = ORIENTED_EDGE('',*,*,#15853,.T.);
#16711 = ORIENTED_EDGE('',*,*,#15886,.T.);
#16712 = ORIENTED_EDGE('',*,*,#15917,.T.);
#16713 = ORIENTED_EDGE('',*,*,#15948,.T.);
#16714 = ORIENTED_EDGE('',*,*,#15979,.T.);
#16715 = ORIENTED_EDGE('',*,*,#16010,.T.);
#16716 = ORIENTED_EDGE('',*,*,#16043,.T.);
#16717 = ORIENTED_EDGE('',*,*,#16074,.T.);
#16718 = ORIENTED_EDGE('',*,*,#16107,.T.);
#16719 = ORIENTED_EDGE('',*,*,#16138,.T.);
#16720 = ORIENTED_EDGE('',*,*,#16171,.T.);
#16721 = ORIENTED_EDGE('',*,*,#16202,.T.);
#16722 = ORIENTED_EDGE('',*,*,#16233,.T.);
#16723 = ORIENTED_EDGE('',*,*,#16266,.T.);
#16724 = ORIENTED_EDGE('',*,*,#16297,.T.);
#16725 = ORIENTED_EDGE('',*,*,#16330,.T.);
#16726 = ORIENTED_EDGE('',*,*,#16361,.T.);
#16727 = ORIENTED_EDGE('',*,*,#16392,.T.);
#16728 = ORIENTED_EDGE('',*,*,#16423,.T.);
#16729 = ORIENTED_EDGE('',*,*,#16454,.T.);
#16730 = ORIENTED_EDGE('',*,*,#16487,.T.);
#16731 = ORIENTED_EDGE('',*,*,#16518,.T.);
#16732 = ORIENTED_EDGE('',*,*,#16551,.T.);
#16733 = ORIENTED_EDGE('',*,*,#16582,.T.);
#16734 = FACE_BOUND('',#16735,.T.);
#16735 = EDGE_LOOP('',(#16736));
#16736 = ORIENTED_EDGE('',*,*,#16613,.T.);
#16737 = FACE_BOUND('',#16738,.T.);
#16738 = EDGE_LOOP('',(#16739));
#16739 = ORIENTED_EDGE('',*,*,#16646,.T.);
#16740 = PLANE('',#16741);
#16741 = AXIS2_PLACEMENT_3D('',#16742,#16743,#16744);
#16742 = CARTESIAN_POINT('',(0.,0.,-3.5E-02));
#16743 = DIRECTION('',(-0.,-0.,-1.));
#16744 = DIRECTION('',(-1.,0.,0.));
#16745 = MANIFOLD_SOLID_BREP('',#16746);
#16746 = CLOSED_SHELL('',(#16747,#16789,#16820,#16851,#16884,#16915,
    #16948,#16979,#17010,#17043,#17065,#17098,#17131,#17155));
#16747 = ADVANCED_FACE('',(#16748),#16784,.T.);
#16748 = FACE_BOUND('',#16749,.F.);
#16749 = EDGE_LOOP('',(#16750,#16760,#16769,#16777));
#16750 = ORIENTED_EDGE('',*,*,#16751,.T.);
#16751 = EDGE_CURVE('',#16752,#16754,#16756,.T.);
#16752 = VERTEX_POINT('',#16753);
#16753 = CARTESIAN_POINT('',(15.54,-77.,0.));
#16754 = VERTEX_POINT('',#16755);
#16755 = CARTESIAN_POINT('',(15.54,-77.,-3.5E-02));
#16756 = LINE('',#16757,#16758);
#16757 = CARTESIAN_POINT('',(15.54,-77.,0.));
#16758 = VECTOR('',#16759,1.);
#16759 = DIRECTION('',(0.,0.,-1.));
#16760 = ORIENTED_EDGE('',*,*,#16761,.T.);
#16761 = EDGE_CURVE('',#16754,#16762,#16764,.T.);
#16762 = VERTEX_POINT('',#16763);
#16763 = CARTESIAN_POINT('',(14.54,-78.,-3.5E-02));
#16764 = CIRCLE('',#16765,1.000001302705);
#16765 = AXIS2_PLACEMENT_3D('',#16766,#16767,#16768);
#16766 = CARTESIAN_POINT('',(14.539998697296,-76.99999869729,-3.5E-02));
#16767 = DIRECTION('',(0.,0.,-1.));
#16768 = DIRECTION('',(0.999999999999,-1.30270226722E-06,0.));
#16769 = ORIENTED_EDGE('',*,*,#16770,.F.);
#16770 = EDGE_CURVE('',#16771,#16762,#16773,.T.);
#16771 = VERTEX_POINT('',#16772);
#16772 = CARTESIAN_POINT('',(14.54,-78.,0.));
#16773 = LINE('',#16774,#16775);
#16774 = CARTESIAN_POINT('',(14.54,-78.,0.));
#16775 = VECTOR('',#16776,1.);
#16776 = DIRECTION('',(0.,0.,-1.));
#16777 = ORIENTED_EDGE('',*,*,#16778,.F.);
#16778 = EDGE_CURVE('',#16752,#16771,#16779,.T.);
#16779 = CIRCLE('',#16780,1.000001302705);
#16780 = AXIS2_PLACEMENT_3D('',#16781,#16782,#16783);
#16781 = CARTESIAN_POINT('',(14.539998697296,-76.99999869729,0.));
#16782 = DIRECTION('',(0.,0.,-1.));
#16783 = DIRECTION('',(0.999999999999,-1.30270226722E-06,0.));
#16784 = CYLINDRICAL_SURFACE('',#16785,1.000001302705);
#16785 = AXIS2_PLACEMENT_3D('',#16786,#16787,#16788);
#16786 = CARTESIAN_POINT('',(14.539998697296,-76.99999869729,0.));
#16787 = DIRECTION('',(-0.,-0.,1.));
#16788 = DIRECTION('',(0.999999999999,-1.30270226722E-06,0.));
#16789 = ADVANCED_FACE('',(#16790),#16815,.F.);
#16790 = FACE_BOUND('',#16791,.F.);
#16791 = EDGE_LOOP('',(#16792,#16793,#16801,#16809));
#16792 = ORIENTED_EDGE('',*,*,#16770,.T.);
#16793 = ORIENTED_EDGE('',*,*,#16794,.T.);
#16794 = EDGE_CURVE('',#16762,#16795,#16797,.T.);
#16795 = VERTEX_POINT('',#16796);
#16796 = CARTESIAN_POINT('',(10.,-78.,-3.5E-02));
#16797 = LINE('',#16798,#16799);
#16798 = CARTESIAN_POINT('',(14.54,-78.,-3.5E-02));
#16799 = VECTOR('',#16800,1.);
#16800 = DIRECTION('',(-1.,0.,0.));
#16801 = ORIENTED_EDGE('',*,*,#16802,.F.);
#16802 = EDGE_CURVE('',#16803,#16795,#16805,.T.);
#16803 = VERTEX_POINT('',#16804);
#16804 = CARTESIAN_POINT('',(10.,-78.,0.));
#16805 = LINE('',#16806,#16807);
#16806 = CARTESIAN_POINT('',(10.,-78.,0.));
#16807 = VECTOR('',#16808,1.);
#16808 = DIRECTION('',(0.,0.,-1.));
#16809 = ORIENTED_EDGE('',*,*,#16810,.F.);
#16810 = EDGE_CURVE('',#16771,#16803,#16811,.T.);
#16811 = LINE('',#16812,#16813);
#16812 = CARTESIAN_POINT('',(14.54,-78.,0.));
#16813 = VECTOR('',#16814,1.);
#16814 = DIRECTION('',(-1.,0.,0.));
#16815 = PLANE('',#16816);
#16816 = AXIS2_PLACEMENT_3D('',#16817,#16818,#16819);
#16817 = CARTESIAN_POINT('',(14.54,-78.,0.));
#16818 = DIRECTION('',(0.,1.,0.));
#16819 = DIRECTION('',(-1.,0.,0.));
#16820 = ADVANCED_FACE('',(#16821),#16846,.F.);
#16821 = FACE_BOUND('',#16822,.F.);
#16822 = EDGE_LOOP('',(#16823,#16824,#16832,#16840));
#16823 = ORIENTED_EDGE('',*,*,#16802,.T.);
#16824 = ORIENTED_EDGE('',*,*,#16825,.T.);
#16825 = EDGE_CURVE('',#16795,#16826,#16828,.T.);
#16826 = VERTEX_POINT('',#16827);
#16827 = CARTESIAN_POINT('',(10.,-95.,-3.5E-02));
#16828 = LINE('',#16829,#16830);
#16829 = CARTESIAN_POINT('',(10.,-78.,-3.5E-02));
#16830 = VECTOR('',#16831,1.);
#16831 = DIRECTION('',(0.,-1.,0.));
#16832 = ORIENTED_EDGE('',*,*,#16833,.F.);
#16833 = EDGE_CURVE('',#16834,#16826,#16836,.T.);
#16834 = VERTEX_POINT('',#16835);
#16835 = CARTESIAN_POINT('',(10.,-95.,0.));
#16836 = LINE('',#16837,#16838);
#16837 = CARTESIAN_POINT('',(10.,-95.,0.));
#16838 = VECTOR('',#16839,1.);
#16839 = DIRECTION('',(0.,0.,-1.));
#16840 = ORIENTED_EDGE('',*,*,#16841,.F.);
#16841 = EDGE_CURVE('',#16803,#16834,#16842,.T.);
#16842 = LINE('',#16843,#16844);
#16843 = CARTESIAN_POINT('',(10.,-78.,0.));
#16844 = VECTOR('',#16845,1.);
#16845 = DIRECTION('',(0.,-1.,0.));
#16846 = PLANE('',#16847);
#16847 = AXIS2_PLACEMENT_3D('',#16848,#16849,#16850);
#16848 = CARTESIAN_POINT('',(10.,-78.,0.));
#16849 = DIRECTION('',(-1.,-0.,-0.));
#16850 = DIRECTION('',(0.,-1.,0.));
#16851 = ADVANCED_FACE('',(#16852),#16879,.T.);
#16852 = FACE_BOUND('',#16853,.F.);
#16853 = EDGE_LOOP('',(#16854,#16855,#16864,#16872));
#16854 = ORIENTED_EDGE('',*,*,#16833,.T.);
#16855 = ORIENTED_EDGE('',*,*,#16856,.T.);
#16856 = EDGE_CURVE('',#16826,#16857,#16859,.T.);
#16857 = VERTEX_POINT('',#16858);
#16858 = CARTESIAN_POINT('',(8.,-95.,-3.5E-02));
#16859 = CIRCLE('',#16860,1.);
#16860 = AXIS2_PLACEMENT_3D('',#16861,#16862,#16863);
#16861 = CARTESIAN_POINT('',(9.,-95.0000002595,-3.5E-02));
#16862 = DIRECTION('',(0.,0.,-1.));
#16863 = DIRECTION('',(1.,2.595065211608E-07,0.));
#16864 = ORIENTED_EDGE('',*,*,#16865,.F.);
#16865 = EDGE_CURVE('',#16866,#16857,#16868,.T.);
#16866 = VERTEX_POINT('',#16867);
#16867 = CARTESIAN_POINT('',(8.,-95.,0.));
#16868 = LINE('',#16869,#16870);
#16869 = CARTESIAN_POINT('',(8.,-95.,0.));
#16870 = VECTOR('',#16871,1.);
#16871 = DIRECTION('',(0.,0.,-1.));
#16872 = ORIENTED_EDGE('',*,*,#16873,.F.);
#16873 = EDGE_CURVE('',#16834,#16866,#16874,.T.);
#16874 = CIRCLE('',#16875,1.);
#16875 = AXIS2_PLACEMENT_3D('',#16876,#16877,#16878);
#16876 = CARTESIAN_POINT('',(9.,-95.0000002595,0.));
#16877 = DIRECTION('',(0.,0.,-1.));
#16878 = DIRECTION('',(1.,2.595065211608E-07,0.));
#16879 = CYLINDRICAL_SURFACE('',#16880,1.);
#16880 = AXIS2_PLACEMENT_3D('',#16881,#16882,#16883);
#16881 = CARTESIAN_POINT('',(9.,-95.0000002595,0.));
#16882 = DIRECTION('',(-0.,-0.,1.));
#16883 = DIRECTION('',(1.,2.595065211608E-07,0.));
#16884 = ADVANCED_FACE('',(#16885),#16910,.F.);
#16885 = FACE_BOUND('',#16886,.F.);
#16886 = EDGE_LOOP('',(#16887,#16888,#16896,#16904));
#16887 = ORIENTED_EDGE('',*,*,#16865,.T.);
#16888 = ORIENTED_EDGE('',*,*,#16889,.T.);
#16889 = EDGE_CURVE('',#16857,#16890,#16892,.T.);
#16890 = VERTEX_POINT('',#16891);
#16891 = CARTESIAN_POINT('',(8.,-77.,-3.5E-02));
#16892 = LINE('',#16893,#16894);
#16893 = CARTESIAN_POINT('',(8.,-95.,-3.5E-02));
#16894 = VECTOR('',#16895,1.);
#16895 = DIRECTION('',(0.,1.,0.));
#16896 = ORIENTED_EDGE('',*,*,#16897,.F.);
#16897 = EDGE_CURVE('',#16898,#16890,#16900,.T.);
#16898 = VERTEX_POINT('',#16899);
#16899 = CARTESIAN_POINT('',(8.,-77.,0.));
#16900 = LINE('',#16901,#16902);
#16901 = CARTESIAN_POINT('',(8.,-77.,0.));
#16902 = VECTOR('',#16903,1.);
#16903 = DIRECTION('',(0.,0.,-1.));
#16904 = ORIENTED_EDGE('',*,*,#16905,.F.);
#16905 = EDGE_CURVE('',#16866,#16898,#16906,.T.);
#16906 = LINE('',#16907,#16908);
#16907 = CARTESIAN_POINT('',(8.,-95.,0.));
#16908 = VECTOR('',#16909,1.);
#16909 = DIRECTION('',(0.,1.,0.));
#16910 = PLANE('',#16911);
#16911 = AXIS2_PLACEMENT_3D('',#16912,#16913,#16914);
#16912 = CARTESIAN_POINT('',(8.,-95.,0.));
#16913 = DIRECTION('',(1.,-0.,0.));
#16914 = DIRECTION('',(0.,1.,0.));
#16915 = ADVANCED_FACE('',(#16916),#16943,.T.);
#16916 = FACE_BOUND('',#16917,.F.);
#16917 = EDGE_LOOP('',(#16918,#16919,#16928,#16936));
#16918 = ORIENTED_EDGE('',*,*,#16897,.T.);
#16919 = ORIENTED_EDGE('',*,*,#16920,.T.);
#16920 = EDGE_CURVE('',#16890,#16921,#16923,.T.);
#16921 = VERTEX_POINT('',#16922);
#16922 = CARTESIAN_POINT('',(9.,-76.,-3.5E-02));
#16923 = CIRCLE('',#16924,1.000001302705);
#16924 = AXIS2_PLACEMENT_3D('',#16925,#16926,#16927);
#16925 = CARTESIAN_POINT('',(9.000001302704,-77.0000013027,-3.5E-02));
#16926 = DIRECTION('',(0.,0.,-1.));
#16927 = DIRECTION('',(-0.999999999999,1.30270226722E-06,0.));
#16928 = ORIENTED_EDGE('',*,*,#16929,.F.);
#16929 = EDGE_CURVE('',#16930,#16921,#16932,.T.);
#16930 = VERTEX_POINT('',#16931);
#16931 = CARTESIAN_POINT('',(9.,-76.,0.));
#16932 = LINE('',#16933,#16934);
#16933 = CARTESIAN_POINT('',(9.,-76.,0.));
#16934 = VECTOR('',#16935,1.);
#16935 = DIRECTION('',(0.,0.,-1.));
#16936 = ORIENTED_EDGE('',*,*,#16937,.F.);
#16937 = EDGE_CURVE('',#16898,#16930,#16938,.T.);
#16938 = CIRCLE('',#16939,1.000001302705);
#16939 = AXIS2_PLACEMENT_3D('',#16940,#16941,#16942);
#16940 = CARTESIAN_POINT('',(9.000001302704,-77.0000013027,0.));
#16941 = DIRECTION('',(0.,0.,-1.));
#16942 = DIRECTION('',(-0.999999999999,1.30270226722E-06,0.));
#16943 = CYLINDRICAL_SURFACE('',#16944,1.000001302705);
#16944 = AXIS2_PLACEMENT_3D('',#16945,#16946,#16947);
#16945 = CARTESIAN_POINT('',(9.000001302704,-77.0000013027,0.));
#16946 = DIRECTION('',(-0.,-0.,1.));
#16947 = DIRECTION('',(-0.999999999999,1.30270226722E-06,0.));
#16948 = ADVANCED_FACE('',(#16949),#16974,.F.);
#16949 = FACE_BOUND('',#16950,.F.);
#16950 = EDGE_LOOP('',(#16951,#16952,#16960,#16968));
#16951 = ORIENTED_EDGE('',*,*,#16929,.T.);
#16952 = ORIENTED_EDGE('',*,*,#16953,.T.);
#16953 = EDGE_CURVE('',#16921,#16954,#16956,.T.);
#16954 = VERTEX_POINT('',#16955);
#16955 = CARTESIAN_POINT('',(13.54,-76.,-3.5E-02));
#16956 = LINE('',#16957,#16958);
#16957 = CARTESIAN_POINT('',(9.,-76.,-3.5E-02));
#16958 = VECTOR('',#16959,1.);
#16959 = DIRECTION('',(1.,0.,0.));
#16960 = ORIENTED_EDGE('',*,*,#16961,.F.);
#16961 = EDGE_CURVE('',#16962,#16954,#16964,.T.);
#16962 = VERTEX_POINT('',#16963);
#16963 = CARTESIAN_POINT('',(13.54,-76.,0.));
#16964 = LINE('',#16965,#16966);
#16965 = CARTESIAN_POINT('',(13.54,-76.,0.));
#16966 = VECTOR('',#16967,1.);
#16967 = DIRECTION('',(0.,0.,-1.));
#16968 = ORIENTED_EDGE('',*,*,#16969,.F.);
#16969 = EDGE_CURVE('',#16930,#16962,#16970,.T.);
#16970 = LINE('',#16971,#16972);
#16971 = CARTESIAN_POINT('',(9.,-76.,0.));
#16972 = VECTOR('',#16973,1.);
#16973 = DIRECTION('',(1.,0.,0.));
#16974 = PLANE('',#16975);
#16975 = AXIS2_PLACEMENT_3D('',#16976,#16977,#16978);
#16976 = CARTESIAN_POINT('',(9.,-76.,0.));
#16977 = DIRECTION('',(0.,-1.,0.));
#16978 = DIRECTION('',(1.,0.,0.));
#16979 = ADVANCED_FACE('',(#16980),#17005,.F.);
#16980 = FACE_BOUND('',#16981,.F.);
#16981 = EDGE_LOOP('',(#16982,#16983,#16991,#16999));
#16982 = ORIENTED_EDGE('',*,*,#16961,.T.);
#16983 = ORIENTED_EDGE('',*,*,#16984,.T.);
#16984 = EDGE_CURVE('',#16954,#16985,#16987,.T.);
#16985 = VERTEX_POINT('',#16986);
#16986 = CARTESIAN_POINT('',(13.54,-72.,-3.5E-02));
#16987 = LINE('',#16988,#16989);
#16988 = CARTESIAN_POINT('',(13.54,-76.,-3.5E-02));
#16989 = VECTOR('',#16990,1.);
#16990 = DIRECTION('',(0.,1.,0.));
#16991 = ORIENTED_EDGE('',*,*,#16992,.F.);
#16992 = EDGE_CURVE('',#16993,#16985,#16995,.T.);
#16993 = VERTEX_POINT('',#16994);
#16994 = CARTESIAN_POINT('',(13.54,-72.,0.));
#16995 = LINE('',#16996,#16997);
#16996 = CARTESIAN_POINT('',(13.54,-72.,0.));
#16997 = VECTOR('',#16998,1.);
#16998 = DIRECTION('',(0.,0.,-1.));
#16999 = ORIENTED_EDGE('',*,*,#17000,.F.);
#17000 = EDGE_CURVE('',#16962,#16993,#17001,.T.);
#17001 = LINE('',#17002,#17003);
#17002 = CARTESIAN_POINT('',(13.54,-76.,0.));
#17003 = VECTOR('',#17004,1.);
#17004 = DIRECTION('',(0.,1.,0.));
#17005 = PLANE('',#17006);
#17006 = AXIS2_PLACEMENT_3D('',#17007,#17008,#17009);
#17007 = CARTESIAN_POINT('',(13.54,-76.,0.));
#17008 = DIRECTION('',(1.,-0.,0.));
#17009 = DIRECTION('',(0.,1.,0.));
#17010 = ADVANCED_FACE('',(#17011),#17038,.T.);
#17011 = FACE_BOUND('',#17012,.F.);
#17012 = EDGE_LOOP('',(#17013,#17014,#17023,#17031));
#17013 = ORIENTED_EDGE('',*,*,#16992,.T.);
#17014 = ORIENTED_EDGE('',*,*,#17015,.T.);
#17015 = EDGE_CURVE('',#16985,#17016,#17018,.T.);
#17016 = VERTEX_POINT('',#17017);
#17017 = CARTESIAN_POINT('',(15.54,-72.,-3.5E-02));
#17018 = CIRCLE('',#17019,1.);
#17019 = AXIS2_PLACEMENT_3D('',#17020,#17021,#17022);
#17020 = CARTESIAN_POINT('',(14.54,-72.00000023138,-3.5E-02));
#17021 = DIRECTION('',(0.,0.,-1.));
#17022 = DIRECTION('',(-1.,2.313867213388E-07,0.));
#17023 = ORIENTED_EDGE('',*,*,#17024,.F.);
#17024 = EDGE_CURVE('',#17025,#17016,#17027,.T.);
#17025 = VERTEX_POINT('',#17026);
#17026 = CARTESIAN_POINT('',(15.54,-72.,0.));
#17027 = LINE('',#17028,#17029);
#17028 = CARTESIAN_POINT('',(15.54,-72.,0.));
#17029 = VECTOR('',#17030,1.);
#17030 = DIRECTION('',(0.,0.,-1.));
#17031 = ORIENTED_EDGE('',*,*,#17032,.F.);
#17032 = EDGE_CURVE('',#16993,#17025,#17033,.T.);
#17033 = CIRCLE('',#17034,1.);
#17034 = AXIS2_PLACEMENT_3D('',#17035,#17036,#17037);
#17035 = CARTESIAN_POINT('',(14.54,-72.00000023138,0.));
#17036 = DIRECTION('',(0.,0.,-1.));
#17037 = DIRECTION('',(-1.,2.313867213388E-07,0.));
#17038 = CYLINDRICAL_SURFACE('',#17039,1.);
#17039 = AXIS2_PLACEMENT_3D('',#17040,#17041,#17042);
#17040 = CARTESIAN_POINT('',(14.54,-72.00000023138,0.));
#17041 = DIRECTION('',(-0.,-0.,1.));
#17042 = DIRECTION('',(-1.,2.313867213388E-07,0.));
#17043 = ADVANCED_FACE('',(#17044),#17060,.F.);
#17044 = FACE_BOUND('',#17045,.F.);
#17045 = EDGE_LOOP('',(#17046,#17047,#17053,#17054));
#17046 = ORIENTED_EDGE('',*,*,#17024,.T.);
#17047 = ORIENTED_EDGE('',*,*,#17048,.T.);
#17048 = EDGE_CURVE('',#17016,#16754,#17049,.T.);
#17049 = LINE('',#17050,#17051);
#17050 = CARTESIAN_POINT('',(15.54,-72.,-3.5E-02));
#17051 = VECTOR('',#17052,1.);
#17052 = DIRECTION('',(0.,-1.,0.));
#17053 = ORIENTED_EDGE('',*,*,#16751,.F.);
#17054 = ORIENTED_EDGE('',*,*,#17055,.F.);
#17055 = EDGE_CURVE('',#17025,#16752,#17056,.T.);
#17056 = LINE('',#17057,#17058);
#17057 = CARTESIAN_POINT('',(15.54,-72.,0.));
#17058 = VECTOR('',#17059,1.);
#17059 = DIRECTION('',(0.,-1.,0.));
#17060 = PLANE('',#17061);
#17061 = AXIS2_PLACEMENT_3D('',#17062,#17063,#17064);
#17062 = CARTESIAN_POINT('',(15.54,-72.,0.));
#17063 = DIRECTION('',(-1.,-0.,-0.));
#17064 = DIRECTION('',(0.,-1.,0.));
#17065 = ADVANCED_FACE('',(#17066),#17093,.F.);
#17066 = FACE_BOUND('',#17067,.F.);
#17067 = EDGE_LOOP('',(#17068,#17078,#17085,#17086));
#17068 = ORIENTED_EDGE('',*,*,#17069,.T.);
#17069 = EDGE_CURVE('',#17070,#17072,#17074,.T.);
#17070 = VERTEX_POINT('',#17071);
#17071 = CARTESIAN_POINT('',(9.487392,-95.,0.));
#17072 = VERTEX_POINT('',#17073);
#17073 = CARTESIAN_POINT('',(9.487392,-95.,-3.5E-02));
#17074 = LINE('',#17075,#17076);
#17075 = CARTESIAN_POINT('',(9.487392,-95.,0.));
#17076 = VECTOR('',#17077,1.);
#17077 = DIRECTION('',(0.,0.,-1.));
#17078 = ORIENTED_EDGE('',*,*,#17079,.T.);
#17079 = EDGE_CURVE('',#17072,#17072,#17080,.T.);
#17080 = CIRCLE('',#17081,0.487392);
#17081 = AXIS2_PLACEMENT_3D('',#17082,#17083,#17084);
#17082 = CARTESIAN_POINT('',(9.,-95.,-3.5E-02));
#17083 = DIRECTION('',(0.,0.,1.));
#17084 = DIRECTION('',(1.,0.,-0.));
#17085 = ORIENTED_EDGE('',*,*,#17069,.F.);
#17086 = ORIENTED_EDGE('',*,*,#17087,.F.);
#17087 = EDGE_CURVE('',#17070,#17070,#17088,.T.);
#17088 = CIRCLE('',#17089,0.487392);
#17089 = AXIS2_PLACEMENT_3D('',#17090,#17091,#17092);
#17090 = CARTESIAN_POINT('',(9.,-95.,0.));
#17091 = DIRECTION('',(0.,0.,1.));
#17092 = DIRECTION('',(1.,0.,-0.));
#17093 = CYLINDRICAL_SURFACE('',#17094,0.487392);
#17094 = AXIS2_PLACEMENT_3D('',#17095,#17096,#17097);
#17095 = CARTESIAN_POINT('',(9.,-95.,0.));
#17096 = DIRECTION('',(0.,0.,1.));
#17097 = DIRECTION('',(1.,0.,-0.));
#17098 = ADVANCED_FACE('',(#17099),#17126,.F.);
#17099 = FACE_BOUND('',#17100,.F.);
#17100 = EDGE_LOOP('',(#17101,#17111,#17118,#17119));
#17101 = ORIENTED_EDGE('',*,*,#17102,.T.);
#17102 = EDGE_CURVE('',#17103,#17105,#17107,.T.);
#17103 = VERTEX_POINT('',#17104);
#17104 = CARTESIAN_POINT('',(15.077392,-72.,0.));
#17105 = VERTEX_POINT('',#17106);
#17106 = CARTESIAN_POINT('',(15.077392,-72.,-3.5E-02));
#17107 = LINE('',#17108,#17109);
#17108 = CARTESIAN_POINT('',(15.077392,-72.,0.));
#17109 = VECTOR('',#17110,1.);
#17110 = DIRECTION('',(0.,0.,-1.));
#17111 = ORIENTED_EDGE('',*,*,#17112,.T.);
#17112 = EDGE_CURVE('',#17105,#17105,#17113,.T.);
#17113 = CIRCLE('',#17114,0.537392);
#17114 = AXIS2_PLACEMENT_3D('',#17115,#17116,#17117);
#17115 = CARTESIAN_POINT('',(14.54,-72.,-3.5E-02));
#17116 = DIRECTION('',(0.,0.,1.));
#17117 = DIRECTION('',(1.,0.,-0.));
#17118 = ORIENTED_EDGE('',*,*,#17102,.F.);
#17119 = ORIENTED_EDGE('',*,*,#17120,.F.);
#17120 = EDGE_CURVE('',#17103,#17103,#17121,.T.);
#17121 = CIRCLE('',#17122,0.537392);
#17122 = AXIS2_PLACEMENT_3D('',#17123,#17124,#17125);
#17123 = CARTESIAN_POINT('',(14.54,-72.,0.));
#17124 = DIRECTION('',(0.,0.,1.));
#17125 = DIRECTION('',(1.,0.,-0.));
#17126 = CYLINDRICAL_SURFACE('',#17127,0.537392);
#17127 = AXIS2_PLACEMENT_3D('',#17128,#17129,#17130);
#17128 = CARTESIAN_POINT('',(14.54,-72.,0.));
#17129 = DIRECTION('',(0.,0.,1.));
#17130 = DIRECTION('',(1.,0.,-0.));
#17131 = ADVANCED_FACE('',(#17132,#17144,#17147),#17150,.F.);
#17132 = FACE_BOUND('',#17133,.F.);
#17133 = EDGE_LOOP('',(#17134,#17135,#17136,#17137,#17138,#17139,#17140,
    #17141,#17142,#17143));
#17134 = ORIENTED_EDGE('',*,*,#16778,.T.);
#17135 = ORIENTED_EDGE('',*,*,#16810,.T.);
#17136 = ORIENTED_EDGE('',*,*,#16841,.T.);
#17137 = ORIENTED_EDGE('',*,*,#16873,.T.);
#17138 = ORIENTED_EDGE('',*,*,#16905,.T.);
#17139 = ORIENTED_EDGE('',*,*,#16937,.T.);
#17140 = ORIENTED_EDGE('',*,*,#16969,.T.);
#17141 = ORIENTED_EDGE('',*,*,#17000,.T.);
#17142 = ORIENTED_EDGE('',*,*,#17032,.T.);
#17143 = ORIENTED_EDGE('',*,*,#17055,.T.);
#17144 = FACE_BOUND('',#17145,.F.);
#17145 = EDGE_LOOP('',(#17146));
#17146 = ORIENTED_EDGE('',*,*,#17087,.T.);
#17147 = FACE_BOUND('',#17148,.F.);
#17148 = EDGE_LOOP('',(#17149));
#17149 = ORIENTED_EDGE('',*,*,#17120,.T.);
#17150 = PLANE('',#17151);
#17151 = AXIS2_PLACEMENT_3D('',#17152,#17153,#17154);
#17152 = CARTESIAN_POINT('',(0.,0.,0.));
#17153 = DIRECTION('',(-0.,-0.,-1.));
#17154 = DIRECTION('',(-1.,0.,0.));
#17155 = ADVANCED_FACE('',(#17156,#17168,#17171),#17174,.T.);
#17156 = FACE_BOUND('',#17157,.T.);
#17157 = EDGE_LOOP('',(#17158,#17159,#17160,#17161,#17162,#17163,#17164,
    #17165,#17166,#17167));
#17158 = ORIENTED_EDGE('',*,*,#16761,.T.);
#17159 = ORIENTED_EDGE('',*,*,#16794,.T.);
#17160 = ORIENTED_EDGE('',*,*,#16825,.T.);
#17161 = ORIENTED_EDGE('',*,*,#16856,.T.);
#17162 = ORIENTED_EDGE('',*,*,#16889,.T.);
#17163 = ORIENTED_EDGE('',*,*,#16920,.T.);
#17164 = ORIENTED_EDGE('',*,*,#16953,.T.);
#17165 = ORIENTED_EDGE('',*,*,#16984,.T.);
#17166 = ORIENTED_EDGE('',*,*,#17015,.T.);
#17167 = ORIENTED_EDGE('',*,*,#17048,.T.);
#17168 = FACE_BOUND('',#17169,.T.);
#17169 = EDGE_LOOP('',(#17170));
#17170 = ORIENTED_EDGE('',*,*,#17079,.T.);
#17171 = FACE_BOUND('',#17172,.T.);
#17172 = EDGE_LOOP('',(#17173));
#17173 = ORIENTED_EDGE('',*,*,#17112,.T.);
#17174 = PLANE('',#17175);
#17175 = AXIS2_PLACEMENT_3D('',#17176,#17177,#17178);
#17176 = CARTESIAN_POINT('',(0.,0.,-3.5E-02));
#17177 = DIRECTION('',(-0.,-0.,-1.));
#17178 = DIRECTION('',(-1.,0.,0.));
#17179 = MANIFOLD_SOLID_BREP('',#17180);
#17180 = CLOSED_SHELL('',(#17181,#17223,#17254,#17287,#17309,#17342,
    #17375,#17393));
#17181 = ADVANCED_FACE('',(#17182),#17218,.T.);
#17182 = FACE_BOUND('',#17183,.F.);
#17183 = EDGE_LOOP('',(#17184,#17194,#17203,#17211));
#17184 = ORIENTED_EDGE('',*,*,#17185,.T.);
#17185 = EDGE_CURVE('',#17186,#17188,#17190,.T.);
#17186 = VERTEX_POINT('',#17187);
#17187 = CARTESIAN_POINT('',(33.89,-18.08,0.));
#17188 = VERTEX_POINT('',#17189);
#17189 = CARTESIAN_POINT('',(33.89,-18.08,-3.5E-02));
#17190 = LINE('',#17191,#17192);
#17191 = CARTESIAN_POINT('',(33.89,-18.08,0.));
#17192 = VECTOR('',#17193,1.);
#17193 = DIRECTION('',(0.,0.,-1.));
#17194 = ORIENTED_EDGE('',*,*,#17195,.T.);
#17195 = EDGE_CURVE('',#17188,#17196,#17198,.T.);
#17196 = VERTEX_POINT('',#17197);
#17197 = CARTESIAN_POINT('',(33.89,-16.08,-3.5E-02));
#17198 = CIRCLE('',#17199,1.);
#17199 = AXIS2_PLACEMENT_3D('',#17200,#17201,#17202);
#17200 = CARTESIAN_POINT('',(33.889999740493,-17.08,-3.5E-02));
#17201 = DIRECTION('',(0.,0.,-1.));
#17202 = DIRECTION('',(2.595065211608E-07,-1.,0.));
#17203 = ORIENTED_EDGE('',*,*,#17204,.F.);
#17204 = EDGE_CURVE('',#17205,#17196,#17207,.T.);
#17205 = VERTEX_POINT('',#17206);
#17206 = CARTESIAN_POINT('',(33.89,-16.08,0.));
#17207 = LINE('',#17208,#17209);
#17208 = CARTESIAN_POINT('',(33.89,-16.08,0.));
#17209 = VECTOR('',#17210,1.);
#17210 = DIRECTION('',(0.,0.,-1.));
#17211 = ORIENTED_EDGE('',*,*,#17212,.F.);
#17212 = EDGE_CURVE('',#17186,#17205,#17213,.T.);
#17213 = CIRCLE('',#17214,1.);
#17214 = AXIS2_PLACEMENT_3D('',#17215,#17216,#17217);
#17215 = CARTESIAN_POINT('',(33.889999740493,-17.08,0.));
#17216 = DIRECTION('',(0.,0.,-1.));
#17217 = DIRECTION('',(2.595065211608E-07,-1.,0.));
#17218 = CYLINDRICAL_SURFACE('',#17219,1.);
#17219 = AXIS2_PLACEMENT_3D('',#17220,#17221,#17222);
#17220 = CARTESIAN_POINT('',(33.889999740493,-17.08,0.));
#17221 = DIRECTION('',(-0.,-0.,1.));
#17222 = DIRECTION('',(2.595065211608E-07,-1.,0.));
#17223 = ADVANCED_FACE('',(#17224),#17249,.F.);
#17224 = FACE_BOUND('',#17225,.F.);
#17225 = EDGE_LOOP('',(#17226,#17227,#17235,#17243));
#17226 = ORIENTED_EDGE('',*,*,#17204,.T.);
#17227 = ORIENTED_EDGE('',*,*,#17228,.T.);
#17228 = EDGE_CURVE('',#17196,#17229,#17231,.T.);
#17229 = VERTEX_POINT('',#17230);
#17230 = CARTESIAN_POINT('',(40.,-16.08,-3.5E-02));
#17231 = LINE('',#17232,#17233);
#17232 = CARTESIAN_POINT('',(33.89,-16.08,-3.5E-02));
#17233 = VECTOR('',#17234,1.);
#17234 = DIRECTION('',(1.,0.,0.));
#17235 = ORIENTED_EDGE('',*,*,#17236,.F.);
#17236 = EDGE_CURVE('',#17237,#17229,#17239,.T.);
#17237 = VERTEX_POINT('',#17238);
#17238 = CARTESIAN_POINT('',(40.,-16.08,0.));
#17239 = LINE('',#17240,#17241);
#17240 = CARTESIAN_POINT('',(40.,-16.08,0.));
#17241 = VECTOR('',#17242,1.);
#17242 = DIRECTION('',(0.,0.,-1.));
#17243 = ORIENTED_EDGE('',*,*,#17244,.F.);
#17244 = EDGE_CURVE('',#17205,#17237,#17245,.T.);
#17245 = LINE('',#17246,#17247);
#17246 = CARTESIAN_POINT('',(33.89,-16.08,0.));
#17247 = VECTOR('',#17248,1.);
#17248 = DIRECTION('',(1.,0.,0.));
#17249 = PLANE('',#17250);
#17250 = AXIS2_PLACEMENT_3D('',#17251,#17252,#17253);
#17251 = CARTESIAN_POINT('',(33.89,-16.08,0.));
#17252 = DIRECTION('',(0.,-1.,0.));
#17253 = DIRECTION('',(1.,0.,0.));
#17254 = ADVANCED_FACE('',(#17255),#17282,.T.);
#17255 = FACE_BOUND('',#17256,.F.);
#17256 = EDGE_LOOP('',(#17257,#17258,#17267,#17275));
#17257 = ORIENTED_EDGE('',*,*,#17236,.T.);
#17258 = ORIENTED_EDGE('',*,*,#17259,.T.);
#17259 = EDGE_CURVE('',#17229,#17260,#17262,.T.);
#17260 = VERTEX_POINT('',#17261);
#17261 = CARTESIAN_POINT('',(40.,-18.08,-3.5E-02));
#17262 = CIRCLE('',#17263,1.);
#17263 = AXIS2_PLACEMENT_3D('',#17264,#17265,#17266);
#17264 = CARTESIAN_POINT('',(40.000000259507,-17.08,-3.5E-02));
#17265 = DIRECTION('',(0.,0.,-1.));
#17266 = DIRECTION('',(-2.595065211608E-07,1.,-0.));
#17267 = ORIENTED_EDGE('',*,*,#17268,.F.);
#17268 = EDGE_CURVE('',#17269,#17260,#17271,.T.);
#17269 = VERTEX_POINT('',#17270);
#17270 = CARTESIAN_POINT('',(40.,-18.08,0.));
#17271 = LINE('',#17272,#17273);
#17272 = CARTESIAN_POINT('',(40.,-18.08,0.));
#17273 = VECTOR('',#17274,1.);
#17274 = DIRECTION('',(0.,0.,-1.));
#17275 = ORIENTED_EDGE('',*,*,#17276,.F.);
#17276 = EDGE_CURVE('',#17237,#17269,#17277,.T.);
#17277 = CIRCLE('',#17278,1.);
#17278 = AXIS2_PLACEMENT_3D('',#17279,#17280,#17281);
#17279 = CARTESIAN_POINT('',(40.000000259507,-17.08,0.));
#17280 = DIRECTION('',(0.,0.,-1.));
#17281 = DIRECTION('',(-2.595065211608E-07,1.,-0.));
#17282 = CYLINDRICAL_SURFACE('',#17283,1.);
#17283 = AXIS2_PLACEMENT_3D('',#17284,#17285,#17286);
#17284 = CARTESIAN_POINT('',(40.000000259507,-17.08,0.));
#17285 = DIRECTION('',(-0.,-0.,1.));
#17286 = DIRECTION('',(-2.595065211608E-07,1.,-0.));
#17287 = ADVANCED_FACE('',(#17288),#17304,.F.);
#17288 = FACE_BOUND('',#17289,.F.);
#17289 = EDGE_LOOP('',(#17290,#17291,#17297,#17298));
#17290 = ORIENTED_EDGE('',*,*,#17268,.T.);
#17291 = ORIENTED_EDGE('',*,*,#17292,.T.);
#17292 = EDGE_CURVE('',#17260,#17188,#17293,.T.);
#17293 = LINE('',#17294,#17295);
#17294 = CARTESIAN_POINT('',(40.,-18.08,-3.5E-02));
#17295 = VECTOR('',#17296,1.);
#17296 = DIRECTION('',(-1.,0.,0.));
#17297 = ORIENTED_EDGE('',*,*,#17185,.F.);
#17298 = ORIENTED_EDGE('',*,*,#17299,.F.);
#17299 = EDGE_CURVE('',#17269,#17186,#17300,.T.);
#17300 = LINE('',#17301,#17302);
#17301 = CARTESIAN_POINT('',(40.,-18.08,0.));
#17302 = VECTOR('',#17303,1.);
#17303 = DIRECTION('',(-1.,0.,0.));
#17304 = PLANE('',#17305);
#17305 = AXIS2_PLACEMENT_3D('',#17306,#17307,#17308);
#17306 = CARTESIAN_POINT('',(40.,-18.08,0.));
#17307 = DIRECTION('',(0.,1.,0.));
#17308 = DIRECTION('',(-1.,0.,0.));
#17309 = ADVANCED_FACE('',(#17310),#17337,.F.);
#17310 = FACE_BOUND('',#17311,.F.);
#17311 = EDGE_LOOP('',(#17312,#17322,#17329,#17330));
#17312 = ORIENTED_EDGE('',*,*,#17313,.T.);
#17313 = EDGE_CURVE('',#17314,#17316,#17318,.T.);
#17314 = VERTEX_POINT('',#17315);
#17315 = CARTESIAN_POINT('',(34.377392,-17.08,0.));
#17316 = VERTEX_POINT('',#17317);
#17317 = CARTESIAN_POINT('',(34.377392,-17.08,-3.5E-02));
#17318 = LINE('',#17319,#17320);
#17319 = CARTESIAN_POINT('',(34.377392,-17.08,0.));
#17320 = VECTOR('',#17321,1.);
#17321 = DIRECTION('',(0.,0.,-1.));
#17322 = ORIENTED_EDGE('',*,*,#17323,.T.);
#17323 = EDGE_CURVE('',#17316,#17316,#17324,.T.);
#17324 = CIRCLE('',#17325,0.487392);
#17325 = AXIS2_PLACEMENT_3D('',#17326,#17327,#17328);
#17326 = CARTESIAN_POINT('',(33.89,-17.08,-3.5E-02));
#17327 = DIRECTION('',(0.,0.,1.));
#17328 = DIRECTION('',(1.,0.,-0.));
#17329 = ORIENTED_EDGE('',*,*,#17313,.F.);
#17330 = ORIENTED_EDGE('',*,*,#17331,.F.);
#17331 = EDGE_CURVE('',#17314,#17314,#17332,.T.);
#17332 = CIRCLE('',#17333,0.487392);
#17333 = AXIS2_PLACEMENT_3D('',#17334,#17335,#17336);
#17334 = CARTESIAN_POINT('',(33.89,-17.08,0.));
#17335 = DIRECTION('',(0.,0.,1.));
#17336 = DIRECTION('',(1.,0.,-0.));
#17337 = CYLINDRICAL_SURFACE('',#17338,0.487392);
#17338 = AXIS2_PLACEMENT_3D('',#17339,#17340,#17341);
#17339 = CARTESIAN_POINT('',(33.89,-17.08,0.));
#17340 = DIRECTION('',(0.,0.,1.));
#17341 = DIRECTION('',(1.,0.,-0.));
#17342 = ADVANCED_FACE('',(#17343),#17370,.F.);
#17343 = FACE_BOUND('',#17344,.F.);
#17344 = EDGE_LOOP('',(#17345,#17355,#17362,#17363));
#17345 = ORIENTED_EDGE('',*,*,#17346,.T.);
#17346 = EDGE_CURVE('',#17347,#17349,#17351,.T.);
#17347 = VERTEX_POINT('',#17348);
#17348 = CARTESIAN_POINT('',(40.487392,-17.08,0.));
#17349 = VERTEX_POINT('',#17350);
#17350 = CARTESIAN_POINT('',(40.487392,-17.08,-3.5E-02));
#17351 = LINE('',#17352,#17353);
#17352 = CARTESIAN_POINT('',(40.487392,-17.08,0.));
#17353 = VECTOR('',#17354,1.);
#17354 = DIRECTION('',(0.,0.,-1.));
#17355 = ORIENTED_EDGE('',*,*,#17356,.T.);
#17356 = EDGE_CURVE('',#17349,#17349,#17357,.T.);
#17357 = CIRCLE('',#17358,0.487392);
#17358 = AXIS2_PLACEMENT_3D('',#17359,#17360,#17361);
#17359 = CARTESIAN_POINT('',(40.,-17.08,-3.5E-02));
#17360 = DIRECTION('',(0.,0.,1.));
#17361 = DIRECTION('',(1.,0.,-0.));
#17362 = ORIENTED_EDGE('',*,*,#17346,.F.);
#17363 = ORIENTED_EDGE('',*,*,#17364,.F.);
#17364 = EDGE_CURVE('',#17347,#17347,#17365,.T.);
#17365 = CIRCLE('',#17366,0.487392);
#17366 = AXIS2_PLACEMENT_3D('',#17367,#17368,#17369);
#17367 = CARTESIAN_POINT('',(40.,-17.08,0.));
#17368 = DIRECTION('',(0.,0.,1.));
#17369 = DIRECTION('',(1.,0.,-0.));
#17370 = CYLINDRICAL_SURFACE('',#17371,0.487392);
#17371 = AXIS2_PLACEMENT_3D('',#17372,#17373,#17374);
#17372 = CARTESIAN_POINT('',(40.,-17.08,0.));
#17373 = DIRECTION('',(0.,0.,1.));
#17374 = DIRECTION('',(1.,0.,-0.));
#17375 = ADVANCED_FACE('',(#17376,#17382,#17385),#17388,.F.);
#17376 = FACE_BOUND('',#17377,.F.);
#17377 = EDGE_LOOP('',(#17378,#17379,#17380,#17381));
#17378 = ORIENTED_EDGE('',*,*,#17212,.T.);
#17379 = ORIENTED_EDGE('',*,*,#17244,.T.);
#17380 = ORIENTED_EDGE('',*,*,#17276,.T.);
#17381 = ORIENTED_EDGE('',*,*,#17299,.T.);
#17382 = FACE_BOUND('',#17383,.F.);
#17383 = EDGE_LOOP('',(#17384));
#17384 = ORIENTED_EDGE('',*,*,#17331,.T.);
#17385 = FACE_BOUND('',#17386,.F.);
#17386 = EDGE_LOOP('',(#17387));
#17387 = ORIENTED_EDGE('',*,*,#17364,.T.);
#17388 = PLANE('',#17389);
#17389 = AXIS2_PLACEMENT_3D('',#17390,#17391,#17392);
#17390 = CARTESIAN_POINT('',(0.,0.,0.));
#17391 = DIRECTION('',(-0.,-0.,-1.));
#17392 = DIRECTION('',(-1.,0.,0.));
#17393 = ADVANCED_FACE('',(#17394,#17400,#17403),#17406,.T.);
#17394 = FACE_BOUND('',#17395,.T.);
#17395 = EDGE_LOOP('',(#17396,#17397,#17398,#17399));
#17396 = ORIENTED_EDGE('',*,*,#17195,.T.);
#17397 = ORIENTED_EDGE('',*,*,#17228,.T.);
#17398 = ORIENTED_EDGE('',*,*,#17259,.T.);
#17399 = ORIENTED_EDGE('',*,*,#17292,.T.);
#17400 = FACE_BOUND('',#17401,.T.);
#17401 = EDGE_LOOP('',(#17402));
#17402 = ORIENTED_EDGE('',*,*,#17323,.T.);
#17403 = FACE_BOUND('',#17404,.T.);
#17404 = EDGE_LOOP('',(#17405));
#17405 = ORIENTED_EDGE('',*,*,#17356,.T.);
#17406 = PLANE('',#17407);
#17407 = AXIS2_PLACEMENT_3D('',#17408,#17409,#17410);
#17408 = CARTESIAN_POINT('',(0.,0.,-3.5E-02));
#17409 = DIRECTION('',(-0.,-0.,-1.));
#17410 = DIRECTION('',(-1.,0.,0.));
#17411 = MANIFOLD_SOLID_BREP('',#17412);
#17412 = CLOSED_SHELL('',(#17413,#17455,#17486,#17519,#17541,#17574,
    #17607,#17625));
#17413 = ADVANCED_FACE('',(#17414),#17450,.T.);
#17414 = FACE_BOUND('',#17415,.F.);
#17415 = EDGE_LOOP('',(#17416,#17426,#17435,#17443));
#17416 = ORIENTED_EDGE('',*,*,#17417,.T.);
#17417 = EDGE_CURVE('',#17418,#17420,#17422,.T.);
#17418 = VERTEX_POINT('',#17419);
#17419 = CARTESIAN_POINT('',(33.89,-13.,0.));
#17420 = VERTEX_POINT('',#17421);
#17421 = CARTESIAN_POINT('',(33.89,-13.,-3.5E-02));
#17422 = LINE('',#17423,#17424);
#17423 = CARTESIAN_POINT('',(33.89,-13.,0.));
#17424 = VECTOR('',#17425,1.);
#17425 = DIRECTION('',(0.,0.,-1.));
#17426 = ORIENTED_EDGE('',*,*,#17427,.T.);
#17427 = EDGE_CURVE('',#17420,#17428,#17430,.T.);
#17428 = VERTEX_POINT('',#17429);
#17429 = CARTESIAN_POINT('',(33.89,-11.,-3.5E-02));
#17430 = CIRCLE('',#17431,1.);
#17431 = AXIS2_PLACEMENT_3D('',#17432,#17433,#17434);
#17432 = CARTESIAN_POINT('',(33.889999740493,-12.,-3.5E-02));
#17433 = DIRECTION('',(0.,0.,-1.));
#17434 = DIRECTION('',(2.595065211608E-07,-1.,0.));
#17435 = ORIENTED_EDGE('',*,*,#17436,.F.);
#17436 = EDGE_CURVE('',#17437,#17428,#17439,.T.);
#17437 = VERTEX_POINT('',#17438);
#17438 = CARTESIAN_POINT('',(33.89,-11.,0.));
#17439 = LINE('',#17440,#17441);
#17440 = CARTESIAN_POINT('',(33.89,-11.,0.));
#17441 = VECTOR('',#17442,1.);
#17442 = DIRECTION('',(0.,0.,-1.));
#17443 = ORIENTED_EDGE('',*,*,#17444,.F.);
#17444 = EDGE_CURVE('',#17418,#17437,#17445,.T.);
#17445 = CIRCLE('',#17446,1.);
#17446 = AXIS2_PLACEMENT_3D('',#17447,#17448,#17449);
#17447 = CARTESIAN_POINT('',(33.889999740493,-12.,0.));
#17448 = DIRECTION('',(0.,0.,-1.));
#17449 = DIRECTION('',(2.595065211608E-07,-1.,0.));
#17450 = CYLINDRICAL_SURFACE('',#17451,1.);
#17451 = AXIS2_PLACEMENT_3D('',#17452,#17453,#17454);
#17452 = CARTESIAN_POINT('',(33.889999740493,-12.,0.));
#17453 = DIRECTION('',(-0.,-0.,1.));
#17454 = DIRECTION('',(2.595065211608E-07,-1.,0.));
#17455 = ADVANCED_FACE('',(#17456),#17481,.F.);
#17456 = FACE_BOUND('',#17457,.F.);
#17457 = EDGE_LOOP('',(#17458,#17459,#17467,#17475));
#17458 = ORIENTED_EDGE('',*,*,#17436,.T.);
#17459 = ORIENTED_EDGE('',*,*,#17460,.T.);
#17460 = EDGE_CURVE('',#17428,#17461,#17463,.T.);
#17461 = VERTEX_POINT('',#17462);
#17462 = CARTESIAN_POINT('',(40.,-11.,-3.5E-02));
#17463 = LINE('',#17464,#17465);
#17464 = CARTESIAN_POINT('',(33.89,-11.,-3.5E-02));
#17465 = VECTOR('',#17466,1.);
#17466 = DIRECTION('',(1.,0.,0.));
#17467 = ORIENTED_EDGE('',*,*,#17468,.F.);
#17468 = EDGE_CURVE('',#17469,#17461,#17471,.T.);
#17469 = VERTEX_POINT('',#17470);
#17470 = CARTESIAN_POINT('',(40.,-11.,0.));
#17471 = LINE('',#17472,#17473);
#17472 = CARTESIAN_POINT('',(40.,-11.,0.));
#17473 = VECTOR('',#17474,1.);
#17474 = DIRECTION('',(0.,0.,-1.));
#17475 = ORIENTED_EDGE('',*,*,#17476,.F.);
#17476 = EDGE_CURVE('',#17437,#17469,#17477,.T.);
#17477 = LINE('',#17478,#17479);
#17478 = CARTESIAN_POINT('',(33.89,-11.,0.));
#17479 = VECTOR('',#17480,1.);
#17480 = DIRECTION('',(1.,0.,0.));
#17481 = PLANE('',#17482);
#17482 = AXIS2_PLACEMENT_3D('',#17483,#17484,#17485);
#17483 = CARTESIAN_POINT('',(33.89,-11.,0.));
#17484 = DIRECTION('',(0.,-1.,0.));
#17485 = DIRECTION('',(1.,0.,0.));
#17486 = ADVANCED_FACE('',(#17487),#17514,.T.);
#17487 = FACE_BOUND('',#17488,.F.);
#17488 = EDGE_LOOP('',(#17489,#17490,#17499,#17507));
#17489 = ORIENTED_EDGE('',*,*,#17468,.T.);
#17490 = ORIENTED_EDGE('',*,*,#17491,.T.);
#17491 = EDGE_CURVE('',#17461,#17492,#17494,.T.);
#17492 = VERTEX_POINT('',#17493);
#17493 = CARTESIAN_POINT('',(40.,-13.,-3.5E-02));
#17494 = CIRCLE('',#17495,1.);
#17495 = AXIS2_PLACEMENT_3D('',#17496,#17497,#17498);
#17496 = CARTESIAN_POINT('',(40.000000259507,-12.,-3.5E-02));
#17497 = DIRECTION('',(0.,0.,-1.));
#17498 = DIRECTION('',(-2.595065211608E-07,1.,-0.));
#17499 = ORIENTED_EDGE('',*,*,#17500,.F.);
#17500 = EDGE_CURVE('',#17501,#17492,#17503,.T.);
#17501 = VERTEX_POINT('',#17502);
#17502 = CARTESIAN_POINT('',(40.,-13.,0.));
#17503 = LINE('',#17504,#17505);
#17504 = CARTESIAN_POINT('',(40.,-13.,0.));
#17505 = VECTOR('',#17506,1.);
#17506 = DIRECTION('',(0.,0.,-1.));
#17507 = ORIENTED_EDGE('',*,*,#17508,.F.);
#17508 = EDGE_CURVE('',#17469,#17501,#17509,.T.);
#17509 = CIRCLE('',#17510,1.);
#17510 = AXIS2_PLACEMENT_3D('',#17511,#17512,#17513);
#17511 = CARTESIAN_POINT('',(40.000000259507,-12.,0.));
#17512 = DIRECTION('',(0.,0.,-1.));
#17513 = DIRECTION('',(-2.595065211608E-07,1.,-0.));
#17514 = CYLINDRICAL_SURFACE('',#17515,1.);
#17515 = AXIS2_PLACEMENT_3D('',#17516,#17517,#17518);
#17516 = CARTESIAN_POINT('',(40.000000259507,-12.,0.));
#17517 = DIRECTION('',(-0.,-0.,1.));
#17518 = DIRECTION('',(-2.595065211608E-07,1.,-0.));
#17519 = ADVANCED_FACE('',(#17520),#17536,.F.);
#17520 = FACE_BOUND('',#17521,.F.);
#17521 = EDGE_LOOP('',(#17522,#17523,#17529,#17530));
#17522 = ORIENTED_EDGE('',*,*,#17500,.T.);
#17523 = ORIENTED_EDGE('',*,*,#17524,.T.);
#17524 = EDGE_CURVE('',#17492,#17420,#17525,.T.);
#17525 = LINE('',#17526,#17527);
#17526 = CARTESIAN_POINT('',(40.,-13.,-3.5E-02));
#17527 = VECTOR('',#17528,1.);
#17528 = DIRECTION('',(-1.,0.,0.));
#17529 = ORIENTED_EDGE('',*,*,#17417,.F.);
#17530 = ORIENTED_EDGE('',*,*,#17531,.F.);
#17531 = EDGE_CURVE('',#17501,#17418,#17532,.T.);
#17532 = LINE('',#17533,#17534);
#17533 = CARTESIAN_POINT('',(40.,-13.,0.));
#17534 = VECTOR('',#17535,1.);
#17535 = DIRECTION('',(-1.,0.,0.));
#17536 = PLANE('',#17537);
#17537 = AXIS2_PLACEMENT_3D('',#17538,#17539,#17540);
#17538 = CARTESIAN_POINT('',(40.,-13.,0.));
#17539 = DIRECTION('',(0.,1.,0.));
#17540 = DIRECTION('',(-1.,0.,0.));
#17541 = ADVANCED_FACE('',(#17542),#17569,.F.);
#17542 = FACE_BOUND('',#17543,.F.);
#17543 = EDGE_LOOP('',(#17544,#17554,#17561,#17562));
#17544 = ORIENTED_EDGE('',*,*,#17545,.T.);
#17545 = EDGE_CURVE('',#17546,#17548,#17550,.T.);
#17546 = VERTEX_POINT('',#17547);
#17547 = CARTESIAN_POINT('',(34.377392,-12.,0.));
#17548 = VERTEX_POINT('',#17549);
#17549 = CARTESIAN_POINT('',(34.377392,-12.,-3.5E-02));
#17550 = LINE('',#17551,#17552);
#17551 = CARTESIAN_POINT('',(34.377392,-12.,0.));
#17552 = VECTOR('',#17553,1.);
#17553 = DIRECTION('',(0.,0.,-1.));
#17554 = ORIENTED_EDGE('',*,*,#17555,.T.);
#17555 = EDGE_CURVE('',#17548,#17548,#17556,.T.);
#17556 = CIRCLE('',#17557,0.487392);
#17557 = AXIS2_PLACEMENT_3D('',#17558,#17559,#17560);
#17558 = CARTESIAN_POINT('',(33.89,-12.,-3.5E-02));
#17559 = DIRECTION('',(0.,0.,1.));
#17560 = DIRECTION('',(1.,0.,-0.));
#17561 = ORIENTED_EDGE('',*,*,#17545,.F.);
#17562 = ORIENTED_EDGE('',*,*,#17563,.F.);
#17563 = EDGE_CURVE('',#17546,#17546,#17564,.T.);
#17564 = CIRCLE('',#17565,0.487392);
#17565 = AXIS2_PLACEMENT_3D('',#17566,#17567,#17568);
#17566 = CARTESIAN_POINT('',(33.89,-12.,0.));
#17567 = DIRECTION('',(0.,0.,1.));
#17568 = DIRECTION('',(1.,0.,-0.));
#17569 = CYLINDRICAL_SURFACE('',#17570,0.487392);
#17570 = AXIS2_PLACEMENT_3D('',#17571,#17572,#17573);
#17571 = CARTESIAN_POINT('',(33.89,-12.,0.));
#17572 = DIRECTION('',(0.,0.,1.));
#17573 = DIRECTION('',(1.,0.,-0.));
#17574 = ADVANCED_FACE('',(#17575),#17602,.F.);
#17575 = FACE_BOUND('',#17576,.F.);
#17576 = EDGE_LOOP('',(#17577,#17587,#17594,#17595));
#17577 = ORIENTED_EDGE('',*,*,#17578,.T.);
#17578 = EDGE_CURVE('',#17579,#17581,#17583,.T.);
#17579 = VERTEX_POINT('',#17580);
#17580 = CARTESIAN_POINT('',(40.487392,-12.,0.));
#17581 = VERTEX_POINT('',#17582);
#17582 = CARTESIAN_POINT('',(40.487392,-12.,-3.5E-02));
#17583 = LINE('',#17584,#17585);
#17584 = CARTESIAN_POINT('',(40.487392,-12.,0.));
#17585 = VECTOR('',#17586,1.);
#17586 = DIRECTION('',(0.,0.,-1.));
#17587 = ORIENTED_EDGE('',*,*,#17588,.T.);
#17588 = EDGE_CURVE('',#17581,#17581,#17589,.T.);
#17589 = CIRCLE('',#17590,0.487392);
#17590 = AXIS2_PLACEMENT_3D('',#17591,#17592,#17593);
#17591 = CARTESIAN_POINT('',(40.,-12.,-3.5E-02));
#17592 = DIRECTION('',(0.,0.,1.));
#17593 = DIRECTION('',(1.,0.,-0.));
#17594 = ORIENTED_EDGE('',*,*,#17578,.F.);
#17595 = ORIENTED_EDGE('',*,*,#17596,.F.);
#17596 = EDGE_CURVE('',#17579,#17579,#17597,.T.);
#17597 = CIRCLE('',#17598,0.487392);
#17598 = AXIS2_PLACEMENT_3D('',#17599,#17600,#17601);
#17599 = CARTESIAN_POINT('',(40.,-12.,0.));
#17600 = DIRECTION('',(0.,0.,1.));
#17601 = DIRECTION('',(1.,0.,-0.));
#17602 = CYLINDRICAL_SURFACE('',#17603,0.487392);
#17603 = AXIS2_PLACEMENT_3D('',#17604,#17605,#17606);
#17604 = CARTESIAN_POINT('',(40.,-12.,0.));
#17605 = DIRECTION('',(0.,0.,1.));
#17606 = DIRECTION('',(1.,0.,-0.));
#17607 = ADVANCED_FACE('',(#17608,#17614,#17617),#17620,.F.);
#17608 = FACE_BOUND('',#17609,.F.);
#17609 = EDGE_LOOP('',(#17610,#17611,#17612,#17613));
#17610 = ORIENTED_EDGE('',*,*,#17444,.T.);
#17611 = ORIENTED_EDGE('',*,*,#17476,.T.);
#17612 = ORIENTED_EDGE('',*,*,#17508,.T.);
#17613 = ORIENTED_EDGE('',*,*,#17531,.T.);
#17614 = FACE_BOUND('',#17615,.F.);
#17615 = EDGE_LOOP('',(#17616));
#17616 = ORIENTED_EDGE('',*,*,#17563,.T.);
#17617 = FACE_BOUND('',#17618,.F.);
#17618 = EDGE_LOOP('',(#17619));
#17619 = ORIENTED_EDGE('',*,*,#17596,.T.);
#17620 = PLANE('',#17621);
#17621 = AXIS2_PLACEMENT_3D('',#17622,#17623,#17624);
#17622 = CARTESIAN_POINT('',(0.,0.,0.));
#17623 = DIRECTION('',(-0.,-0.,-1.));
#17624 = DIRECTION('',(-1.,0.,0.));
#17625 = ADVANCED_FACE('',(#17626,#17632,#17635),#17638,.T.);
#17626 = FACE_BOUND('',#17627,.T.);
#17627 = EDGE_LOOP('',(#17628,#17629,#17630,#17631));
#17628 = ORIENTED_EDGE('',*,*,#17427,.T.);
#17629 = ORIENTED_EDGE('',*,*,#17460,.T.);
#17630 = ORIENTED_EDGE('',*,*,#17491,.T.);
#17631 = ORIENTED_EDGE('',*,*,#17524,.T.);
#17632 = FACE_BOUND('',#17633,.T.);
#17633 = EDGE_LOOP('',(#17634));
#17634 = ORIENTED_EDGE('',*,*,#17555,.T.);
#17635 = FACE_BOUND('',#17636,.T.);
#17636 = EDGE_LOOP('',(#17637));
#17637 = ORIENTED_EDGE('',*,*,#17588,.T.);
#17638 = PLANE('',#17639);
#17639 = AXIS2_PLACEMENT_3D('',#17640,#17641,#17642);
#17640 = CARTESIAN_POINT('',(0.,0.,-3.5E-02));
#17641 = DIRECTION('',(-0.,-0.,-1.));
#17642 = DIRECTION('',(-1.,0.,0.));
#17643 = MANIFOLD_SOLID_BREP('',#17644);
#17644 = CLOSED_SHELL('',(#17645,#17687,#17718,#17751,#17773,#17806,
    #17839,#17857));
#17645 = ADVANCED_FACE('',(#17646),#17682,.T.);
#17646 = FACE_BOUND('',#17647,.F.);
#17647 = EDGE_LOOP('',(#17648,#17658,#17667,#17675));
#17648 = ORIENTED_EDGE('',*,*,#17649,.T.);
#17649 = EDGE_CURVE('',#17650,#17652,#17654,.T.);
#17650 = VERTEX_POINT('',#17651);
#17651 = CARTESIAN_POINT('',(33.89,-15.54,0.));
#17652 = VERTEX_POINT('',#17653);
#17653 = CARTESIAN_POINT('',(33.89,-15.54,-3.5E-02));
#17654 = LINE('',#17655,#17656);
#17655 = CARTESIAN_POINT('',(33.89,-15.54,0.));
#17656 = VECTOR('',#17657,1.);
#17657 = DIRECTION('',(0.,0.,-1.));
#17658 = ORIENTED_EDGE('',*,*,#17659,.T.);
#17659 = EDGE_CURVE('',#17652,#17660,#17662,.T.);
#17660 = VERTEX_POINT('',#17661);
#17661 = CARTESIAN_POINT('',(33.89,-13.54,-3.5E-02));
#17662 = CIRCLE('',#17663,1.);
#17663 = AXIS2_PLACEMENT_3D('',#17664,#17665,#17666);
#17664 = CARTESIAN_POINT('',(33.889999740493,-14.54,-3.5E-02));
#17665 = DIRECTION('',(0.,0.,-1.));
#17666 = DIRECTION('',(2.595065211608E-07,-1.,0.));
#17667 = ORIENTED_EDGE('',*,*,#17668,.F.);
#17668 = EDGE_CURVE('',#17669,#17660,#17671,.T.);
#17669 = VERTEX_POINT('',#17670);
#17670 = CARTESIAN_POINT('',(33.89,-13.54,0.));
#17671 = LINE('',#17672,#17673);
#17672 = CARTESIAN_POINT('',(33.89,-13.54,0.));
#17673 = VECTOR('',#17674,1.);
#17674 = DIRECTION('',(0.,0.,-1.));
#17675 = ORIENTED_EDGE('',*,*,#17676,.F.);
#17676 = EDGE_CURVE('',#17650,#17669,#17677,.T.);
#17677 = CIRCLE('',#17678,1.);
#17678 = AXIS2_PLACEMENT_3D('',#17679,#17680,#17681);
#17679 = CARTESIAN_POINT('',(33.889999740493,-14.54,0.));
#17680 = DIRECTION('',(0.,0.,-1.));
#17681 = DIRECTION('',(2.595065211608E-07,-1.,0.));
#17682 = CYLINDRICAL_SURFACE('',#17683,1.);
#17683 = AXIS2_PLACEMENT_3D('',#17684,#17685,#17686);
#17684 = CARTESIAN_POINT('',(33.889999740493,-14.54,0.));
#17685 = DIRECTION('',(-0.,-0.,1.));
#17686 = DIRECTION('',(2.595065211608E-07,-1.,0.));
#17687 = ADVANCED_FACE('',(#17688),#17713,.F.);
#17688 = FACE_BOUND('',#17689,.F.);
#17689 = EDGE_LOOP('',(#17690,#17691,#17699,#17707));
#17690 = ORIENTED_EDGE('',*,*,#17668,.T.);
#17691 = ORIENTED_EDGE('',*,*,#17692,.T.);
#17692 = EDGE_CURVE('',#17660,#17693,#17695,.T.);
#17693 = VERTEX_POINT('',#17694);
#17694 = CARTESIAN_POINT('',(40.,-13.54,-3.5E-02));
#17695 = LINE('',#17696,#17697);
#17696 = CARTESIAN_POINT('',(33.89,-13.54,-3.5E-02));
#17697 = VECTOR('',#17698,1.);
#17698 = DIRECTION('',(1.,0.,0.));
#17699 = ORIENTED_EDGE('',*,*,#17700,.F.);
#17700 = EDGE_CURVE('',#17701,#17693,#17703,.T.);
#17701 = VERTEX_POINT('',#17702);
#17702 = CARTESIAN_POINT('',(40.,-13.54,0.));
#17703 = LINE('',#17704,#17705);
#17704 = CARTESIAN_POINT('',(40.,-13.54,0.));
#17705 = VECTOR('',#17706,1.);
#17706 = DIRECTION('',(0.,0.,-1.));
#17707 = ORIENTED_EDGE('',*,*,#17708,.F.);
#17708 = EDGE_CURVE('',#17669,#17701,#17709,.T.);
#17709 = LINE('',#17710,#17711);
#17710 = CARTESIAN_POINT('',(33.89,-13.54,0.));
#17711 = VECTOR('',#17712,1.);
#17712 = DIRECTION('',(1.,0.,0.));
#17713 = PLANE('',#17714);
#17714 = AXIS2_PLACEMENT_3D('',#17715,#17716,#17717);
#17715 = CARTESIAN_POINT('',(33.89,-13.54,0.));
#17716 = DIRECTION('',(0.,-1.,0.));
#17717 = DIRECTION('',(1.,0.,0.));
#17718 = ADVANCED_FACE('',(#17719),#17746,.T.);
#17719 = FACE_BOUND('',#17720,.F.);
#17720 = EDGE_LOOP('',(#17721,#17722,#17731,#17739));
#17721 = ORIENTED_EDGE('',*,*,#17700,.T.);
#17722 = ORIENTED_EDGE('',*,*,#17723,.T.);
#17723 = EDGE_CURVE('',#17693,#17724,#17726,.T.);
#17724 = VERTEX_POINT('',#17725);
#17725 = CARTESIAN_POINT('',(40.,-15.54,-3.5E-02));
#17726 = CIRCLE('',#17727,1.);
#17727 = AXIS2_PLACEMENT_3D('',#17728,#17729,#17730);
#17728 = CARTESIAN_POINT('',(40.000000259507,-14.54,-3.5E-02));
#17729 = DIRECTION('',(0.,0.,-1.));
#17730 = DIRECTION('',(-2.595065211608E-07,1.,-0.));
#17731 = ORIENTED_EDGE('',*,*,#17732,.F.);
#17732 = EDGE_CURVE('',#17733,#17724,#17735,.T.);
#17733 = VERTEX_POINT('',#17734);
#17734 = CARTESIAN_POINT('',(40.,-15.54,0.));
#17735 = LINE('',#17736,#17737);
#17736 = CARTESIAN_POINT('',(40.,-15.54,0.));
#17737 = VECTOR('',#17738,1.);
#17738 = DIRECTION('',(0.,0.,-1.));
#17739 = ORIENTED_EDGE('',*,*,#17740,.F.);
#17740 = EDGE_CURVE('',#17701,#17733,#17741,.T.);
#17741 = CIRCLE('',#17742,1.);
#17742 = AXIS2_PLACEMENT_3D('',#17743,#17744,#17745);
#17743 = CARTESIAN_POINT('',(40.000000259507,-14.54,0.));
#17744 = DIRECTION('',(0.,0.,-1.));
#17745 = DIRECTION('',(-2.595065211608E-07,1.,-0.));
#17746 = CYLINDRICAL_SURFACE('',#17747,1.);
#17747 = AXIS2_PLACEMENT_3D('',#17748,#17749,#17750);
#17748 = CARTESIAN_POINT('',(40.000000259507,-14.54,0.));
#17749 = DIRECTION('',(-0.,-0.,1.));
#17750 = DIRECTION('',(-2.595065211608E-07,1.,-0.));
#17751 = ADVANCED_FACE('',(#17752),#17768,.F.);
#17752 = FACE_BOUND('',#17753,.F.);
#17753 = EDGE_LOOP('',(#17754,#17755,#17761,#17762));
#17754 = ORIENTED_EDGE('',*,*,#17732,.T.);
#17755 = ORIENTED_EDGE('',*,*,#17756,.T.);
#17756 = EDGE_CURVE('',#17724,#17652,#17757,.T.);
#17757 = LINE('',#17758,#17759);
#17758 = CARTESIAN_POINT('',(40.,-15.54,-3.5E-02));
#17759 = VECTOR('',#17760,1.);
#17760 = DIRECTION('',(-1.,0.,0.));
#17761 = ORIENTED_EDGE('',*,*,#17649,.F.);
#17762 = ORIENTED_EDGE('',*,*,#17763,.F.);
#17763 = EDGE_CURVE('',#17733,#17650,#17764,.T.);
#17764 = LINE('',#17765,#17766);
#17765 = CARTESIAN_POINT('',(40.,-15.54,0.));
#17766 = VECTOR('',#17767,1.);
#17767 = DIRECTION('',(-1.,0.,0.));
#17768 = PLANE('',#17769);
#17769 = AXIS2_PLACEMENT_3D('',#17770,#17771,#17772);
#17770 = CARTESIAN_POINT('',(40.,-15.54,0.));
#17771 = DIRECTION('',(0.,1.,0.));
#17772 = DIRECTION('',(-1.,0.,0.));
#17773 = ADVANCED_FACE('',(#17774),#17801,.F.);
#17774 = FACE_BOUND('',#17775,.F.);
#17775 = EDGE_LOOP('',(#17776,#17786,#17793,#17794));
#17776 = ORIENTED_EDGE('',*,*,#17777,.T.);
#17777 = EDGE_CURVE('',#17778,#17780,#17782,.T.);
#17778 = VERTEX_POINT('',#17779);
#17779 = CARTESIAN_POINT('',(34.377392,-14.54,0.));
#17780 = VERTEX_POINT('',#17781);
#17781 = CARTESIAN_POINT('',(34.377392,-14.54,-3.5E-02));
#17782 = LINE('',#17783,#17784);
#17783 = CARTESIAN_POINT('',(34.377392,-14.54,0.));
#17784 = VECTOR('',#17785,1.);
#17785 = DIRECTION('',(0.,0.,-1.));
#17786 = ORIENTED_EDGE('',*,*,#17787,.T.);
#17787 = EDGE_CURVE('',#17780,#17780,#17788,.T.);
#17788 = CIRCLE('',#17789,0.487392);
#17789 = AXIS2_PLACEMENT_3D('',#17790,#17791,#17792);
#17790 = CARTESIAN_POINT('',(33.89,-14.54,-3.5E-02));
#17791 = DIRECTION('',(0.,0.,1.));
#17792 = DIRECTION('',(1.,0.,-0.));
#17793 = ORIENTED_EDGE('',*,*,#17777,.F.);
#17794 = ORIENTED_EDGE('',*,*,#17795,.F.);
#17795 = EDGE_CURVE('',#17778,#17778,#17796,.T.);
#17796 = CIRCLE('',#17797,0.487392);
#17797 = AXIS2_PLACEMENT_3D('',#17798,#17799,#17800);
#17798 = CARTESIAN_POINT('',(33.89,-14.54,0.));
#17799 = DIRECTION('',(0.,0.,1.));
#17800 = DIRECTION('',(1.,0.,-0.));
#17801 = CYLINDRICAL_SURFACE('',#17802,0.487392);
#17802 = AXIS2_PLACEMENT_3D('',#17803,#17804,#17805);
#17803 = CARTESIAN_POINT('',(33.89,-14.54,0.));
#17804 = DIRECTION('',(0.,0.,1.));
#17805 = DIRECTION('',(1.,0.,-0.));
#17806 = ADVANCED_FACE('',(#17807),#17834,.F.);
#17807 = FACE_BOUND('',#17808,.F.);
#17808 = EDGE_LOOP('',(#17809,#17819,#17826,#17827));
#17809 = ORIENTED_EDGE('',*,*,#17810,.T.);
#17810 = EDGE_CURVE('',#17811,#17813,#17815,.T.);
#17811 = VERTEX_POINT('',#17812);
#17812 = CARTESIAN_POINT('',(40.487392,-14.54,0.));
#17813 = VERTEX_POINT('',#17814);
#17814 = CARTESIAN_POINT('',(40.487392,-14.54,-3.5E-02));
#17815 = LINE('',#17816,#17817);
#17816 = CARTESIAN_POINT('',(40.487392,-14.54,0.));
#17817 = VECTOR('',#17818,1.);
#17818 = DIRECTION('',(0.,0.,-1.));
#17819 = ORIENTED_EDGE('',*,*,#17820,.T.);
#17820 = EDGE_CURVE('',#17813,#17813,#17821,.T.);
#17821 = CIRCLE('',#17822,0.487392);
#17822 = AXIS2_PLACEMENT_3D('',#17823,#17824,#17825);
#17823 = CARTESIAN_POINT('',(40.,-14.54,-3.5E-02));
#17824 = DIRECTION('',(0.,0.,1.));
#17825 = DIRECTION('',(1.,0.,-0.));
#17826 = ORIENTED_EDGE('',*,*,#17810,.F.);
#17827 = ORIENTED_EDGE('',*,*,#17828,.F.);
#17828 = EDGE_CURVE('',#17811,#17811,#17829,.T.);
#17829 = CIRCLE('',#17830,0.487392);
#17830 = AXIS2_PLACEMENT_3D('',#17831,#17832,#17833);
#17831 = CARTESIAN_POINT('',(40.,-14.54,0.));
#17832 = DIRECTION('',(0.,0.,1.));
#17833 = DIRECTION('',(1.,0.,-0.));
#17834 = CYLINDRICAL_SURFACE('',#17835,0.487392);
#17835 = AXIS2_PLACEMENT_3D('',#17836,#17837,#17838);
#17836 = CARTESIAN_POINT('',(40.,-14.54,0.));
#17837 = DIRECTION('',(0.,0.,1.));
#17838 = DIRECTION('',(1.,0.,-0.));
#17839 = ADVANCED_FACE('',(#17840,#17846,#17849),#17852,.F.);
#17840 = FACE_BOUND('',#17841,.F.);
#17841 = EDGE_LOOP('',(#17842,#17843,#17844,#17845));
#17842 = ORIENTED_EDGE('',*,*,#17676,.T.);
#17843 = ORIENTED_EDGE('',*,*,#17708,.T.);
#17844 = ORIENTED_EDGE('',*,*,#17740,.T.);
#17845 = ORIENTED_EDGE('',*,*,#17763,.T.);
#17846 = FACE_BOUND('',#17847,.F.);
#17847 = EDGE_LOOP('',(#17848));
#17848 = ORIENTED_EDGE('',*,*,#17795,.T.);
#17849 = FACE_BOUND('',#17850,.F.);
#17850 = EDGE_LOOP('',(#17851));
#17851 = ORIENTED_EDGE('',*,*,#17828,.T.);
#17852 = PLANE('',#17853);
#17853 = AXIS2_PLACEMENT_3D('',#17854,#17855,#17856);
#17854 = CARTESIAN_POINT('',(0.,0.,0.));
#17855 = DIRECTION('',(-0.,-0.,-1.));
#17856 = DIRECTION('',(-1.,0.,0.));
#17857 = ADVANCED_FACE('',(#17858,#17864,#17867),#17870,.T.);
#17858 = FACE_BOUND('',#17859,.T.);
#17859 = EDGE_LOOP('',(#17860,#17861,#17862,#17863));
#17860 = ORIENTED_EDGE('',*,*,#17659,.T.);
#17861 = ORIENTED_EDGE('',*,*,#17692,.T.);
#17862 = ORIENTED_EDGE('',*,*,#17723,.T.);
#17863 = ORIENTED_EDGE('',*,*,#17756,.T.);
#17864 = FACE_BOUND('',#17865,.T.);
#17865 = EDGE_LOOP('',(#17866));
#17866 = ORIENTED_EDGE('',*,*,#17787,.T.);
#17867 = FACE_BOUND('',#17868,.T.);
#17868 = EDGE_LOOP('',(#17869));
#17869 = ORIENTED_EDGE('',*,*,#17820,.T.);
#17870 = PLANE('',#17871);
#17871 = AXIS2_PLACEMENT_3D('',#17872,#17873,#17874);
#17872 = CARTESIAN_POINT('',(0.,0.,-3.5E-02));
#17873 = DIRECTION('',(-0.,-0.,-1.));
#17874 = DIRECTION('',(-1.,0.,0.));
#17875 = ( GEOMETRIC_REPRESENTATION_CONTEXT(3) 
GLOBAL_UNCERTAINTY_ASSIGNED_CONTEXT((#17879)) 
GLOBAL_UNIT_ASSIGNED_CONTEXT((#17876,#17877,#17878)) 
REPRESENTATION_CONTEXT('Context #1',
  '3D Context with UNIT and UNCERTAINTY') );
#17876 = ( LENGTH_UNIT() NAMED_UNIT(*) SI_UNIT(.MILLI.,.METRE.) );
#17877 = ( NAMED_UNIT(*) PLANE_ANGLE_UNIT() SI_UNIT($,.RADIAN.) );
#17878 = ( NAMED_UNIT(*) SI_UNIT($,.STERADIAN.) SOLID_ANGLE_UNIT() );
#17879 = UNCERTAINTY_MEASURE_WITH_UNIT(LENGTH_MEASURE(1.E-07),#17876,
  'distance_accuracy_value','confusion accuracy');
#17880 = CONTEXT_DEPENDENT_SHAPE_REPRESENTATION(#17881,#17883);
#17881 = ( REPRESENTATION_RELATIONSHIP('','',#7413,#10) 
REPRESENTATION_RELATIONSHIP_WITH_TRANSFORMATION(#17882) 
SHAPE_REPRESENTATION_RELATIONSHIP() );
#17882 = ITEM_DEFINED_TRANSFORMATION('','',#11,#55);
#17883 = PRODUCT_DEFINITION_SHAPE('Placement','Placement of an item',
  #17884);
#17884 = NEXT_ASSEMBLY_USAGE_OCCURRENCE('16','=>[0:1:1:12]','',#5,#7408,
  $);
#17885 = PRODUCT_RELATED_PRODUCT_CATEGORY('part',$,(#7410));
#17886 = SHAPE_DEFINITION_REPRESENTATION(#17887,#17893);
#17887 = PRODUCT_DEFINITION_SHAPE('','',#17888);
#17888 = PRODUCT_DEFINITION('design','',#17889,#17892);
#17889 = PRODUCT_DEFINITION_FORMATION('','',#17890);
#17890 = PRODUCT('espresso-board-mini_PCB','espresso-board-mini_PCB','',
  (#17891));
#17891 = PRODUCT_CONTEXT('',#2,'mechanical');
#17892 = PRODUCT_DEFINITION_CONTEXT('part definition',#2,'design');
#17893 = ADVANCED_BREP_SHAPE_REPRESENTATION('',(#11,#17894),#19955);
#17894 = MANIFOLD_SOLID_BREP('',#17895);
#17895 = CLOSED_SHELL('',(#17896,#17936,#17967,#17998,#18554,#19110,
    #19122,#19139,#19156,#19173,#19190,#19207,#19224,#19241,#19258,
    #19275,#19292,#19309,#19326,#19343,#19360,#19377,#19394,#19411,
    #19428,#19445,#19462,#19479,#19496,#19513,#19530,#19547,#19564,
    #19581,#19598,#19615,#19632,#19649,#19666,#19683,#19700,#19717,
    #19734,#19751,#19768,#19785,#19802,#19819,#19836,#19853,#19870,
    #19887,#19904,#19921,#19938));
#17896 = ADVANCED_FACE('',(#17897),#17931,.T.);
#17897 = FACE_BOUND('',#17898,.T.);
#17898 = EDGE_LOOP('',(#17899,#17909,#17917,#17925));
#17899 = ORIENTED_EDGE('',*,*,#17900,.T.);
#17900 = EDGE_CURVE('',#17901,#17903,#17905,.T.);
#17901 = VERTEX_POINT('',#17902);
#17902 = CARTESIAN_POINT('',(50.,-105.,0.));
#17903 = VERTEX_POINT('',#17904);
#17904 = CARTESIAN_POINT('',(50.,-105.,1.51));
#17905 = LINE('',#17906,#17907);
#17906 = CARTESIAN_POINT('',(50.,-105.,0.));
#17907 = VECTOR('',#17908,1.);
#17908 = DIRECTION('',(0.,0.,1.));
#17909 = ORIENTED_EDGE('',*,*,#17910,.T.);
#17910 = EDGE_CURVE('',#17903,#17911,#17913,.T.);
#17911 = VERTEX_POINT('',#17912);
#17912 = CARTESIAN_POINT('',(0.,-105.,1.51));
#17913 = LINE('',#17914,#17915);
#17914 = CARTESIAN_POINT('',(50.,-105.,1.51));
#17915 = VECTOR('',#17916,1.);
#17916 = DIRECTION('',(-1.,0.,0.));
#17917 = ORIENTED_EDGE('',*,*,#17918,.F.);
#17918 = EDGE_CURVE('',#17919,#17911,#17921,.T.);
#17919 = VERTEX_POINT('',#17920);
#17920 = CARTESIAN_POINT('',(0.,-105.,0.));
#17921 = LINE('',#17922,#17923);
#17922 = CARTESIAN_POINT('',(0.,-105.,0.));
#17923 = VECTOR('',#17924,1.);
#17924 = DIRECTION('',(0.,0.,1.));
#17925 = ORIENTED_EDGE('',*,*,#17926,.F.);
#17926 = EDGE_CURVE('',#17901,#17919,#17927,.T.);
#17927 = LINE('',#17928,#17929);
#17928 = CARTESIAN_POINT('',(50.,-105.,0.));
#17929 = VECTOR('',#17930,1.);
#17930 = DIRECTION('',(-1.,0.,0.));
#17931 = PLANE('',#17932);
#17932 = AXIS2_PLACEMENT_3D('',#17933,#17934,#17935);
#17933 = CARTESIAN_POINT('',(50.,-105.,0.));
#17934 = DIRECTION('',(0.,-1.,0.));
#17935 = DIRECTION('',(-1.,0.,0.));
#17936 = ADVANCED_FACE('',(#17937),#17962,.T.);
#17937 = FACE_BOUND('',#17938,.T.);
#17938 = EDGE_LOOP('',(#17939,#17949,#17955,#17956));
#17939 = ORIENTED_EDGE('',*,*,#17940,.T.);
#17940 = EDGE_CURVE('',#17941,#17943,#17945,.T.);
#17941 = VERTEX_POINT('',#17942);
#17942 = CARTESIAN_POINT('',(50.,-5.,0.));
#17943 = VERTEX_POINT('',#17944);
#17944 = CARTESIAN_POINT('',(50.,-5.,1.51));
#17945 = LINE('',#17946,#17947);
#17946 = CARTESIAN_POINT('',(50.,-5.,0.));
#17947 = VECTOR('',#17948,1.);
#17948 = DIRECTION('',(0.,0.,1.));
#17949 = ORIENTED_EDGE('',*,*,#17950,.T.);
#17950 = EDGE_CURVE('',#17943,#17903,#17951,.T.);
#17951 = LINE('',#17952,#17953);
#17952 = CARTESIAN_POINT('',(50.,-5.,1.51));
#17953 = VECTOR('',#17954,1.);
#17954 = DIRECTION('',(0.,-1.,0.));
#17955 = ORIENTED_EDGE('',*,*,#17900,.F.);
#17956 = ORIENTED_EDGE('',*,*,#17957,.F.);
#17957 = EDGE_CURVE('',#17941,#17901,#17958,.T.);
#17958 = LINE('',#17959,#17960);
#17959 = CARTESIAN_POINT('',(50.,-5.,0.));
#17960 = VECTOR('',#17961,1.);
#17961 = DIRECTION('',(0.,-1.,0.));
#17962 = PLANE('',#17963);
#17963 = AXIS2_PLACEMENT_3D('',#17964,#17965,#17966);
#17964 = CARTESIAN_POINT('',(50.,-5.,0.));
#17965 = DIRECTION('',(1.,0.,-0.));
#17966 = DIRECTION('',(0.,-1.,0.));
#17967 = ADVANCED_FACE('',(#17968),#17993,.T.);
#17968 = FACE_BOUND('',#17969,.T.);
#17969 = EDGE_LOOP('',(#17970,#17971,#17979,#17987));
#17970 = ORIENTED_EDGE('',*,*,#17918,.T.);
#17971 = ORIENTED_EDGE('',*,*,#17972,.T.);
#17972 = EDGE_CURVE('',#17911,#17973,#17975,.T.);
#17973 = VERTEX_POINT('',#17974);
#17974 = CARTESIAN_POINT('',(0.,-5.,1.51));
#17975 = LINE('',#17976,#17977);
#17976 = CARTESIAN_POINT('',(0.,-105.,1.51));
#17977 = VECTOR('',#17978,1.);
#17978 = DIRECTION('',(0.,1.,0.));
#17979 = ORIENTED_EDGE('',*,*,#17980,.F.);
#17980 = EDGE_CURVE('',#17981,#17973,#17983,.T.);
#17981 = VERTEX_POINT('',#17982);
#17982 = CARTESIAN_POINT('',(0.,-5.,0.));
#17983 = LINE('',#17984,#17985);
#17984 = CARTESIAN_POINT('',(0.,-5.,0.));
#17985 = VECTOR('',#17986,1.);
#17986 = DIRECTION('',(0.,0.,1.));
#17987 = ORIENTED_EDGE('',*,*,#17988,.F.);
#17988 = EDGE_CURVE('',#17919,#17981,#17989,.T.);
#17989 = LINE('',#17990,#17991);
#17990 = CARTESIAN_POINT('',(0.,-105.,0.));
#17991 = VECTOR('',#17992,1.);
#17992 = DIRECTION('',(0.,1.,0.));
#17993 = PLANE('',#17994);
#17994 = AXIS2_PLACEMENT_3D('',#17995,#17996,#17997);
#17995 = CARTESIAN_POINT('',(0.,-105.,0.));
#17996 = DIRECTION('',(-1.,0.,0.));
#17997 = DIRECTION('',(0.,1.,0.));
#17998 = ADVANCED_FACE('',(#17999,#18010,#18021,#18032,#18043,#18054,
    #18065,#18076,#18087,#18098,#18109,#18120,#18131,#18142,#18153,
    #18164,#18175,#18186,#18197,#18208,#18219,#18230,#18241,#18252,
    #18263,#18274,#18285,#18296,#18307,#18318,#18329,#18340,#18351,
    #18362,#18373,#18384,#18395,#18406,#18417,#18428,#18439,#18450,
    #18461,#18472,#18483,#18494,#18505,#18516,#18527,#18538),#18549,.F.
  );
#17999 = FACE_BOUND('',#18000,.F.);
#18000 = EDGE_LOOP('',(#18001,#18002,#18003,#18009));
#18001 = ORIENTED_EDGE('',*,*,#17926,.F.);
#18002 = ORIENTED_EDGE('',*,*,#17957,.F.);
#18003 = ORIENTED_EDGE('',*,*,#18004,.F.);
#18004 = EDGE_CURVE('',#17981,#17941,#18005,.T.);
#18005 = LINE('',#18006,#18007);
#18006 = CARTESIAN_POINT('',(0.,-5.,0.));
#18007 = VECTOR('',#18008,1.);
#18008 = DIRECTION('',(1.,0.,0.));
#18009 = ORIENTED_EDGE('',*,*,#17988,.F.);
#18010 = FACE_BOUND('',#18011,.F.);
#18011 = EDGE_LOOP('',(#18012));
#18012 = ORIENTED_EDGE('',*,*,#18013,.T.);
#18013 = EDGE_CURVE('',#18014,#18014,#18016,.T.);
#18014 = VERTEX_POINT('',#18015);
#18015 = CARTESIAN_POINT('',(9.,-98.04,0.));
#18016 = CIRCLE('',#18017,0.5);
#18017 = AXIS2_PLACEMENT_3D('',#18018,#18019,#18020);
#18018 = CARTESIAN_POINT('',(9.,-97.54,0.));
#18019 = DIRECTION('',(-0.,0.,-1.));
#18020 = DIRECTION('',(-0.,-1.,0.));
#18021 = FACE_BOUND('',#18022,.F.);
#18022 = EDGE_LOOP('',(#18023));
#18023 = ORIENTED_EDGE('',*,*,#18024,.T.);
#18024 = EDGE_CURVE('',#18025,#18025,#18027,.T.);
#18025 = VERTEX_POINT('',#18026);
#18026 = CARTESIAN_POINT('',(9.,-95.5,0.));
#18027 = CIRCLE('',#18028,0.5);
#18028 = AXIS2_PLACEMENT_3D('',#18029,#18030,#18031);
#18029 = CARTESIAN_POINT('',(9.,-95.,0.));
#18030 = DIRECTION('',(-0.,0.,-1.));
#18031 = DIRECTION('',(-0.,-1.,0.));
#18032 = FACE_BOUND('',#18033,.F.);
#18033 = EDGE_LOOP('',(#18034));
#18034 = ORIENTED_EDGE('',*,*,#18035,.T.);
#18035 = EDGE_CURVE('',#18036,#18036,#18038,.T.);
#18036 = VERTEX_POINT('',#18037);
#18037 = CARTESIAN_POINT('',(12.,-72.55,0.));
#18038 = CIRCLE('',#18039,0.55);
#18039 = AXIS2_PLACEMENT_3D('',#18040,#18041,#18042);
#18040 = CARTESIAN_POINT('',(12.,-72.,0.));
#18041 = DIRECTION('',(-0.,0.,-1.));
#18042 = DIRECTION('',(-0.,-1.,0.));
#18043 = FACE_BOUND('',#18044,.F.);
#18044 = EDGE_LOOP('',(#18045));
#18045 = ORIENTED_EDGE('',*,*,#18046,.T.);
#18046 = EDGE_CURVE('',#18047,#18047,#18049,.T.);
#18047 = VERTEX_POINT('',#18048);
#18048 = CARTESIAN_POINT('',(14.54,-72.55,0.));
#18049 = CIRCLE('',#18050,0.55);
#18050 = AXIS2_PLACEMENT_3D('',#18051,#18052,#18053);
#18051 = CARTESIAN_POINT('',(14.54,-72.,0.));
#18052 = DIRECTION('',(-0.,0.,-1.));
#18053 = DIRECTION('',(-0.,-1.,0.));
#18054 = FACE_BOUND('',#18055,.F.);
#18055 = EDGE_LOOP('',(#18056));
#18056 = ORIENTED_EDGE('',*,*,#18057,.T.);
#18057 = EDGE_CURVE('',#18058,#18058,#18060,.T.);
#18058 = VERTEX_POINT('',#18059);
#18059 = CARTESIAN_POINT('',(15.,-62.35,0.));
#18060 = CIRCLE('',#18061,0.35);
#18061 = AXIS2_PLACEMENT_3D('',#18062,#18063,#18064);
#18062 = CARTESIAN_POINT('',(15.,-62.,0.));
#18063 = DIRECTION('',(-0.,0.,-1.));
#18064 = DIRECTION('',(-0.,-1.,0.));
#18065 = FACE_BOUND('',#18066,.F.);
#18066 = EDGE_LOOP('',(#18067));
#18067 = ORIENTED_EDGE('',*,*,#18068,.T.);
#18068 = EDGE_CURVE('',#18069,#18069,#18071,.T.);
#18069 = VERTEX_POINT('',#18070);
#18070 = CARTESIAN_POINT('',(17.08,-72.55,0.));
#18071 = CIRCLE('',#18072,0.55);
#18072 = AXIS2_PLACEMENT_3D('',#18073,#18074,#18075);
#18073 = CARTESIAN_POINT('',(17.08,-72.,0.));
#18074 = DIRECTION('',(-0.,0.,-1.));
#18075 = DIRECTION('',(-0.,-1.,0.));
#18076 = FACE_BOUND('',#18077,.F.);
#18077 = EDGE_LOOP('',(#18078));
#18078 = ORIENTED_EDGE('',*,*,#18079,.T.);
#18079 = EDGE_CURVE('',#18080,#18080,#18082,.T.);
#18080 = VERTEX_POINT('',#18081);
#18081 = CARTESIAN_POINT('',(24.,-73.85,0.));
#18082 = CIRCLE('',#18083,0.35);
#18083 = AXIS2_PLACEMENT_3D('',#18084,#18085,#18086);
#18084 = CARTESIAN_POINT('',(24.,-73.5,0.));
#18085 = DIRECTION('',(-0.,0.,-1.));
#18086 = DIRECTION('',(-0.,-1.,0.));
#18087 = FACE_BOUND('',#18088,.F.);
#18088 = EDGE_LOOP('',(#18089));
#18089 = ORIENTED_EDGE('',*,*,#18090,.T.);
#18090 = EDGE_CURVE('',#18091,#18091,#18093,.T.);
#18091 = VERTEX_POINT('',#18092);
#18092 = CARTESIAN_POINT('',(24.,-71.31,0.));
#18093 = CIRCLE('',#18094,0.35);
#18094 = AXIS2_PLACEMENT_3D('',#18095,#18096,#18097);
#18095 = CARTESIAN_POINT('',(24.,-70.96,0.));
#18096 = DIRECTION('',(-0.,0.,-1.));
#18097 = DIRECTION('',(-0.,-1.,0.));
#18098 = FACE_BOUND('',#18099,.F.);
#18099 = EDGE_LOOP('',(#18100));
#18100 = ORIENTED_EDGE('',*,*,#18101,.T.);
#18101 = EDGE_CURVE('',#18102,#18102,#18104,.T.);
#18102 = VERTEX_POINT('',#18103);
#18103 = CARTESIAN_POINT('',(17.54,-62.35,0.));
#18104 = CIRCLE('',#18105,0.35);
#18105 = AXIS2_PLACEMENT_3D('',#18106,#18107,#18108);
#18106 = CARTESIAN_POINT('',(17.54,-62.,0.));
#18107 = DIRECTION('',(-0.,0.,-1.));
#18108 = DIRECTION('',(-0.,-1.,0.));
#18109 = FACE_BOUND('',#18110,.F.);
#18110 = EDGE_LOOP('',(#18111));
#18111 = ORIENTED_EDGE('',*,*,#18112,.T.);
#18112 = EDGE_CURVE('',#18113,#18113,#18115,.T.);
#18113 = VERTEX_POINT('',#18114);
#18114 = CARTESIAN_POINT('',(41.,-89.04,0.));
#18115 = CIRCLE('',#18116,0.5);
#18116 = AXIS2_PLACEMENT_3D('',#18117,#18118,#18119);
#18117 = CARTESIAN_POINT('',(41.,-88.54,0.));
#18118 = DIRECTION('',(-0.,0.,-1.));
#18119 = DIRECTION('',(-0.,-1.,0.));
#18120 = FACE_BOUND('',#18121,.F.);
#18121 = EDGE_LOOP('',(#18122));
#18122 = ORIENTED_EDGE('',*,*,#18123,.T.);
#18123 = EDGE_CURVE('',#18124,#18124,#18126,.T.);
#18124 = VERTEX_POINT('',#18125);
#18125 = CARTESIAN_POINT('',(41.,-86.5,0.));
#18126 = CIRCLE('',#18127,0.5);
#18127 = AXIS2_PLACEMENT_3D('',#18128,#18129,#18130);
#18128 = CARTESIAN_POINT('',(41.,-86.,0.));
#18129 = DIRECTION('',(-0.,0.,-1.));
#18130 = DIRECTION('',(-0.,-1.,0.));
#18131 = FACE_BOUND('',#18132,.F.);
#18132 = EDGE_LOOP('',(#18133));
#18133 = ORIENTED_EDGE('',*,*,#18134,.T.);
#18134 = EDGE_CURVE('',#18135,#18135,#18137,.T.);
#18135 = VERTEX_POINT('',#18136);
#18136 = CARTESIAN_POINT('',(38.,-70.375,0.));
#18137 = CIRCLE('',#18138,0.375);
#18138 = AXIS2_PLACEMENT_3D('',#18139,#18140,#18141);
#18139 = CARTESIAN_POINT('',(38.,-70.,0.));
#18140 = DIRECTION('',(-0.,0.,-1.));
#18141 = DIRECTION('',(-0.,-1.,0.));
#18142 = FACE_BOUND('',#18143,.F.);
#18143 = EDGE_LOOP('',(#18144));
#18144 = ORIENTED_EDGE('',*,*,#18145,.T.);
#18145 = EDGE_CURVE('',#18146,#18146,#18148,.T.);
#18146 = VERTEX_POINT('',#18147);
#18147 = CARTESIAN_POINT('',(40.54,-70.375,0.));
#18148 = CIRCLE('',#18149,0.375);
#18149 = AXIS2_PLACEMENT_3D('',#18150,#18151,#18152);
#18150 = CARTESIAN_POINT('',(40.54,-70.,0.));
#18151 = DIRECTION('',(-0.,0.,-1.));
#18152 = DIRECTION('',(-0.,-1.,0.));
#18153 = FACE_BOUND('',#18154,.F.);
#18154 = EDGE_LOOP('',(#18155));
#18155 = ORIENTED_EDGE('',*,*,#18156,.T.);
#18156 = EDGE_CURVE('',#18157,#18157,#18159,.T.);
#18157 = VERTEX_POINT('',#18158);
#18158 = CARTESIAN_POINT('',(43.08,-70.375,0.));
#18159 = CIRCLE('',#18160,0.375);
#18160 = AXIS2_PLACEMENT_3D('',#18161,#18162,#18163);
#18161 = CARTESIAN_POINT('',(43.08,-70.,0.));
#18162 = DIRECTION('',(-0.,0.,-1.));
#18163 = DIRECTION('',(-0.,-1.,0.));
#18164 = FACE_BOUND('',#18165,.F.);
#18165 = EDGE_LOOP('',(#18166));
#18166 = ORIENTED_EDGE('',*,*,#18167,.T.);
#18167 = EDGE_CURVE('',#18168,#18168,#18170,.T.);
#18168 = VERTEX_POINT('',#18169);
#18169 = CARTESIAN_POINT('',(41.,-62.35,0.));
#18170 = CIRCLE('',#18171,0.35);
#18171 = AXIS2_PLACEMENT_3D('',#18172,#18173,#18174);
#18172 = CARTESIAN_POINT('',(41.,-62.,0.));
#18173 = DIRECTION('',(-0.,0.,-1.));
#18174 = DIRECTION('',(-0.,-1.,0.));
#18175 = FACE_BOUND('',#18176,.F.);
#18176 = EDGE_LOOP('',(#18177));
#18177 = ORIENTED_EDGE('',*,*,#18178,.T.);
#18178 = EDGE_CURVE('',#18179,#18179,#18181,.T.);
#18179 = VERTEX_POINT('',#18180);
#18180 = CARTESIAN_POINT('',(43.54,-62.35,0.));
#18181 = CIRCLE('',#18182,0.35);
#18182 = AXIS2_PLACEMENT_3D('',#18183,#18184,#18185);
#18183 = CARTESIAN_POINT('',(43.54,-62.,0.));
#18184 = DIRECTION('',(-0.,0.,-1.));
#18185 = DIRECTION('',(-0.,-1.,0.));
#18186 = FACE_BOUND('',#18187,.F.);
#18187 = EDGE_LOOP('',(#18188));
#18188 = ORIENTED_EDGE('',*,*,#18189,.T.);
#18189 = EDGE_CURVE('',#18190,#18190,#18192,.T.);
#18190 = VERTEX_POINT('',#18191);
#18191 = CARTESIAN_POINT('',(7.5,-40.275,0.));
#18192 = CIRCLE('',#18193,0.5);
#18193 = AXIS2_PLACEMENT_3D('',#18194,#18195,#18196);
#18194 = CARTESIAN_POINT('',(7.5,-39.775,0.));
#18195 = DIRECTION('',(-0.,0.,-1.));
#18196 = DIRECTION('',(-0.,-1.,0.));
#18197 = FACE_BOUND('',#18198,.F.);
#18198 = EDGE_LOOP('',(#18199));
#18199 = ORIENTED_EDGE('',*,*,#18200,.T.);
#18200 = EDGE_CURVE('',#18201,#18201,#18203,.T.);
#18201 = VERTEX_POINT('',#18202);
#18202 = CARTESIAN_POINT('',(7.5,-37.735,0.));
#18203 = CIRCLE('',#18204,0.5);
#18204 = AXIS2_PLACEMENT_3D('',#18205,#18206,#18207);
#18205 = CARTESIAN_POINT('',(7.5,-37.235,0.));
#18206 = DIRECTION('',(-0.,0.,-1.));
#18207 = DIRECTION('',(-0.,-1.,0.));
#18208 = FACE_BOUND('',#18209,.F.);
#18209 = EDGE_LOOP('',(#18210));
#18210 = ORIENTED_EDGE('',*,*,#18211,.T.);
#18211 = EDGE_CURVE('',#18212,#18212,#18214,.T.);
#18212 = VERTEX_POINT('',#18213);
#18213 = CARTESIAN_POINT('',(7.5,-34.775,0.));
#18214 = CIRCLE('',#18215,0.5);
#18215 = AXIS2_PLACEMENT_3D('',#18216,#18217,#18218);
#18216 = CARTESIAN_POINT('',(7.5,-34.275,0.));
#18217 = DIRECTION('',(-0.,0.,-1.));
#18218 = DIRECTION('',(-0.,-1.,0.));
#18219 = FACE_BOUND('',#18220,.F.);
#18220 = EDGE_LOOP('',(#18221));
#18221 = ORIENTED_EDGE('',*,*,#18222,.T.);
#18222 = EDGE_CURVE('',#18223,#18223,#18225,.T.);
#18223 = VERTEX_POINT('',#18224);
#18224 = CARTESIAN_POINT('',(24.,-44.5,0.));
#18225 = CIRCLE('',#18226,0.5);
#18226 = AXIS2_PLACEMENT_3D('',#18227,#18228,#18229);
#18227 = CARTESIAN_POINT('',(24.,-44.,0.));
#18228 = DIRECTION('',(-0.,0.,-1.));
#18229 = DIRECTION('',(-0.,-1.,0.));
#18230 = FACE_BOUND('',#18231,.F.);
#18231 = EDGE_LOOP('',(#18232));
#18232 = ORIENTED_EDGE('',*,*,#18233,.T.);
#18233 = EDGE_CURVE('',#18234,#18234,#18236,.T.);
#18234 = VERTEX_POINT('',#18235);
#18235 = CARTESIAN_POINT('',(24.,-38.5,0.));
#18236 = CIRCLE('',#18237,0.5);
#18237 = AXIS2_PLACEMENT_3D('',#18238,#18239,#18240);
#18238 = CARTESIAN_POINT('',(24.,-38.,0.));
#18239 = DIRECTION('',(-0.,0.,-1.));
#18240 = DIRECTION('',(-0.,-1.,0.));
#18241 = FACE_BOUND('',#18242,.F.);
#18242 = EDGE_LOOP('',(#18243));
#18243 = ORIENTED_EDGE('',*,*,#18244,.T.);
#18244 = EDGE_CURVE('',#18245,#18245,#18247,.T.);
#18245 = VERTEX_POINT('',#18246);
#18246 = CARTESIAN_POINT('',(7.5,-32.235,0.));
#18247 = CIRCLE('',#18248,0.5);
#18248 = AXIS2_PLACEMENT_3D('',#18249,#18250,#18251);
#18249 = CARTESIAN_POINT('',(7.5,-31.735,0.));
#18250 = DIRECTION('',(-0.,0.,-1.));
#18251 = DIRECTION('',(-0.,-1.,0.));
#18252 = FACE_BOUND('',#18253,.F.);
#18253 = EDGE_LOOP('',(#18254));
#18254 = ORIENTED_EDGE('',*,*,#18255,.T.);
#18255 = EDGE_CURVE('',#18256,#18256,#18258,.T.);
#18256 = VERTEX_POINT('',#18257);
#18257 = CARTESIAN_POINT('',(6.,-25.05,0.));
#18258 = CIRCLE('',#18259,0.55);
#18259 = AXIS2_PLACEMENT_3D('',#18260,#18261,#18262);
#18260 = CARTESIAN_POINT('',(6.,-24.5,0.));
#18261 = DIRECTION('',(-0.,0.,-1.));
#18262 = DIRECTION('',(-0.,-1.,0.));
#18263 = FACE_BOUND('',#18264,.F.);
#18264 = EDGE_LOOP('',(#18265));
#18265 = ORIENTED_EDGE('',*,*,#18266,.T.);
#18266 = EDGE_CURVE('',#18267,#18267,#18269,.T.);
#18267 = VERTEX_POINT('',#18268);
#18268 = CARTESIAN_POINT('',(12.5,-25.05,0.));
#18269 = CIRCLE('',#18270,0.55);
#18270 = AXIS2_PLACEMENT_3D('',#18271,#18272,#18273);
#18271 = CARTESIAN_POINT('',(12.5,-24.5,0.));
#18272 = DIRECTION('',(-0.,0.,-1.));
#18273 = DIRECTION('',(-0.,-1.,0.));
#18274 = FACE_BOUND('',#18275,.F.);
#18275 = EDGE_LOOP('',(#18276));
#18276 = ORIENTED_EDGE('',*,*,#18277,.T.);
#18277 = EDGE_CURVE('',#18278,#18278,#18280,.T.);
#18278 = VERTEX_POINT('',#18279);
#18279 = CARTESIAN_POINT('',(6.,-20.55,0.));
#18280 = CIRCLE('',#18281,0.55);
#18281 = AXIS2_PLACEMENT_3D('',#18282,#18283,#18284);
#18282 = CARTESIAN_POINT('',(6.,-20.,0.));
#18283 = DIRECTION('',(-0.,0.,-1.));
#18284 = DIRECTION('',(-0.,-1.,0.));
#18285 = FACE_BOUND('',#18286,.F.);
#18286 = EDGE_LOOP('',(#18287));
#18287 = ORIENTED_EDGE('',*,*,#18288,.T.);
#18288 = EDGE_CURVE('',#18289,#18289,#18291,.T.);
#18289 = VERTEX_POINT('',#18290);
#18290 = CARTESIAN_POINT('',(12.5,-20.55,0.));
#18291 = CIRCLE('',#18292,0.55);
#18292 = AXIS2_PLACEMENT_3D('',#18293,#18294,#18295);
#18293 = CARTESIAN_POINT('',(12.5,-20.,0.));
#18294 = DIRECTION('',(-0.,0.,-1.));
#18295 = DIRECTION('',(-0.,-1.,0.));
#18296 = FACE_BOUND('',#18297,.F.);
#18297 = EDGE_LOOP('',(#18298));
#18298 = ORIENTED_EDGE('',*,*,#18299,.T.);
#18299 = EDGE_CURVE('',#18300,#18300,#18302,.T.);
#18300 = VERTEX_POINT('',#18301);
#18301 = CARTESIAN_POINT('',(16.11,-30.28,0.));
#18302 = CIRCLE('',#18303,0.5);
#18303 = AXIS2_PLACEMENT_3D('',#18304,#18305,#18306);
#18304 = CARTESIAN_POINT('',(16.11,-29.78,0.));
#18305 = DIRECTION('',(-0.,0.,-1.));
#18306 = DIRECTION('',(-0.,-1.,0.));
#18307 = FACE_BOUND('',#18308,.F.);
#18308 = EDGE_LOOP('',(#18309));
#18309 = ORIENTED_EDGE('',*,*,#18310,.T.);
#18310 = EDGE_CURVE('',#18311,#18311,#18313,.T.);
#18311 = VERTEX_POINT('',#18312);
#18312 = CARTESIAN_POINT('',(16.11,-27.74,0.));
#18313 = CIRCLE('',#18314,0.5);
#18314 = AXIS2_PLACEMENT_3D('',#18315,#18316,#18317);
#18315 = CARTESIAN_POINT('',(16.11,-27.24,0.));
#18316 = DIRECTION('',(-0.,0.,-1.));
#18317 = DIRECTION('',(-0.,-1.,0.));
#18318 = FACE_BOUND('',#18319,.F.);
#18319 = EDGE_LOOP('',(#18320));
#18320 = ORIENTED_EDGE('',*,*,#18321,.T.);
#18321 = EDGE_CURVE('',#18322,#18322,#18324,.T.);
#18322 = VERTEX_POINT('',#18323);
#18323 = CARTESIAN_POINT('',(16.11,-25.2,0.));
#18324 = CIRCLE('',#18325,0.5);
#18325 = AXIS2_PLACEMENT_3D('',#18326,#18327,#18328);
#18326 = CARTESIAN_POINT('',(16.11,-24.7,0.));
#18327 = DIRECTION('',(-0.,0.,-1.));
#18328 = DIRECTION('',(-0.,-1.,0.));
#18329 = FACE_BOUND('',#18330,.F.);
#18330 = EDGE_LOOP('',(#18331));
#18331 = ORIENTED_EDGE('',*,*,#18332,.T.);
#18332 = EDGE_CURVE('',#18333,#18333,#18335,.T.);
#18333 = VERTEX_POINT('',#18334);
#18334 = CARTESIAN_POINT('',(16.11,-22.66,0.));
#18335 = CIRCLE('',#18336,0.5);
#18336 = AXIS2_PLACEMENT_3D('',#18337,#18338,#18339);
#18337 = CARTESIAN_POINT('',(16.11,-22.16,0.));
#18338 = DIRECTION('',(-0.,0.,-1.));
#18339 = DIRECTION('',(-0.,-1.,0.));
#18340 = FACE_BOUND('',#18341,.F.);
#18341 = EDGE_LOOP('',(#18342));
#18342 = ORIENTED_EDGE('',*,*,#18343,.T.);
#18343 = EDGE_CURVE('',#18344,#18344,#18346,.T.);
#18344 = VERTEX_POINT('',#18345);
#18345 = CARTESIAN_POINT('',(16.11,-20.12,0.));
#18346 = CIRCLE('',#18347,0.5);
#18347 = AXIS2_PLACEMENT_3D('',#18348,#18349,#18350);
#18348 = CARTESIAN_POINT('',(16.11,-19.62,0.));
#18349 = DIRECTION('',(-0.,0.,-1.));
#18350 = DIRECTION('',(-0.,-1.,0.));
#18351 = FACE_BOUND('',#18352,.F.);
#18352 = EDGE_LOOP('',(#18353));
#18353 = ORIENTED_EDGE('',*,*,#18354,.T.);
#18354 = EDGE_CURVE('',#18355,#18355,#18357,.T.);
#18355 = VERTEX_POINT('',#18356);
#18356 = CARTESIAN_POINT('',(16.11,-17.58,0.));
#18357 = CIRCLE('',#18358,0.5);
#18358 = AXIS2_PLACEMENT_3D('',#18359,#18360,#18361);
#18359 = CARTESIAN_POINT('',(16.11,-17.08,0.));
#18360 = DIRECTION('',(-0.,0.,-1.));
#18361 = DIRECTION('',(-0.,-1.,0.));
#18362 = FACE_BOUND('',#18363,.F.);
#18363 = EDGE_LOOP('',(#18364));
#18364 = ORIENTED_EDGE('',*,*,#18365,.T.);
#18365 = EDGE_CURVE('',#18366,#18366,#18368,.T.);
#18366 = VERTEX_POINT('',#18367);
#18367 = CARTESIAN_POINT('',(16.11,-15.04,0.));
#18368 = CIRCLE('',#18369,0.5);
#18369 = AXIS2_PLACEMENT_3D('',#18370,#18371,#18372);
#18370 = CARTESIAN_POINT('',(16.11,-14.54,0.));
#18371 = DIRECTION('',(-0.,0.,-1.));
#18372 = DIRECTION('',(-0.,-1.,0.));
#18373 = FACE_BOUND('',#18374,.F.);
#18374 = EDGE_LOOP('',(#18375));
#18375 = ORIENTED_EDGE('',*,*,#18376,.T.);
#18376 = EDGE_CURVE('',#18377,#18377,#18379,.T.);
#18377 = VERTEX_POINT('',#18378);
#18378 = CARTESIAN_POINT('',(16.11,-12.5,0.));
#18379 = CIRCLE('',#18380,0.5);
#18380 = AXIS2_PLACEMENT_3D('',#18381,#18382,#18383);
#18381 = CARTESIAN_POINT('',(16.11,-12.,0.));
#18382 = DIRECTION('',(-0.,0.,-1.));
#18383 = DIRECTION('',(-0.,-1.,0.));
#18384 = FACE_BOUND('',#18385,.F.);
#18385 = EDGE_LOOP('',(#18386));
#18386 = ORIENTED_EDGE('',*,*,#18387,.T.);
#18387 = EDGE_CURVE('',#18388,#18388,#18390,.T.);
#18388 = VERTEX_POINT('',#18389);
#18389 = CARTESIAN_POINT('',(28.,-44.5,0.));
#18390 = CIRCLE('',#18391,0.5);
#18391 = AXIS2_PLACEMENT_3D('',#18392,#18393,#18394);
#18392 = CARTESIAN_POINT('',(28.,-44.,0.));
#18393 = DIRECTION('',(-0.,0.,-1.));
#18394 = DIRECTION('',(-0.,-1.,0.));
#18395 = FACE_BOUND('',#18396,.F.);
#18396 = EDGE_LOOP('',(#18397));
#18397 = ORIENTED_EDGE('',*,*,#18398,.T.);
#18398 = EDGE_CURVE('',#18399,#18399,#18401,.T.);
#18399 = VERTEX_POINT('',#18400);
#18400 = CARTESIAN_POINT('',(28.,-38.5,0.));
#18401 = CIRCLE('',#18402,0.5);
#18402 = AXIS2_PLACEMENT_3D('',#18403,#18404,#18405);
#18403 = CARTESIAN_POINT('',(28.,-38.,0.));
#18404 = DIRECTION('',(-0.,0.,-1.));
#18405 = DIRECTION('',(-0.,-1.,0.));
#18406 = FACE_BOUND('',#18407,.F.);
#18407 = EDGE_LOOP('',(#18408));
#18408 = ORIENTED_EDGE('',*,*,#18409,.T.);
#18409 = EDGE_CURVE('',#18410,#18410,#18412,.T.);
#18410 = VERTEX_POINT('',#18411);
#18411 = CARTESIAN_POINT('',(33.89,-30.28,0.));
#18412 = CIRCLE('',#18413,0.5);
#18413 = AXIS2_PLACEMENT_3D('',#18414,#18415,#18416);
#18414 = CARTESIAN_POINT('',(33.89,-29.78,0.));
#18415 = DIRECTION('',(-0.,0.,-1.));
#18416 = DIRECTION('',(-0.,-1.,0.));
#18417 = FACE_BOUND('',#18418,.F.);
#18418 = EDGE_LOOP('',(#18419));
#18419 = ORIENTED_EDGE('',*,*,#18420,.T.);
#18420 = EDGE_CURVE('',#18421,#18421,#18423,.T.);
#18421 = VERTEX_POINT('',#18422);
#18422 = CARTESIAN_POINT('',(33.89,-27.74,0.));
#18423 = CIRCLE('',#18424,0.5);
#18424 = AXIS2_PLACEMENT_3D('',#18425,#18426,#18427);
#18425 = CARTESIAN_POINT('',(33.89,-27.24,0.));
#18426 = DIRECTION('',(-0.,0.,-1.));
#18427 = DIRECTION('',(-0.,-1.,0.));
#18428 = FACE_BOUND('',#18429,.F.);
#18429 = EDGE_LOOP('',(#18430));
#18430 = ORIENTED_EDGE('',*,*,#18431,.T.);
#18431 = EDGE_CURVE('',#18432,#18432,#18434,.T.);
#18432 = VERTEX_POINT('',#18433);
#18433 = CARTESIAN_POINT('',(33.89,-25.2,0.));
#18434 = CIRCLE('',#18435,0.5);
#18435 = AXIS2_PLACEMENT_3D('',#18436,#18437,#18438);
#18436 = CARTESIAN_POINT('',(33.89,-24.7,0.));
#18437 = DIRECTION('',(-0.,0.,-1.));
#18438 = DIRECTION('',(-0.,-1.,0.));
#18439 = FACE_BOUND('',#18440,.F.);
#18440 = EDGE_LOOP('',(#18441));
#18441 = ORIENTED_EDGE('',*,*,#18442,.T.);
#18442 = EDGE_CURVE('',#18443,#18443,#18445,.T.);
#18443 = VERTEX_POINT('',#18444);
#18444 = CARTESIAN_POINT('',(33.89,-22.66,0.));
#18445 = CIRCLE('',#18446,0.5);
#18446 = AXIS2_PLACEMENT_3D('',#18447,#18448,#18449);
#18447 = CARTESIAN_POINT('',(33.89,-22.16,0.));
#18448 = DIRECTION('',(-0.,0.,-1.));
#18449 = DIRECTION('',(-0.,-1.,0.));
#18450 = FACE_BOUND('',#18451,.F.);
#18451 = EDGE_LOOP('',(#18452));
#18452 = ORIENTED_EDGE('',*,*,#18453,.T.);
#18453 = EDGE_CURVE('',#18454,#18454,#18456,.T.);
#18454 = VERTEX_POINT('',#18455);
#18455 = CARTESIAN_POINT('',(33.89,-20.12,0.));
#18456 = CIRCLE('',#18457,0.5);
#18457 = AXIS2_PLACEMENT_3D('',#18458,#18459,#18460);
#18458 = CARTESIAN_POINT('',(33.89,-19.62,0.));
#18459 = DIRECTION('',(-0.,0.,-1.));
#18460 = DIRECTION('',(-0.,-1.,0.));
#18461 = FACE_BOUND('',#18462,.F.);
#18462 = EDGE_LOOP('',(#18463));
#18463 = ORIENTED_EDGE('',*,*,#18464,.T.);
#18464 = EDGE_CURVE('',#18465,#18465,#18467,.T.);
#18465 = VERTEX_POINT('',#18466);
#18466 = CARTESIAN_POINT('',(33.89,-17.58,0.));
#18467 = CIRCLE('',#18468,0.5);
#18468 = AXIS2_PLACEMENT_3D('',#18469,#18470,#18471);
#18469 = CARTESIAN_POINT('',(33.89,-17.08,0.));
#18470 = DIRECTION('',(-0.,0.,-1.));
#18471 = DIRECTION('',(-0.,-1.,0.));
#18472 = FACE_BOUND('',#18473,.F.);
#18473 = EDGE_LOOP('',(#18474));
#18474 = ORIENTED_EDGE('',*,*,#18475,.T.);
#18475 = EDGE_CURVE('',#18476,#18476,#18478,.T.);
#18476 = VERTEX_POINT('',#18477);
#18477 = CARTESIAN_POINT('',(33.89,-15.04,0.));
#18478 = CIRCLE('',#18479,0.5);
#18479 = AXIS2_PLACEMENT_3D('',#18480,#18481,#18482);
#18480 = CARTESIAN_POINT('',(33.89,-14.54,0.));
#18481 = DIRECTION('',(-0.,0.,-1.));
#18482 = DIRECTION('',(-0.,-1.,0.));
#18483 = FACE_BOUND('',#18484,.F.);
#18484 = EDGE_LOOP('',(#18485));
#18485 = ORIENTED_EDGE('',*,*,#18486,.T.);
#18486 = EDGE_CURVE('',#18487,#18487,#18489,.T.);
#18487 = VERTEX_POINT('',#18488);
#18488 = CARTESIAN_POINT('',(33.89,-12.5,0.));
#18489 = CIRCLE('',#18490,0.5);
#18490 = AXIS2_PLACEMENT_3D('',#18491,#18492,#18493);
#18491 = CARTESIAN_POINT('',(33.89,-12.,0.));
#18492 = DIRECTION('',(-0.,0.,-1.));
#18493 = DIRECTION('',(-0.,-1.,0.));
#18494 = FACE_BOUND('',#18495,.F.);
#18495 = EDGE_LOOP('',(#18496));
#18496 = ORIENTED_EDGE('',*,*,#18497,.T.);
#18497 = EDGE_CURVE('',#18498,#18498,#18500,.T.);
#18498 = VERTEX_POINT('',#18499);
#18499 = CARTESIAN_POINT('',(40.,-22.66,0.));
#18500 = CIRCLE('',#18501,0.5);
#18501 = AXIS2_PLACEMENT_3D('',#18502,#18503,#18504);
#18502 = CARTESIAN_POINT('',(40.,-22.16,0.));
#18503 = DIRECTION('',(-0.,0.,-1.));
#18504 = DIRECTION('',(-0.,-1.,0.));
#18505 = FACE_BOUND('',#18506,.F.);
#18506 = EDGE_LOOP('',(#18507));
#18507 = ORIENTED_EDGE('',*,*,#18508,.T.);
#18508 = EDGE_CURVE('',#18509,#18509,#18511,.T.);
#18509 = VERTEX_POINT('',#18510);
#18510 = CARTESIAN_POINT('',(40.,-20.12,0.));
#18511 = CIRCLE('',#18512,0.5);
#18512 = AXIS2_PLACEMENT_3D('',#18513,#18514,#18515);
#18513 = CARTESIAN_POINT('',(40.,-19.62,0.));
#18514 = DIRECTION('',(-0.,0.,-1.));
#18515 = DIRECTION('',(-0.,-1.,0.));
#18516 = FACE_BOUND('',#18517,.F.);
#18517 = EDGE_LOOP('',(#18518));
#18518 = ORIENTED_EDGE('',*,*,#18519,.T.);
#18519 = EDGE_CURVE('',#18520,#18520,#18522,.T.);
#18520 = VERTEX_POINT('',#18521);
#18521 = CARTESIAN_POINT('',(40.,-17.58,0.));
#18522 = CIRCLE('',#18523,0.5);
#18523 = AXIS2_PLACEMENT_3D('',#18524,#18525,#18526);
#18524 = CARTESIAN_POINT('',(40.,-17.08,0.));
#18525 = DIRECTION('',(-0.,0.,-1.));
#18526 = DIRECTION('',(-0.,-1.,0.));
#18527 = FACE_BOUND('',#18528,.F.);
#18528 = EDGE_LOOP('',(#18529));
#18529 = ORIENTED_EDGE('',*,*,#18530,.T.);
#18530 = EDGE_CURVE('',#18531,#18531,#18533,.T.);
#18531 = VERTEX_POINT('',#18532);
#18532 = CARTESIAN_POINT('',(40.,-15.04,0.));
#18533 = CIRCLE('',#18534,0.5);
#18534 = AXIS2_PLACEMENT_3D('',#18535,#18536,#18537);
#18535 = CARTESIAN_POINT('',(40.,-14.54,0.));
#18536 = DIRECTION('',(-0.,0.,-1.));
#18537 = DIRECTION('',(-0.,-1.,0.));
#18538 = FACE_BOUND('',#18539,.F.);
#18539 = EDGE_LOOP('',(#18540));
#18540 = ORIENTED_EDGE('',*,*,#18541,.T.);
#18541 = EDGE_CURVE('',#18542,#18542,#18544,.T.);
#18542 = VERTEX_POINT('',#18543);
#18543 = CARTESIAN_POINT('',(40.,-12.5,0.));
#18544 = CIRCLE('',#18545,0.5);
#18545 = AXIS2_PLACEMENT_3D('',#18546,#18547,#18548);
#18546 = CARTESIAN_POINT('',(40.,-12.,0.));
#18547 = DIRECTION('',(-0.,0.,-1.));
#18548 = DIRECTION('',(-0.,-1.,0.));
#18549 = PLANE('',#18550);
#18550 = AXIS2_PLACEMENT_3D('',#18551,#18552,#18553);
#18551 = CARTESIAN_POINT('',(0.,0.,0.));
#18552 = DIRECTION('',(0.,0.,1.));
#18553 = DIRECTION('',(1.,0.,-0.));
#18554 = ADVANCED_FACE('',(#18555,#18566,#18577,#18588,#18599,#18610,
    #18621,#18632,#18643,#18654,#18665,#18676,#18687,#18698,#18709,
    #18720,#18731,#18742,#18753,#18764,#18775,#18786,#18797,#18808,
    #18819,#18830,#18841,#18852,#18863,#18874,#18885,#18896,#18907,
    #18918,#18929,#18940,#18951,#18962,#18973,#18984,#18995,#19006,
    #19017,#19028,#19039,#19050,#19061,#19072,#19083,#19094),#19105,.T.
  );
#18555 = FACE_BOUND('',#18556,.T.);
#18556 = EDGE_LOOP('',(#18557,#18558,#18559,#18565));
#18557 = ORIENTED_EDGE('',*,*,#17910,.F.);
#18558 = ORIENTED_EDGE('',*,*,#17950,.F.);
#18559 = ORIENTED_EDGE('',*,*,#18560,.F.);
#18560 = EDGE_CURVE('',#17973,#17943,#18561,.T.);
#18561 = LINE('',#18562,#18563);
#18562 = CARTESIAN_POINT('',(0.,-5.,1.51));
#18563 = VECTOR('',#18564,1.);
#18564 = DIRECTION('',(1.,0.,0.));
#18565 = ORIENTED_EDGE('',*,*,#17972,.F.);
#18566 = FACE_BOUND('',#18567,.T.);
#18567 = EDGE_LOOP('',(#18568));
#18568 = ORIENTED_EDGE('',*,*,#18569,.T.);
#18569 = EDGE_CURVE('',#18570,#18570,#18572,.T.);
#18570 = VERTEX_POINT('',#18571);
#18571 = CARTESIAN_POINT('',(9.,-98.04,1.51));
#18572 = CIRCLE('',#18573,0.5);
#18573 = AXIS2_PLACEMENT_3D('',#18574,#18575,#18576);
#18574 = CARTESIAN_POINT('',(9.,-97.54,1.51));
#18575 = DIRECTION('',(-0.,0.,-1.));
#18576 = DIRECTION('',(-0.,-1.,0.));
#18577 = FACE_BOUND('',#18578,.T.);
#18578 = EDGE_LOOP('',(#18579));
#18579 = ORIENTED_EDGE('',*,*,#18580,.T.);
#18580 = EDGE_CURVE('',#18581,#18581,#18583,.T.);
#18581 = VERTEX_POINT('',#18582);
#18582 = CARTESIAN_POINT('',(9.,-95.5,1.51));
#18583 = CIRCLE('',#18584,0.5);
#18584 = AXIS2_PLACEMENT_3D('',#18585,#18586,#18587);
#18585 = CARTESIAN_POINT('',(9.,-95.,1.51));
#18586 = DIRECTION('',(-0.,0.,-1.));
#18587 = DIRECTION('',(-0.,-1.,0.));
#18588 = FACE_BOUND('',#18589,.T.);
#18589 = EDGE_LOOP('',(#18590));
#18590 = ORIENTED_EDGE('',*,*,#18591,.T.);
#18591 = EDGE_CURVE('',#18592,#18592,#18594,.T.);
#18592 = VERTEX_POINT('',#18593);
#18593 = CARTESIAN_POINT('',(12.,-72.55,1.51));
#18594 = CIRCLE('',#18595,0.55);
#18595 = AXIS2_PLACEMENT_3D('',#18596,#18597,#18598);
#18596 = CARTESIAN_POINT('',(12.,-72.,1.51));
#18597 = DIRECTION('',(-0.,0.,-1.));
#18598 = DIRECTION('',(-0.,-1.,0.));
#18599 = FACE_BOUND('',#18600,.T.);
#18600 = EDGE_LOOP('',(#18601));
#18601 = ORIENTED_EDGE('',*,*,#18602,.T.);
#18602 = EDGE_CURVE('',#18603,#18603,#18605,.T.);
#18603 = VERTEX_POINT('',#18604);
#18604 = CARTESIAN_POINT('',(14.54,-72.55,1.51));
#18605 = CIRCLE('',#18606,0.55);
#18606 = AXIS2_PLACEMENT_3D('',#18607,#18608,#18609);
#18607 = CARTESIAN_POINT('',(14.54,-72.,1.51));
#18608 = DIRECTION('',(-0.,0.,-1.));
#18609 = DIRECTION('',(-0.,-1.,0.));
#18610 = FACE_BOUND('',#18611,.T.);
#18611 = EDGE_LOOP('',(#18612));
#18612 = ORIENTED_EDGE('',*,*,#18613,.T.);
#18613 = EDGE_CURVE('',#18614,#18614,#18616,.T.);
#18614 = VERTEX_POINT('',#18615);
#18615 = CARTESIAN_POINT('',(15.,-62.35,1.51));
#18616 = CIRCLE('',#18617,0.35);
#18617 = AXIS2_PLACEMENT_3D('',#18618,#18619,#18620);
#18618 = CARTESIAN_POINT('',(15.,-62.,1.51));
#18619 = DIRECTION('',(-0.,0.,-1.));
#18620 = DIRECTION('',(-0.,-1.,0.));
#18621 = FACE_BOUND('',#18622,.T.);
#18622 = EDGE_LOOP('',(#18623));
#18623 = ORIENTED_EDGE('',*,*,#18624,.T.);
#18624 = EDGE_CURVE('',#18625,#18625,#18627,.T.);
#18625 = VERTEX_POINT('',#18626);
#18626 = CARTESIAN_POINT('',(17.08,-72.55,1.51));
#18627 = CIRCLE('',#18628,0.55);
#18628 = AXIS2_PLACEMENT_3D('',#18629,#18630,#18631);
#18629 = CARTESIAN_POINT('',(17.08,-72.,1.51));
#18630 = DIRECTION('',(-0.,0.,-1.));
#18631 = DIRECTION('',(-0.,-1.,0.));
#18632 = FACE_BOUND('',#18633,.T.);
#18633 = EDGE_LOOP('',(#18634));
#18634 = ORIENTED_EDGE('',*,*,#18635,.T.);
#18635 = EDGE_CURVE('',#18636,#18636,#18638,.T.);
#18636 = VERTEX_POINT('',#18637);
#18637 = CARTESIAN_POINT('',(24.,-73.85,1.51));
#18638 = CIRCLE('',#18639,0.35);
#18639 = AXIS2_PLACEMENT_3D('',#18640,#18641,#18642);
#18640 = CARTESIAN_POINT('',(24.,-73.5,1.51));
#18641 = DIRECTION('',(-0.,0.,-1.));
#18642 = DIRECTION('',(-0.,-1.,0.));
#18643 = FACE_BOUND('',#18644,.T.);
#18644 = EDGE_LOOP('',(#18645));
#18645 = ORIENTED_EDGE('',*,*,#18646,.T.);
#18646 = EDGE_CURVE('',#18647,#18647,#18649,.T.);
#18647 = VERTEX_POINT('',#18648);
#18648 = CARTESIAN_POINT('',(24.,-71.31,1.51));
#18649 = CIRCLE('',#18650,0.35);
#18650 = AXIS2_PLACEMENT_3D('',#18651,#18652,#18653);
#18651 = CARTESIAN_POINT('',(24.,-70.96,1.51));
#18652 = DIRECTION('',(-0.,0.,-1.));
#18653 = DIRECTION('',(-0.,-1.,0.));
#18654 = FACE_BOUND('',#18655,.T.);
#18655 = EDGE_LOOP('',(#18656));
#18656 = ORIENTED_EDGE('',*,*,#18657,.T.);
#18657 = EDGE_CURVE('',#18658,#18658,#18660,.T.);
#18658 = VERTEX_POINT('',#18659);
#18659 = CARTESIAN_POINT('',(17.54,-62.35,1.51));
#18660 = CIRCLE('',#18661,0.35);
#18661 = AXIS2_PLACEMENT_3D('',#18662,#18663,#18664);
#18662 = CARTESIAN_POINT('',(17.54,-62.,1.51));
#18663 = DIRECTION('',(-0.,0.,-1.));
#18664 = DIRECTION('',(-0.,-1.,0.));
#18665 = FACE_BOUND('',#18666,.T.);
#18666 = EDGE_LOOP('',(#18667));
#18667 = ORIENTED_EDGE('',*,*,#18668,.T.);
#18668 = EDGE_CURVE('',#18669,#18669,#18671,.T.);
#18669 = VERTEX_POINT('',#18670);
#18670 = CARTESIAN_POINT('',(41.,-89.04,1.51));
#18671 = CIRCLE('',#18672,0.5);
#18672 = AXIS2_PLACEMENT_3D('',#18673,#18674,#18675);
#18673 = CARTESIAN_POINT('',(41.,-88.54,1.51));
#18674 = DIRECTION('',(-0.,0.,-1.));
#18675 = DIRECTION('',(-0.,-1.,0.));
#18676 = FACE_BOUND('',#18677,.T.);
#18677 = EDGE_LOOP('',(#18678));
#18678 = ORIENTED_EDGE('',*,*,#18679,.T.);
#18679 = EDGE_CURVE('',#18680,#18680,#18682,.T.);
#18680 = VERTEX_POINT('',#18681);
#18681 = CARTESIAN_POINT('',(41.,-86.5,1.51));
#18682 = CIRCLE('',#18683,0.5);
#18683 = AXIS2_PLACEMENT_3D('',#18684,#18685,#18686);
#18684 = CARTESIAN_POINT('',(41.,-86.,1.51));
#18685 = DIRECTION('',(-0.,0.,-1.));
#18686 = DIRECTION('',(-0.,-1.,0.));
#18687 = FACE_BOUND('',#18688,.T.);
#18688 = EDGE_LOOP('',(#18689));
#18689 = ORIENTED_EDGE('',*,*,#18690,.T.);
#18690 = EDGE_CURVE('',#18691,#18691,#18693,.T.);
#18691 = VERTEX_POINT('',#18692);
#18692 = CARTESIAN_POINT('',(38.,-70.375,1.51));
#18693 = CIRCLE('',#18694,0.375);
#18694 = AXIS2_PLACEMENT_3D('',#18695,#18696,#18697);
#18695 = CARTESIAN_POINT('',(38.,-70.,1.51));
#18696 = DIRECTION('',(-0.,0.,-1.));
#18697 = DIRECTION('',(-0.,-1.,0.));
#18698 = FACE_BOUND('',#18699,.T.);
#18699 = EDGE_LOOP('',(#18700));
#18700 = ORIENTED_EDGE('',*,*,#18701,.T.);
#18701 = EDGE_CURVE('',#18702,#18702,#18704,.T.);
#18702 = VERTEX_POINT('',#18703);
#18703 = CARTESIAN_POINT('',(40.54,-70.375,1.51));
#18704 = CIRCLE('',#18705,0.375);
#18705 = AXIS2_PLACEMENT_3D('',#18706,#18707,#18708);
#18706 = CARTESIAN_POINT('',(40.54,-70.,1.51));
#18707 = DIRECTION('',(-0.,0.,-1.));
#18708 = DIRECTION('',(-0.,-1.,0.));
#18709 = FACE_BOUND('',#18710,.T.);
#18710 = EDGE_LOOP('',(#18711));
#18711 = ORIENTED_EDGE('',*,*,#18712,.T.);
#18712 = EDGE_CURVE('',#18713,#18713,#18715,.T.);
#18713 = VERTEX_POINT('',#18714);
#18714 = CARTESIAN_POINT('',(43.08,-70.375,1.51));
#18715 = CIRCLE('',#18716,0.375);
#18716 = AXIS2_PLACEMENT_3D('',#18717,#18718,#18719);
#18717 = CARTESIAN_POINT('',(43.08,-70.,1.51));
#18718 = DIRECTION('',(-0.,0.,-1.));
#18719 = DIRECTION('',(-0.,-1.,0.));
#18720 = FACE_BOUND('',#18721,.T.);
#18721 = EDGE_LOOP('',(#18722));
#18722 = ORIENTED_EDGE('',*,*,#18723,.T.);
#18723 = EDGE_CURVE('',#18724,#18724,#18726,.T.);
#18724 = VERTEX_POINT('',#18725);
#18725 = CARTESIAN_POINT('',(41.,-62.35,1.51));
#18726 = CIRCLE('',#18727,0.35);
#18727 = AXIS2_PLACEMENT_3D('',#18728,#18729,#18730);
#18728 = CARTESIAN_POINT('',(41.,-62.,1.51));
#18729 = DIRECTION('',(-0.,0.,-1.));
#18730 = DIRECTION('',(-0.,-1.,0.));
#18731 = FACE_BOUND('',#18732,.T.);
#18732 = EDGE_LOOP('',(#18733));
#18733 = ORIENTED_EDGE('',*,*,#18734,.T.);
#18734 = EDGE_CURVE('',#18735,#18735,#18737,.T.);
#18735 = VERTEX_POINT('',#18736);
#18736 = CARTESIAN_POINT('',(43.54,-62.35,1.51));
#18737 = CIRCLE('',#18738,0.35);
#18738 = AXIS2_PLACEMENT_3D('',#18739,#18740,#18741);
#18739 = CARTESIAN_POINT('',(43.54,-62.,1.51));
#18740 = DIRECTION('',(-0.,0.,-1.));
#18741 = DIRECTION('',(-0.,-1.,0.));
#18742 = FACE_BOUND('',#18743,.T.);
#18743 = EDGE_LOOP('',(#18744));
#18744 = ORIENTED_EDGE('',*,*,#18745,.T.);
#18745 = EDGE_CURVE('',#18746,#18746,#18748,.T.);
#18746 = VERTEX_POINT('',#18747);
#18747 = CARTESIAN_POINT('',(7.5,-40.275,1.51));
#18748 = CIRCLE('',#18749,0.5);
#18749 = AXIS2_PLACEMENT_3D('',#18750,#18751,#18752);
#18750 = CARTESIAN_POINT('',(7.5,-39.775,1.51));
#18751 = DIRECTION('',(-0.,0.,-1.));
#18752 = DIRECTION('',(-0.,-1.,0.));
#18753 = FACE_BOUND('',#18754,.T.);
#18754 = EDGE_LOOP('',(#18755));
#18755 = ORIENTED_EDGE('',*,*,#18756,.T.);
#18756 = EDGE_CURVE('',#18757,#18757,#18759,.T.);
#18757 = VERTEX_POINT('',#18758);
#18758 = CARTESIAN_POINT('',(7.5,-37.735,1.51));
#18759 = CIRCLE('',#18760,0.5);
#18760 = AXIS2_PLACEMENT_3D('',#18761,#18762,#18763);
#18761 = CARTESIAN_POINT('',(7.5,-37.235,1.51));
#18762 = DIRECTION('',(-0.,0.,-1.));
#18763 = DIRECTION('',(-0.,-1.,0.));
#18764 = FACE_BOUND('',#18765,.T.);
#18765 = EDGE_LOOP('',(#18766));
#18766 = ORIENTED_EDGE('',*,*,#18767,.T.);
#18767 = EDGE_CURVE('',#18768,#18768,#18770,.T.);
#18768 = VERTEX_POINT('',#18769);
#18769 = CARTESIAN_POINT('',(7.5,-34.775,1.51));
#18770 = CIRCLE('',#18771,0.5);
#18771 = AXIS2_PLACEMENT_3D('',#18772,#18773,#18774);
#18772 = CARTESIAN_POINT('',(7.5,-34.275,1.51));
#18773 = DIRECTION('',(-0.,0.,-1.));
#18774 = DIRECTION('',(-0.,-1.,0.));
#18775 = FACE_BOUND('',#18776,.T.);
#18776 = EDGE_LOOP('',(#18777));
#18777 = ORIENTED_EDGE('',*,*,#18778,.T.);
#18778 = EDGE_CURVE('',#18779,#18779,#18781,.T.);
#18779 = VERTEX_POINT('',#18780);
#18780 = CARTESIAN_POINT('',(24.,-44.5,1.51));
#18781 = CIRCLE('',#18782,0.5);
#18782 = AXIS2_PLACEMENT_3D('',#18783,#18784,#18785);
#18783 = CARTESIAN_POINT('',(24.,-44.,1.51));
#18784 = DIRECTION('',(-0.,0.,-1.));
#18785 = DIRECTION('',(-0.,-1.,0.));
#18786 = FACE_BOUND('',#18787,.T.);
#18787 = EDGE_LOOP('',(#18788));
#18788 = ORIENTED_EDGE('',*,*,#18789,.T.);
#18789 = EDGE_CURVE('',#18790,#18790,#18792,.T.);
#18790 = VERTEX_POINT('',#18791);
#18791 = CARTESIAN_POINT('',(24.,-38.5,1.51));
#18792 = CIRCLE('',#18793,0.5);
#18793 = AXIS2_PLACEMENT_3D('',#18794,#18795,#18796);
#18794 = CARTESIAN_POINT('',(24.,-38.,1.51));
#18795 = DIRECTION('',(-0.,0.,-1.));
#18796 = DIRECTION('',(-0.,-1.,0.));
#18797 = FACE_BOUND('',#18798,.T.);
#18798 = EDGE_LOOP('',(#18799));
#18799 = ORIENTED_EDGE('',*,*,#18800,.T.);
#18800 = EDGE_CURVE('',#18801,#18801,#18803,.T.);
#18801 = VERTEX_POINT('',#18802);
#18802 = CARTESIAN_POINT('',(7.5,-32.235,1.51));
#18803 = CIRCLE('',#18804,0.5);
#18804 = AXIS2_PLACEMENT_3D('',#18805,#18806,#18807);
#18805 = CARTESIAN_POINT('',(7.5,-31.735,1.51));
#18806 = DIRECTION('',(-0.,0.,-1.));
#18807 = DIRECTION('',(-0.,-1.,0.));
#18808 = FACE_BOUND('',#18809,.T.);
#18809 = EDGE_LOOP('',(#18810));
#18810 = ORIENTED_EDGE('',*,*,#18811,.T.);
#18811 = EDGE_CURVE('',#18812,#18812,#18814,.T.);
#18812 = VERTEX_POINT('',#18813);
#18813 = CARTESIAN_POINT('',(6.,-25.05,1.51));
#18814 = CIRCLE('',#18815,0.55);
#18815 = AXIS2_PLACEMENT_3D('',#18816,#18817,#18818);
#18816 = CARTESIAN_POINT('',(6.,-24.5,1.51));
#18817 = DIRECTION('',(-0.,0.,-1.));
#18818 = DIRECTION('',(-0.,-1.,0.));
#18819 = FACE_BOUND('',#18820,.T.);
#18820 = EDGE_LOOP('',(#18821));
#18821 = ORIENTED_EDGE('',*,*,#18822,.T.);
#18822 = EDGE_CURVE('',#18823,#18823,#18825,.T.);
#18823 = VERTEX_POINT('',#18824);
#18824 = CARTESIAN_POINT('',(12.5,-25.05,1.51));
#18825 = CIRCLE('',#18826,0.55);
#18826 = AXIS2_PLACEMENT_3D('',#18827,#18828,#18829);
#18827 = CARTESIAN_POINT('',(12.5,-24.5,1.51));
#18828 = DIRECTION('',(-0.,0.,-1.));
#18829 = DIRECTION('',(-0.,-1.,0.));
#18830 = FACE_BOUND('',#18831,.T.);
#18831 = EDGE_LOOP('',(#18832));
#18832 = ORIENTED_EDGE('',*,*,#18833,.T.);
#18833 = EDGE_CURVE('',#18834,#18834,#18836,.T.);
#18834 = VERTEX_POINT('',#18835);
#18835 = CARTESIAN_POINT('',(6.,-20.55,1.51));
#18836 = CIRCLE('',#18837,0.55);
#18837 = AXIS2_PLACEMENT_3D('',#18838,#18839,#18840);
#18838 = CARTESIAN_POINT('',(6.,-20.,1.51));
#18839 = DIRECTION('',(-0.,0.,-1.));
#18840 = DIRECTION('',(-0.,-1.,0.));
#18841 = FACE_BOUND('',#18842,.T.);
#18842 = EDGE_LOOP('',(#18843));
#18843 = ORIENTED_EDGE('',*,*,#18844,.T.);
#18844 = EDGE_CURVE('',#18845,#18845,#18847,.T.);
#18845 = VERTEX_POINT('',#18846);
#18846 = CARTESIAN_POINT('',(12.5,-20.55,1.51));
#18847 = CIRCLE('',#18848,0.55);
#18848 = AXIS2_PLACEMENT_3D('',#18849,#18850,#18851);
#18849 = CARTESIAN_POINT('',(12.5,-20.,1.51));
#18850 = DIRECTION('',(-0.,0.,-1.));
#18851 = DIRECTION('',(-0.,-1.,0.));
#18852 = FACE_BOUND('',#18853,.T.);
#18853 = EDGE_LOOP('',(#18854));
#18854 = ORIENTED_EDGE('',*,*,#18855,.T.);
#18855 = EDGE_CURVE('',#18856,#18856,#18858,.T.);
#18856 = VERTEX_POINT('',#18857);
#18857 = CARTESIAN_POINT('',(16.11,-30.28,1.51));
#18858 = CIRCLE('',#18859,0.5);
#18859 = AXIS2_PLACEMENT_3D('',#18860,#18861,#18862);
#18860 = CARTESIAN_POINT('',(16.11,-29.78,1.51));
#18861 = DIRECTION('',(-0.,0.,-1.));
#18862 = DIRECTION('',(-0.,-1.,0.));
#18863 = FACE_BOUND('',#18864,.T.);
#18864 = EDGE_LOOP('',(#18865));
#18865 = ORIENTED_EDGE('',*,*,#18866,.T.);
#18866 = EDGE_CURVE('',#18867,#18867,#18869,.T.);
#18867 = VERTEX_POINT('',#18868);
#18868 = CARTESIAN_POINT('',(16.11,-27.74,1.51));
#18869 = CIRCLE('',#18870,0.5);
#18870 = AXIS2_PLACEMENT_3D('',#18871,#18872,#18873);
#18871 = CARTESIAN_POINT('',(16.11,-27.24,1.51));
#18872 = DIRECTION('',(-0.,0.,-1.));
#18873 = DIRECTION('',(-0.,-1.,0.));
#18874 = FACE_BOUND('',#18875,.T.);
#18875 = EDGE_LOOP('',(#18876));
#18876 = ORIENTED_EDGE('',*,*,#18877,.T.);
#18877 = EDGE_CURVE('',#18878,#18878,#18880,.T.);
#18878 = VERTEX_POINT('',#18879);
#18879 = CARTESIAN_POINT('',(16.11,-25.2,1.51));
#18880 = CIRCLE('',#18881,0.5);
#18881 = AXIS2_PLACEMENT_3D('',#18882,#18883,#18884);
#18882 = CARTESIAN_POINT('',(16.11,-24.7,1.51));
#18883 = DIRECTION('',(-0.,0.,-1.));
#18884 = DIRECTION('',(-0.,-1.,0.));
#18885 = FACE_BOUND('',#18886,.T.);
#18886 = EDGE_LOOP('',(#18887));
#18887 = ORIENTED_EDGE('',*,*,#18888,.T.);
#18888 = EDGE_CURVE('',#18889,#18889,#18891,.T.);
#18889 = VERTEX_POINT('',#18890);
#18890 = CARTESIAN_POINT('',(16.11,-22.66,1.51));
#18891 = CIRCLE('',#18892,0.5);
#18892 = AXIS2_PLACEMENT_3D('',#18893,#18894,#18895);
#18893 = CARTESIAN_POINT('',(16.11,-22.16,1.51));
#18894 = DIRECTION('',(-0.,0.,-1.));
#18895 = DIRECTION('',(-0.,-1.,0.));
#18896 = FACE_BOUND('',#18897,.T.);
#18897 = EDGE_LOOP('',(#18898));
#18898 = ORIENTED_EDGE('',*,*,#18899,.T.);
#18899 = EDGE_CURVE('',#18900,#18900,#18902,.T.);
#18900 = VERTEX_POINT('',#18901);
#18901 = CARTESIAN_POINT('',(16.11,-20.12,1.51));
#18902 = CIRCLE('',#18903,0.5);
#18903 = AXIS2_PLACEMENT_3D('',#18904,#18905,#18906);
#18904 = CARTESIAN_POINT('',(16.11,-19.62,1.51));
#18905 = DIRECTION('',(-0.,0.,-1.));
#18906 = DIRECTION('',(-0.,-1.,0.));
#18907 = FACE_BOUND('',#18908,.T.);
#18908 = EDGE_LOOP('',(#18909));
#18909 = ORIENTED_EDGE('',*,*,#18910,.T.);
#18910 = EDGE_CURVE('',#18911,#18911,#18913,.T.);
#18911 = VERTEX_POINT('',#18912);
#18912 = CARTESIAN_POINT('',(16.11,-17.58,1.51));
#18913 = CIRCLE('',#18914,0.5);
#18914 = AXIS2_PLACEMENT_3D('',#18915,#18916,#18917);
#18915 = CARTESIAN_POINT('',(16.11,-17.08,1.51));
#18916 = DIRECTION('',(-0.,0.,-1.));
#18917 = DIRECTION('',(-0.,-1.,0.));
#18918 = FACE_BOUND('',#18919,.T.);
#18919 = EDGE_LOOP('',(#18920));
#18920 = ORIENTED_EDGE('',*,*,#18921,.T.);
#18921 = EDGE_CURVE('',#18922,#18922,#18924,.T.);
#18922 = VERTEX_POINT('',#18923);
#18923 = CARTESIAN_POINT('',(16.11,-15.04,1.51));
#18924 = CIRCLE('',#18925,0.5);
#18925 = AXIS2_PLACEMENT_3D('',#18926,#18927,#18928);
#18926 = CARTESIAN_POINT('',(16.11,-14.54,1.51));
#18927 = DIRECTION('',(-0.,0.,-1.));
#18928 = DIRECTION('',(-0.,-1.,0.));
#18929 = FACE_BOUND('',#18930,.T.);
#18930 = EDGE_LOOP('',(#18931));
#18931 = ORIENTED_EDGE('',*,*,#18932,.T.);
#18932 = EDGE_CURVE('',#18933,#18933,#18935,.T.);
#18933 = VERTEX_POINT('',#18934);
#18934 = CARTESIAN_POINT('',(16.11,-12.5,1.51));
#18935 = CIRCLE('',#18936,0.5);
#18936 = AXIS2_PLACEMENT_3D('',#18937,#18938,#18939);
#18937 = CARTESIAN_POINT('',(16.11,-12.,1.51));
#18938 = DIRECTION('',(-0.,0.,-1.));
#18939 = DIRECTION('',(-0.,-1.,0.));
#18940 = FACE_BOUND('',#18941,.T.);
#18941 = EDGE_LOOP('',(#18942));
#18942 = ORIENTED_EDGE('',*,*,#18943,.T.);
#18943 = EDGE_CURVE('',#18944,#18944,#18946,.T.);
#18944 = VERTEX_POINT('',#18945);
#18945 = CARTESIAN_POINT('',(28.,-44.5,1.51));
#18946 = CIRCLE('',#18947,0.5);
#18947 = AXIS2_PLACEMENT_3D('',#18948,#18949,#18950);
#18948 = CARTESIAN_POINT('',(28.,-44.,1.51));
#18949 = DIRECTION('',(-0.,0.,-1.));
#18950 = DIRECTION('',(-0.,-1.,0.));
#18951 = FACE_BOUND('',#18952,.T.);
#18952 = EDGE_LOOP('',(#18953));
#18953 = ORIENTED_EDGE('',*,*,#18954,.T.);
#18954 = EDGE_CURVE('',#18955,#18955,#18957,.T.);
#18955 = VERTEX_POINT('',#18956);
#18956 = CARTESIAN_POINT('',(28.,-38.5,1.51));
#18957 = CIRCLE('',#18958,0.5);
#18958 = AXIS2_PLACEMENT_3D('',#18959,#18960,#18961);
#18959 = CARTESIAN_POINT('',(28.,-38.,1.51));
#18960 = DIRECTION('',(-0.,0.,-1.));
#18961 = DIRECTION('',(-0.,-1.,0.));
#18962 = FACE_BOUND('',#18963,.T.);
#18963 = EDGE_LOOP('',(#18964));
#18964 = ORIENTED_EDGE('',*,*,#18965,.T.);
#18965 = EDGE_CURVE('',#18966,#18966,#18968,.T.);
#18966 = VERTEX_POINT('',#18967);
#18967 = CARTESIAN_POINT('',(33.89,-30.28,1.51));
#18968 = CIRCLE('',#18969,0.5);
#18969 = AXIS2_PLACEMENT_3D('',#18970,#18971,#18972);
#18970 = CARTESIAN_POINT('',(33.89,-29.78,1.51));
#18971 = DIRECTION('',(-0.,0.,-1.));
#18972 = DIRECTION('',(-0.,-1.,0.));
#18973 = FACE_BOUND('',#18974,.T.);
#18974 = EDGE_LOOP('',(#18975));
#18975 = ORIENTED_EDGE('',*,*,#18976,.T.);
#18976 = EDGE_CURVE('',#18977,#18977,#18979,.T.);
#18977 = VERTEX_POINT('',#18978);
#18978 = CARTESIAN_POINT('',(33.89,-27.74,1.51));
#18979 = CIRCLE('',#18980,0.5);
#18980 = AXIS2_PLACEMENT_3D('',#18981,#18982,#18983);
#18981 = CARTESIAN_POINT('',(33.89,-27.24,1.51));
#18982 = DIRECTION('',(-0.,0.,-1.));
#18983 = DIRECTION('',(-0.,-1.,0.));
#18984 = FACE_BOUND('',#18985,.T.);
#18985 = EDGE_LOOP('',(#18986));
#18986 = ORIENTED_EDGE('',*,*,#18987,.T.);
#18987 = EDGE_CURVE('',#18988,#18988,#18990,.T.);
#18988 = VERTEX_POINT('',#18989);
#18989 = CARTESIAN_POINT('',(33.89,-25.2,1.51));
#18990 = CIRCLE('',#18991,0.5);
#18991 = AXIS2_PLACEMENT_3D('',#18992,#18993,#18994);
#18992 = CARTESIAN_POINT('',(33.89,-24.7,1.51));
#18993 = DIRECTION('',(-0.,0.,-1.));
#18994 = DIRECTION('',(-0.,-1.,0.));
#18995 = FACE_BOUND('',#18996,.T.);
#18996 = EDGE_LOOP('',(#18997));
#18997 = ORIENTED_EDGE('',*,*,#18998,.T.);
#18998 = EDGE_CURVE('',#18999,#18999,#19001,.T.);
#18999 = VERTEX_POINT('',#19000);
#19000 = CARTESIAN_POINT('',(33.89,-22.66,1.51));
#19001 = CIRCLE('',#19002,0.5);
#19002 = AXIS2_PLACEMENT_3D('',#19003,#19004,#19005);
#19003 = CARTESIAN_POINT('',(33.89,-22.16,1.51));
#19004 = DIRECTION('',(-0.,0.,-1.));
#19005 = DIRECTION('',(-0.,-1.,0.));
#19006 = FACE_BOUND('',#19007,.T.);
#19007 = EDGE_LOOP('',(#19008));
#19008 = ORIENTED_EDGE('',*,*,#19009,.T.);
#19009 = EDGE_CURVE('',#19010,#19010,#19012,.T.);
#19010 = VERTEX_POINT('',#19011);
#19011 = CARTESIAN_POINT('',(33.89,-20.12,1.51));
#19012 = CIRCLE('',#19013,0.5);
#19013 = AXIS2_PLACEMENT_3D('',#19014,#19015,#19016);
#19014 = CARTESIAN_POINT('',(33.89,-19.62,1.51));
#19015 = DIRECTION('',(-0.,0.,-1.));
#19016 = DIRECTION('',(-0.,-1.,0.));
#19017 = FACE_BOUND('',#19018,.T.);
#19018 = EDGE_LOOP('',(#19019));
#19019 = ORIENTED_EDGE('',*,*,#19020,.T.);
#19020 = EDGE_CURVE('',#19021,#19021,#19023,.T.);
#19021 = VERTEX_POINT('',#19022);
#19022 = CARTESIAN_POINT('',(33.89,-17.58,1.51));
#19023 = CIRCLE('',#19024,0.5);
#19024 = AXIS2_PLACEMENT_3D('',#19025,#19026,#19027);
#19025 = CARTESIAN_POINT('',(33.89,-17.08,1.51));
#19026 = DIRECTION('',(-0.,0.,-1.));
#19027 = DIRECTION('',(-0.,-1.,0.));
#19028 = FACE_BOUND('',#19029,.T.);
#19029 = EDGE_LOOP('',(#19030));
#19030 = ORIENTED_EDGE('',*,*,#19031,.T.);
#19031 = EDGE_CURVE('',#19032,#19032,#19034,.T.);
#19032 = VERTEX_POINT('',#19033);
#19033 = CARTESIAN_POINT('',(33.89,-15.04,1.51));
#19034 = CIRCLE('',#19035,0.5);
#19035 = AXIS2_PLACEMENT_3D('',#19036,#19037,#19038);
#19036 = CARTESIAN_POINT('',(33.89,-14.54,1.51));
#19037 = DIRECTION('',(-0.,0.,-1.));
#19038 = DIRECTION('',(-0.,-1.,0.));
#19039 = FACE_BOUND('',#19040,.T.);
#19040 = EDGE_LOOP('',(#19041));
#19041 = ORIENTED_EDGE('',*,*,#19042,.T.);
#19042 = EDGE_CURVE('',#19043,#19043,#19045,.T.);
#19043 = VERTEX_POINT('',#19044);
#19044 = CARTESIAN_POINT('',(33.89,-12.5,1.51));
#19045 = CIRCLE('',#19046,0.5);
#19046 = AXIS2_PLACEMENT_3D('',#19047,#19048,#19049);
#19047 = CARTESIAN_POINT('',(33.89,-12.,1.51));
#19048 = DIRECTION('',(-0.,0.,-1.));
#19049 = DIRECTION('',(-0.,-1.,0.));
#19050 = FACE_BOUND('',#19051,.T.);
#19051 = EDGE_LOOP('',(#19052));
#19052 = ORIENTED_EDGE('',*,*,#19053,.T.);
#19053 = EDGE_CURVE('',#19054,#19054,#19056,.T.);
#19054 = VERTEX_POINT('',#19055);
#19055 = CARTESIAN_POINT('',(40.,-22.66,1.51));
#19056 = CIRCLE('',#19057,0.5);
#19057 = AXIS2_PLACEMENT_3D('',#19058,#19059,#19060);
#19058 = CARTESIAN_POINT('',(40.,-22.16,1.51));
#19059 = DIRECTION('',(-0.,0.,-1.));
#19060 = DIRECTION('',(-0.,-1.,0.));
#19061 = FACE_BOUND('',#19062,.T.);
#19062 = EDGE_LOOP('',(#19063));
#19063 = ORIENTED_EDGE('',*,*,#19064,.T.);
#19064 = EDGE_CURVE('',#19065,#19065,#19067,.T.);
#19065 = VERTEX_POINT('',#19066);
#19066 = CARTESIAN_POINT('',(40.,-20.12,1.51));
#19067 = CIRCLE('',#19068,0.5);
#19068 = AXIS2_PLACEMENT_3D('',#19069,#19070,#19071);
#19069 = CARTESIAN_POINT('',(40.,-19.62,1.51));
#19070 = DIRECTION('',(-0.,0.,-1.));
#19071 = DIRECTION('',(-0.,-1.,0.));
#19072 = FACE_BOUND('',#19073,.T.);
#19073 = EDGE_LOOP('',(#19074));
#19074 = ORIENTED_EDGE('',*,*,#19075,.T.);
#19075 = EDGE_CURVE('',#19076,#19076,#19078,.T.);
#19076 = VERTEX_POINT('',#19077);
#19077 = CARTESIAN_POINT('',(40.,-17.58,1.51));
#19078 = CIRCLE('',#19079,0.5);
#19079 = AXIS2_PLACEMENT_3D('',#19080,#19081,#19082);
#19080 = CARTESIAN_POINT('',(40.,-17.08,1.51));
#19081 = DIRECTION('',(-0.,0.,-1.));
#19082 = DIRECTION('',(-0.,-1.,0.));
#19083 = FACE_BOUND('',#19084,.T.);
#19084 = EDGE_LOOP('',(#19085));
#19085 = ORIENTED_EDGE('',*,*,#19086,.T.);
#19086 = EDGE_CURVE('',#19087,#19087,#19089,.T.);
#19087 = VERTEX_POINT('',#19088);
#19088 = CARTESIAN_POINT('',(40.,-15.04,1.51));
#19089 = CIRCLE('',#19090,0.5);
#19090 = AXIS2_PLACEMENT_3D('',#19091,#19092,#19093);
#19091 = CARTESIAN_POINT('',(40.,-14.54,1.51));
#19092 = DIRECTION('',(-0.,0.,-1.));
#19093 = DIRECTION('',(-0.,-1.,0.));
#19094 = FACE_BOUND('',#19095,.T.);
#19095 = EDGE_LOOP('',(#19096));
#19096 = ORIENTED_EDGE('',*,*,#19097,.T.);
#19097 = EDGE_CURVE('',#19098,#19098,#19100,.T.);
#19098 = VERTEX_POINT('',#19099);
#19099 = CARTESIAN_POINT('',(40.,-12.5,1.51));
#19100 = CIRCLE('',#19101,0.5);
#19101 = AXIS2_PLACEMENT_3D('',#19102,#19103,#19104);
#19102 = CARTESIAN_POINT('',(40.,-12.,1.51));
#19103 = DIRECTION('',(-0.,0.,-1.));
#19104 = DIRECTION('',(-0.,-1.,0.));
#19105 = PLANE('',#19106);
#19106 = AXIS2_PLACEMENT_3D('',#19107,#19108,#19109);
#19107 = CARTESIAN_POINT('',(0.,0.,1.51));
#19108 = DIRECTION('',(0.,0.,1.));
#19109 = DIRECTION('',(1.,0.,-0.));
#19110 = ADVANCED_FACE('',(#19111),#19117,.T.);
#19111 = FACE_BOUND('',#19112,.T.);
#19112 = EDGE_LOOP('',(#19113,#19114,#19115,#19116));
#19113 = ORIENTED_EDGE('',*,*,#17980,.T.);
#19114 = ORIENTED_EDGE('',*,*,#18560,.T.);
#19115 = ORIENTED_EDGE('',*,*,#17940,.F.);
#19116 = ORIENTED_EDGE('',*,*,#18004,.F.);
#19117 = PLANE('',#19118);
#19118 = AXIS2_PLACEMENT_3D('',#19119,#19120,#19121);
#19119 = CARTESIAN_POINT('',(0.,-5.,0.));
#19120 = DIRECTION('',(0.,1.,0.));
#19121 = DIRECTION('',(1.,0.,0.));
#19122 = ADVANCED_FACE('',(#19123),#19134,.F.);
#19123 = FACE_BOUND('',#19124,.T.);
#19124 = EDGE_LOOP('',(#19125,#19126,#19132,#19133));
#19125 = ORIENTED_EDGE('',*,*,#18013,.T.);
#19126 = ORIENTED_EDGE('',*,*,#19127,.T.);
#19127 = EDGE_CURVE('',#18014,#18570,#19128,.T.);
#19128 = LINE('',#19129,#19130);
#19129 = CARTESIAN_POINT('',(9.,-98.04,-4.6E-02));
#19130 = VECTOR('',#19131,1.);
#19131 = DIRECTION('',(0.,0.,1.));
#19132 = ORIENTED_EDGE('',*,*,#18569,.F.);
#19133 = ORIENTED_EDGE('',*,*,#19127,.F.);
#19134 = CYLINDRICAL_SURFACE('',#19135,0.5);
#19135 = AXIS2_PLACEMENT_3D('',#19136,#19137,#19138);
#19136 = CARTESIAN_POINT('',(9.,-97.54,-4.6E-02));
#19137 = DIRECTION('',(-0.,-0.,-1.));
#19138 = DIRECTION('',(-0.,-1.,0.));
#19139 = ADVANCED_FACE('',(#19140),#19151,.F.);
#19140 = FACE_BOUND('',#19141,.T.);
#19141 = EDGE_LOOP('',(#19142,#19143,#19149,#19150));
#19142 = ORIENTED_EDGE('',*,*,#18024,.T.);
#19143 = ORIENTED_EDGE('',*,*,#19144,.T.);
#19144 = EDGE_CURVE('',#18025,#18581,#19145,.T.);
#19145 = LINE('',#19146,#19147);
#19146 = CARTESIAN_POINT('',(9.,-95.5,-4.6E-02));
#19147 = VECTOR('',#19148,1.);
#19148 = DIRECTION('',(0.,0.,1.));
#19149 = ORIENTED_EDGE('',*,*,#18580,.F.);
#19150 = ORIENTED_EDGE('',*,*,#19144,.F.);
#19151 = CYLINDRICAL_SURFACE('',#19152,0.5);
#19152 = AXIS2_PLACEMENT_3D('',#19153,#19154,#19155);
#19153 = CARTESIAN_POINT('',(9.,-95.,-4.6E-02));
#19154 = DIRECTION('',(-0.,-0.,-1.));
#19155 = DIRECTION('',(-0.,-1.,0.));
#19156 = ADVANCED_FACE('',(#19157),#19168,.F.);
#19157 = FACE_BOUND('',#19158,.T.);
#19158 = EDGE_LOOP('',(#19159,#19160,#19166,#19167));
#19159 = ORIENTED_EDGE('',*,*,#18035,.T.);
#19160 = ORIENTED_EDGE('',*,*,#19161,.T.);
#19161 = EDGE_CURVE('',#18036,#18592,#19162,.T.);
#19162 = LINE('',#19163,#19164);
#19163 = CARTESIAN_POINT('',(12.,-72.55,-4.6E-02));
#19164 = VECTOR('',#19165,1.);
#19165 = DIRECTION('',(0.,0.,1.));
#19166 = ORIENTED_EDGE('',*,*,#18591,.F.);
#19167 = ORIENTED_EDGE('',*,*,#19161,.F.);
#19168 = CYLINDRICAL_SURFACE('',#19169,0.55);
#19169 = AXIS2_PLACEMENT_3D('',#19170,#19171,#19172);
#19170 = CARTESIAN_POINT('',(12.,-72.,-4.6E-02));
#19171 = DIRECTION('',(-0.,-0.,-1.));
#19172 = DIRECTION('',(-0.,-1.,0.));
#19173 = ADVANCED_FACE('',(#19174),#19185,.F.);
#19174 = FACE_BOUND('',#19175,.T.);
#19175 = EDGE_LOOP('',(#19176,#19177,#19183,#19184));
#19176 = ORIENTED_EDGE('',*,*,#18046,.T.);
#19177 = ORIENTED_EDGE('',*,*,#19178,.T.);
#19178 = EDGE_CURVE('',#18047,#18603,#19179,.T.);
#19179 = LINE('',#19180,#19181);
#19180 = CARTESIAN_POINT('',(14.54,-72.55,-4.6E-02));
#19181 = VECTOR('',#19182,1.);
#19182 = DIRECTION('',(0.,0.,1.));
#19183 = ORIENTED_EDGE('',*,*,#18602,.F.);
#19184 = ORIENTED_EDGE('',*,*,#19178,.F.);
#19185 = CYLINDRICAL_SURFACE('',#19186,0.55);
#19186 = AXIS2_PLACEMENT_3D('',#19187,#19188,#19189);
#19187 = CARTESIAN_POINT('',(14.54,-72.,-4.6E-02));
#19188 = DIRECTION('',(-0.,-0.,-1.));
#19189 = DIRECTION('',(-0.,-1.,0.));
#19190 = ADVANCED_FACE('',(#19191),#19202,.F.);
#19191 = FACE_BOUND('',#19192,.T.);
#19192 = EDGE_LOOP('',(#19193,#19194,#19200,#19201));
#19193 = ORIENTED_EDGE('',*,*,#18057,.T.);
#19194 = ORIENTED_EDGE('',*,*,#19195,.T.);
#19195 = EDGE_CURVE('',#18058,#18614,#19196,.T.);
#19196 = LINE('',#19197,#19198);
#19197 = CARTESIAN_POINT('',(15.,-62.35,-4.6E-02));
#19198 = VECTOR('',#19199,1.);
#19199 = DIRECTION('',(0.,0.,1.));
#19200 = ORIENTED_EDGE('',*,*,#18613,.F.);
#19201 = ORIENTED_EDGE('',*,*,#19195,.F.);
#19202 = CYLINDRICAL_SURFACE('',#19203,0.35);
#19203 = AXIS2_PLACEMENT_3D('',#19204,#19205,#19206);
#19204 = CARTESIAN_POINT('',(15.,-62.,-4.6E-02));
#19205 = DIRECTION('',(-0.,-0.,-1.));
#19206 = DIRECTION('',(-0.,-1.,0.));
#19207 = ADVANCED_FACE('',(#19208),#19219,.F.);
#19208 = FACE_BOUND('',#19209,.T.);
#19209 = EDGE_LOOP('',(#19210,#19211,#19217,#19218));
#19210 = ORIENTED_EDGE('',*,*,#18068,.T.);
#19211 = ORIENTED_EDGE('',*,*,#19212,.T.);
#19212 = EDGE_CURVE('',#18069,#18625,#19213,.T.);
#19213 = LINE('',#19214,#19215);
#19214 = CARTESIAN_POINT('',(17.08,-72.55,-4.6E-02));
#19215 = VECTOR('',#19216,1.);
#19216 = DIRECTION('',(0.,0.,1.));
#19217 = ORIENTED_EDGE('',*,*,#18624,.F.);
#19218 = ORIENTED_EDGE('',*,*,#19212,.F.);
#19219 = CYLINDRICAL_SURFACE('',#19220,0.55);
#19220 = AXIS2_PLACEMENT_3D('',#19221,#19222,#19223);
#19221 = CARTESIAN_POINT('',(17.08,-72.,-4.6E-02));
#19222 = DIRECTION('',(-0.,-0.,-1.));
#19223 = DIRECTION('',(-0.,-1.,0.));
#19224 = ADVANCED_FACE('',(#19225),#19236,.F.);
#19225 = FACE_BOUND('',#19226,.T.);
#19226 = EDGE_LOOP('',(#19227,#19228,#19234,#19235));
#19227 = ORIENTED_EDGE('',*,*,#18079,.T.);
#19228 = ORIENTED_EDGE('',*,*,#19229,.T.);
#19229 = EDGE_CURVE('',#18080,#18636,#19230,.T.);
#19230 = LINE('',#19231,#19232);
#19231 = CARTESIAN_POINT('',(24.,-73.85,-4.6E-02));
#19232 = VECTOR('',#19233,1.);
#19233 = DIRECTION('',(0.,0.,1.));
#19234 = ORIENTED_EDGE('',*,*,#18635,.F.);
#19235 = ORIENTED_EDGE('',*,*,#19229,.F.);
#19236 = CYLINDRICAL_SURFACE('',#19237,0.35);
#19237 = AXIS2_PLACEMENT_3D('',#19238,#19239,#19240);
#19238 = CARTESIAN_POINT('',(24.,-73.5,-4.6E-02));
#19239 = DIRECTION('',(-0.,-0.,-1.));
#19240 = DIRECTION('',(-0.,-1.,0.));
#19241 = ADVANCED_FACE('',(#19242),#19253,.F.);
#19242 = FACE_BOUND('',#19243,.T.);
#19243 = EDGE_LOOP('',(#19244,#19245,#19251,#19252));
#19244 = ORIENTED_EDGE('',*,*,#18090,.T.);
#19245 = ORIENTED_EDGE('',*,*,#19246,.T.);
#19246 = EDGE_CURVE('',#18091,#18647,#19247,.T.);
#19247 = LINE('',#19248,#19249);
#19248 = CARTESIAN_POINT('',(24.,-71.31,-4.6E-02));
#19249 = VECTOR('',#19250,1.);
#19250 = DIRECTION('',(0.,0.,1.));
#19251 = ORIENTED_EDGE('',*,*,#18646,.F.);
#19252 = ORIENTED_EDGE('',*,*,#19246,.F.);
#19253 = CYLINDRICAL_SURFACE('',#19254,0.35);
#19254 = AXIS2_PLACEMENT_3D('',#19255,#19256,#19257);
#19255 = CARTESIAN_POINT('',(24.,-70.96,-4.6E-02));
#19256 = DIRECTION('',(-0.,-0.,-1.));
#19257 = DIRECTION('',(-0.,-1.,0.));
#19258 = ADVANCED_FACE('',(#19259),#19270,.F.);
#19259 = FACE_BOUND('',#19260,.T.);
#19260 = EDGE_LOOP('',(#19261,#19262,#19268,#19269));
#19261 = ORIENTED_EDGE('',*,*,#18101,.T.);
#19262 = ORIENTED_EDGE('',*,*,#19263,.T.);
#19263 = EDGE_CURVE('',#18102,#18658,#19264,.T.);
#19264 = LINE('',#19265,#19266);
#19265 = CARTESIAN_POINT('',(17.54,-62.35,-4.6E-02));
#19266 = VECTOR('',#19267,1.);
#19267 = DIRECTION('',(0.,0.,1.));
#19268 = ORIENTED_EDGE('',*,*,#18657,.F.);
#19269 = ORIENTED_EDGE('',*,*,#19263,.F.);
#19270 = CYLINDRICAL_SURFACE('',#19271,0.35);
#19271 = AXIS2_PLACEMENT_3D('',#19272,#19273,#19274);
#19272 = CARTESIAN_POINT('',(17.54,-62.,-4.6E-02));
#19273 = DIRECTION('',(-0.,-0.,-1.));
#19274 = DIRECTION('',(-0.,-1.,0.));
#19275 = ADVANCED_FACE('',(#19276),#19287,.F.);
#19276 = FACE_BOUND('',#19277,.T.);
#19277 = EDGE_LOOP('',(#19278,#19279,#19285,#19286));
#19278 = ORIENTED_EDGE('',*,*,#18112,.T.);
#19279 = ORIENTED_EDGE('',*,*,#19280,.T.);
#19280 = EDGE_CURVE('',#18113,#18669,#19281,.T.);
#19281 = LINE('',#19282,#19283);
#19282 = CARTESIAN_POINT('',(41.,-89.04,-4.6E-02));
#19283 = VECTOR('',#19284,1.);
#19284 = DIRECTION('',(0.,0.,1.));
#19285 = ORIENTED_EDGE('',*,*,#18668,.F.);
#19286 = ORIENTED_EDGE('',*,*,#19280,.F.);
#19287 = CYLINDRICAL_SURFACE('',#19288,0.5);
#19288 = AXIS2_PLACEMENT_3D('',#19289,#19290,#19291);
#19289 = CARTESIAN_POINT('',(41.,-88.54,-4.6E-02));
#19290 = DIRECTION('',(-0.,-0.,-1.));
#19291 = DIRECTION('',(-0.,-1.,0.));
#19292 = ADVANCED_FACE('',(#19293),#19304,.F.);
#19293 = FACE_BOUND('',#19294,.T.);
#19294 = EDGE_LOOP('',(#19295,#19296,#19302,#19303));
#19295 = ORIENTED_EDGE('',*,*,#18123,.T.);
#19296 = ORIENTED_EDGE('',*,*,#19297,.T.);
#19297 = EDGE_CURVE('',#18124,#18680,#19298,.T.);
#19298 = LINE('',#19299,#19300);
#19299 = CARTESIAN_POINT('',(41.,-86.5,-4.6E-02));
#19300 = VECTOR('',#19301,1.);
#19301 = DIRECTION('',(0.,0.,1.));
#19302 = ORIENTED_EDGE('',*,*,#18679,.F.);
#19303 = ORIENTED_EDGE('',*,*,#19297,.F.);
#19304 = CYLINDRICAL_SURFACE('',#19305,0.5);
#19305 = AXIS2_PLACEMENT_3D('',#19306,#19307,#19308);
#19306 = CARTESIAN_POINT('',(41.,-86.,-4.6E-02));
#19307 = DIRECTION('',(-0.,-0.,-1.));
#19308 = DIRECTION('',(-0.,-1.,0.));
#19309 = ADVANCED_FACE('',(#19310),#19321,.F.);
#19310 = FACE_BOUND('',#19311,.T.);
#19311 = EDGE_LOOP('',(#19312,#19313,#19319,#19320));
#19312 = ORIENTED_EDGE('',*,*,#18134,.T.);
#19313 = ORIENTED_EDGE('',*,*,#19314,.T.);
#19314 = EDGE_CURVE('',#18135,#18691,#19315,.T.);
#19315 = LINE('',#19316,#19317);
#19316 = CARTESIAN_POINT('',(38.,-70.375,-4.6E-02));
#19317 = VECTOR('',#19318,1.);
#19318 = DIRECTION('',(0.,0.,1.));
#19319 = ORIENTED_EDGE('',*,*,#18690,.F.);
#19320 = ORIENTED_EDGE('',*,*,#19314,.F.);
#19321 = CYLINDRICAL_SURFACE('',#19322,0.375);
#19322 = AXIS2_PLACEMENT_3D('',#19323,#19324,#19325);
#19323 = CARTESIAN_POINT('',(38.,-70.,-4.6E-02));
#19324 = DIRECTION('',(-0.,-0.,-1.));
#19325 = DIRECTION('',(-0.,-1.,0.));
#19326 = ADVANCED_FACE('',(#19327),#19338,.F.);
#19327 = FACE_BOUND('',#19328,.T.);
#19328 = EDGE_LOOP('',(#19329,#19330,#19336,#19337));
#19329 = ORIENTED_EDGE('',*,*,#18145,.T.);
#19330 = ORIENTED_EDGE('',*,*,#19331,.T.);
#19331 = EDGE_CURVE('',#18146,#18702,#19332,.T.);
#19332 = LINE('',#19333,#19334);
#19333 = CARTESIAN_POINT('',(40.54,-70.375,-4.6E-02));
#19334 = VECTOR('',#19335,1.);
#19335 = DIRECTION('',(0.,0.,1.));
#19336 = ORIENTED_EDGE('',*,*,#18701,.F.);
#19337 = ORIENTED_EDGE('',*,*,#19331,.F.);
#19338 = CYLINDRICAL_SURFACE('',#19339,0.375);
#19339 = AXIS2_PLACEMENT_3D('',#19340,#19341,#19342);
#19340 = CARTESIAN_POINT('',(40.54,-70.,-4.6E-02));
#19341 = DIRECTION('',(-0.,-0.,-1.));
#19342 = DIRECTION('',(-0.,-1.,0.));
#19343 = ADVANCED_FACE('',(#19344),#19355,.F.);
#19344 = FACE_BOUND('',#19345,.T.);
#19345 = EDGE_LOOP('',(#19346,#19347,#19353,#19354));
#19346 = ORIENTED_EDGE('',*,*,#18156,.T.);
#19347 = ORIENTED_EDGE('',*,*,#19348,.T.);
#19348 = EDGE_CURVE('',#18157,#18713,#19349,.T.);
#19349 = LINE('',#19350,#19351);
#19350 = CARTESIAN_POINT('',(43.08,-70.375,-4.6E-02));
#19351 = VECTOR('',#19352,1.);
#19352 = DIRECTION('',(0.,0.,1.));
#19353 = ORIENTED_EDGE('',*,*,#18712,.F.);
#19354 = ORIENTED_EDGE('',*,*,#19348,.F.);
#19355 = CYLINDRICAL_SURFACE('',#19356,0.375);
#19356 = AXIS2_PLACEMENT_3D('',#19357,#19358,#19359);
#19357 = CARTESIAN_POINT('',(43.08,-70.,-4.6E-02));
#19358 = DIRECTION('',(-0.,-0.,-1.));
#19359 = DIRECTION('',(-0.,-1.,0.));
#19360 = ADVANCED_FACE('',(#19361),#19372,.F.);
#19361 = FACE_BOUND('',#19362,.T.);
#19362 = EDGE_LOOP('',(#19363,#19364,#19370,#19371));
#19363 = ORIENTED_EDGE('',*,*,#18167,.T.);
#19364 = ORIENTED_EDGE('',*,*,#19365,.T.);
#19365 = EDGE_CURVE('',#18168,#18724,#19366,.T.);
#19366 = LINE('',#19367,#19368);
#19367 = CARTESIAN_POINT('',(41.,-62.35,-4.6E-02));
#19368 = VECTOR('',#19369,1.);
#19369 = DIRECTION('',(0.,0.,1.));
#19370 = ORIENTED_EDGE('',*,*,#18723,.F.);
#19371 = ORIENTED_EDGE('',*,*,#19365,.F.);
#19372 = CYLINDRICAL_SURFACE('',#19373,0.35);
#19373 = AXIS2_PLACEMENT_3D('',#19374,#19375,#19376);
#19374 = CARTESIAN_POINT('',(41.,-62.,-4.6E-02));
#19375 = DIRECTION('',(-0.,-0.,-1.));
#19376 = DIRECTION('',(-0.,-1.,0.));
#19377 = ADVANCED_FACE('',(#19378),#19389,.F.);
#19378 = FACE_BOUND('',#19379,.T.);
#19379 = EDGE_LOOP('',(#19380,#19381,#19387,#19388));
#19380 = ORIENTED_EDGE('',*,*,#18178,.T.);
#19381 = ORIENTED_EDGE('',*,*,#19382,.T.);
#19382 = EDGE_CURVE('',#18179,#18735,#19383,.T.);
#19383 = LINE('',#19384,#19385);
#19384 = CARTESIAN_POINT('',(43.54,-62.35,-4.6E-02));
#19385 = VECTOR('',#19386,1.);
#19386 = DIRECTION('',(0.,0.,1.));
#19387 = ORIENTED_EDGE('',*,*,#18734,.F.);
#19388 = ORIENTED_EDGE('',*,*,#19382,.F.);
#19389 = CYLINDRICAL_SURFACE('',#19390,0.35);
#19390 = AXIS2_PLACEMENT_3D('',#19391,#19392,#19393);
#19391 = CARTESIAN_POINT('',(43.54,-62.,-4.6E-02));
#19392 = DIRECTION('',(-0.,-0.,-1.));
#19393 = DIRECTION('',(-0.,-1.,0.));
#19394 = ADVANCED_FACE('',(#19395),#19406,.F.);
#19395 = FACE_BOUND('',#19396,.T.);
#19396 = EDGE_LOOP('',(#19397,#19398,#19404,#19405));
#19397 = ORIENTED_EDGE('',*,*,#18189,.T.);
#19398 = ORIENTED_EDGE('',*,*,#19399,.T.);
#19399 = EDGE_CURVE('',#18190,#18746,#19400,.T.);
#19400 = LINE('',#19401,#19402);
#19401 = CARTESIAN_POINT('',(7.5,-40.275,-4.6E-02));
#19402 = VECTOR('',#19403,1.);
#19403 = DIRECTION('',(0.,0.,1.));
#19404 = ORIENTED_EDGE('',*,*,#18745,.F.);
#19405 = ORIENTED_EDGE('',*,*,#19399,.F.);
#19406 = CYLINDRICAL_SURFACE('',#19407,0.5);
#19407 = AXIS2_PLACEMENT_3D('',#19408,#19409,#19410);
#19408 = CARTESIAN_POINT('',(7.5,-39.775,-4.6E-02));
#19409 = DIRECTION('',(-0.,-0.,-1.));
#19410 = DIRECTION('',(-0.,-1.,0.));
#19411 = ADVANCED_FACE('',(#19412),#19423,.F.);
#19412 = FACE_BOUND('',#19413,.T.);
#19413 = EDGE_LOOP('',(#19414,#19415,#19421,#19422));
#19414 = ORIENTED_EDGE('',*,*,#18200,.T.);
#19415 = ORIENTED_EDGE('',*,*,#19416,.T.);
#19416 = EDGE_CURVE('',#18201,#18757,#19417,.T.);
#19417 = LINE('',#19418,#19419);
#19418 = CARTESIAN_POINT('',(7.5,-37.735,-4.6E-02));
#19419 = VECTOR('',#19420,1.);
#19420 = DIRECTION('',(0.,0.,1.));
#19421 = ORIENTED_EDGE('',*,*,#18756,.F.);
#19422 = ORIENTED_EDGE('',*,*,#19416,.F.);
#19423 = CYLINDRICAL_SURFACE('',#19424,0.5);
#19424 = AXIS2_PLACEMENT_3D('',#19425,#19426,#19427);
#19425 = CARTESIAN_POINT('',(7.5,-37.235,-4.6E-02));
#19426 = DIRECTION('',(-0.,-0.,-1.));
#19427 = DIRECTION('',(-0.,-1.,0.));
#19428 = ADVANCED_FACE('',(#19429),#19440,.F.);
#19429 = FACE_BOUND('',#19430,.T.);
#19430 = EDGE_LOOP('',(#19431,#19432,#19438,#19439));
#19431 = ORIENTED_EDGE('',*,*,#18211,.T.);
#19432 = ORIENTED_EDGE('',*,*,#19433,.T.);
#19433 = EDGE_CURVE('',#18212,#18768,#19434,.T.);
#19434 = LINE('',#19435,#19436);
#19435 = CARTESIAN_POINT('',(7.5,-34.775,-4.6E-02));
#19436 = VECTOR('',#19437,1.);
#19437 = DIRECTION('',(0.,0.,1.));
#19438 = ORIENTED_EDGE('',*,*,#18767,.F.);
#19439 = ORIENTED_EDGE('',*,*,#19433,.F.);
#19440 = CYLINDRICAL_SURFACE('',#19441,0.5);
#19441 = AXIS2_PLACEMENT_3D('',#19442,#19443,#19444);
#19442 = CARTESIAN_POINT('',(7.5,-34.275,-4.6E-02));
#19443 = DIRECTION('',(-0.,-0.,-1.));
#19444 = DIRECTION('',(-0.,-1.,0.));
#19445 = ADVANCED_FACE('',(#19446),#19457,.F.);
#19446 = FACE_BOUND('',#19447,.T.);
#19447 = EDGE_LOOP('',(#19448,#19449,#19455,#19456));
#19448 = ORIENTED_EDGE('',*,*,#18222,.T.);
#19449 = ORIENTED_EDGE('',*,*,#19450,.T.);
#19450 = EDGE_CURVE('',#18223,#18779,#19451,.T.);
#19451 = LINE('',#19452,#19453);
#19452 = CARTESIAN_POINT('',(24.,-44.5,-4.6E-02));
#19453 = VECTOR('',#19454,1.);
#19454 = DIRECTION('',(0.,0.,1.));
#19455 = ORIENTED_EDGE('',*,*,#18778,.F.);
#19456 = ORIENTED_EDGE('',*,*,#19450,.F.);
#19457 = CYLINDRICAL_SURFACE('',#19458,0.5);
#19458 = AXIS2_PLACEMENT_3D('',#19459,#19460,#19461);
#19459 = CARTESIAN_POINT('',(24.,-44.,-4.6E-02));
#19460 = DIRECTION('',(-0.,-0.,-1.));
#19461 = DIRECTION('',(-0.,-1.,0.));
#19462 = ADVANCED_FACE('',(#19463),#19474,.F.);
#19463 = FACE_BOUND('',#19464,.T.);
#19464 = EDGE_LOOP('',(#19465,#19466,#19472,#19473));
#19465 = ORIENTED_EDGE('',*,*,#18233,.T.);
#19466 = ORIENTED_EDGE('',*,*,#19467,.T.);
#19467 = EDGE_CURVE('',#18234,#18790,#19468,.T.);
#19468 = LINE('',#19469,#19470);
#19469 = CARTESIAN_POINT('',(24.,-38.5,-4.6E-02));
#19470 = VECTOR('',#19471,1.);
#19471 = DIRECTION('',(0.,0.,1.));
#19472 = ORIENTED_EDGE('',*,*,#18789,.F.);
#19473 = ORIENTED_EDGE('',*,*,#19467,.F.);
#19474 = CYLINDRICAL_SURFACE('',#19475,0.5);
#19475 = AXIS2_PLACEMENT_3D('',#19476,#19477,#19478);
#19476 = CARTESIAN_POINT('',(24.,-38.,-4.6E-02));
#19477 = DIRECTION('',(-0.,-0.,-1.));
#19478 = DIRECTION('',(-0.,-1.,0.));
#19479 = ADVANCED_FACE('',(#19480),#19491,.F.);
#19480 = FACE_BOUND('',#19481,.T.);
#19481 = EDGE_LOOP('',(#19482,#19483,#19489,#19490));
#19482 = ORIENTED_EDGE('',*,*,#18244,.T.);
#19483 = ORIENTED_EDGE('',*,*,#19484,.T.);
#19484 = EDGE_CURVE('',#18245,#18801,#19485,.T.);
#19485 = LINE('',#19486,#19487);
#19486 = CARTESIAN_POINT('',(7.5,-32.235,-4.6E-02));
#19487 = VECTOR('',#19488,1.);
#19488 = DIRECTION('',(0.,0.,1.));
#19489 = ORIENTED_EDGE('',*,*,#18800,.F.);
#19490 = ORIENTED_EDGE('',*,*,#19484,.F.);
#19491 = CYLINDRICAL_SURFACE('',#19492,0.5);
#19492 = AXIS2_PLACEMENT_3D('',#19493,#19494,#19495);
#19493 = CARTESIAN_POINT('',(7.5,-31.735,-4.6E-02));
#19494 = DIRECTION('',(-0.,-0.,-1.));
#19495 = DIRECTION('',(-0.,-1.,0.));
#19496 = ADVANCED_FACE('',(#19497),#19508,.F.);
#19497 = FACE_BOUND('',#19498,.T.);
#19498 = EDGE_LOOP('',(#19499,#19500,#19506,#19507));
#19499 = ORIENTED_EDGE('',*,*,#18255,.T.);
#19500 = ORIENTED_EDGE('',*,*,#19501,.T.);
#19501 = EDGE_CURVE('',#18256,#18812,#19502,.T.);
#19502 = LINE('',#19503,#19504);
#19503 = CARTESIAN_POINT('',(6.,-25.05,-4.6E-02));
#19504 = VECTOR('',#19505,1.);
#19505 = DIRECTION('',(0.,0.,1.));
#19506 = ORIENTED_EDGE('',*,*,#18811,.F.);
#19507 = ORIENTED_EDGE('',*,*,#19501,.F.);
#19508 = CYLINDRICAL_SURFACE('',#19509,0.55);
#19509 = AXIS2_PLACEMENT_3D('',#19510,#19511,#19512);
#19510 = CARTESIAN_POINT('',(6.,-24.5,-4.6E-02));
#19511 = DIRECTION('',(-0.,-0.,-1.));
#19512 = DIRECTION('',(-0.,-1.,0.));
#19513 = ADVANCED_FACE('',(#19514),#19525,.F.);
#19514 = FACE_BOUND('',#19515,.T.);
#19515 = EDGE_LOOP('',(#19516,#19517,#19523,#19524));
#19516 = ORIENTED_EDGE('',*,*,#18266,.T.);
#19517 = ORIENTED_EDGE('',*,*,#19518,.T.);
#19518 = EDGE_CURVE('',#18267,#18823,#19519,.T.);
#19519 = LINE('',#19520,#19521);
#19520 = CARTESIAN_POINT('',(12.5,-25.05,-4.6E-02));
#19521 = VECTOR('',#19522,1.);
#19522 = DIRECTION('',(0.,0.,1.));
#19523 = ORIENTED_EDGE('',*,*,#18822,.F.);
#19524 = ORIENTED_EDGE('',*,*,#19518,.F.);
#19525 = CYLINDRICAL_SURFACE('',#19526,0.55);
#19526 = AXIS2_PLACEMENT_3D('',#19527,#19528,#19529);
#19527 = CARTESIAN_POINT('',(12.5,-24.5,-4.6E-02));
#19528 = DIRECTION('',(-0.,-0.,-1.));
#19529 = DIRECTION('',(-0.,-1.,0.));
#19530 = ADVANCED_FACE('',(#19531),#19542,.F.);
#19531 = FACE_BOUND('',#19532,.T.);
#19532 = EDGE_LOOP('',(#19533,#19534,#19540,#19541));
#19533 = ORIENTED_EDGE('',*,*,#18277,.T.);
#19534 = ORIENTED_EDGE('',*,*,#19535,.T.);
#19535 = EDGE_CURVE('',#18278,#18834,#19536,.T.);
#19536 = LINE('',#19537,#19538);
#19537 = CARTESIAN_POINT('',(6.,-20.55,-4.6E-02));
#19538 = VECTOR('',#19539,1.);
#19539 = DIRECTION('',(0.,0.,1.));
#19540 = ORIENTED_EDGE('',*,*,#18833,.F.);
#19541 = ORIENTED_EDGE('',*,*,#19535,.F.);
#19542 = CYLINDRICAL_SURFACE('',#19543,0.55);
#19543 = AXIS2_PLACEMENT_3D('',#19544,#19545,#19546);
#19544 = CARTESIAN_POINT('',(6.,-20.,-4.6E-02));
#19545 = DIRECTION('',(-0.,-0.,-1.));
#19546 = DIRECTION('',(-0.,-1.,0.));
#19547 = ADVANCED_FACE('',(#19548),#19559,.F.);
#19548 = FACE_BOUND('',#19549,.T.);
#19549 = EDGE_LOOP('',(#19550,#19551,#19557,#19558));
#19550 = ORIENTED_EDGE('',*,*,#18288,.T.);
#19551 = ORIENTED_EDGE('',*,*,#19552,.T.);
#19552 = EDGE_CURVE('',#18289,#18845,#19553,.T.);
#19553 = LINE('',#19554,#19555);
#19554 = CARTESIAN_POINT('',(12.5,-20.55,-4.6E-02));
#19555 = VECTOR('',#19556,1.);
#19556 = DIRECTION('',(0.,0.,1.));
#19557 = ORIENTED_EDGE('',*,*,#18844,.F.);
#19558 = ORIENTED_EDGE('',*,*,#19552,.F.);
#19559 = CYLINDRICAL_SURFACE('',#19560,0.55);
#19560 = AXIS2_PLACEMENT_3D('',#19561,#19562,#19563);
#19561 = CARTESIAN_POINT('',(12.5,-20.,-4.6E-02));
#19562 = DIRECTION('',(-0.,-0.,-1.));
#19563 = DIRECTION('',(-0.,-1.,0.));
#19564 = ADVANCED_FACE('',(#19565),#19576,.F.);
#19565 = FACE_BOUND('',#19566,.T.);
#19566 = EDGE_LOOP('',(#19567,#19568,#19574,#19575));
#19567 = ORIENTED_EDGE('',*,*,#18299,.T.);
#19568 = ORIENTED_EDGE('',*,*,#19569,.T.);
#19569 = EDGE_CURVE('',#18300,#18856,#19570,.T.);
#19570 = LINE('',#19571,#19572);
#19571 = CARTESIAN_POINT('',(16.11,-30.28,-4.6E-02));
#19572 = VECTOR('',#19573,1.);
#19573 = DIRECTION('',(0.,0.,1.));
#19574 = ORIENTED_EDGE('',*,*,#18855,.F.);
#19575 = ORIENTED_EDGE('',*,*,#19569,.F.);
#19576 = CYLINDRICAL_SURFACE('',#19577,0.5);
#19577 = AXIS2_PLACEMENT_3D('',#19578,#19579,#19580);
#19578 = CARTESIAN_POINT('',(16.11,-29.78,-4.6E-02));
#19579 = DIRECTION('',(-0.,-0.,-1.));
#19580 = DIRECTION('',(-0.,-1.,0.));
#19581 = ADVANCED_FACE('',(#19582),#19593,.F.);
#19582 = FACE_BOUND('',#19583,.T.);
#19583 = EDGE_LOOP('',(#19584,#19585,#19591,#19592));
#19584 = ORIENTED_EDGE('',*,*,#18310,.T.);
#19585 = ORIENTED_EDGE('',*,*,#19586,.T.);
#19586 = EDGE_CURVE('',#18311,#18867,#19587,.T.);
#19587 = LINE('',#19588,#19589);
#19588 = CARTESIAN_POINT('',(16.11,-27.74,-4.6E-02));
#19589 = VECTOR('',#19590,1.);
#19590 = DIRECTION('',(0.,0.,1.));
#19591 = ORIENTED_EDGE('',*,*,#18866,.F.);
#19592 = ORIENTED_EDGE('',*,*,#19586,.F.);
#19593 = CYLINDRICAL_SURFACE('',#19594,0.5);
#19594 = AXIS2_PLACEMENT_3D('',#19595,#19596,#19597);
#19595 = CARTESIAN_POINT('',(16.11,-27.24,-4.6E-02));
#19596 = DIRECTION('',(-0.,-0.,-1.));
#19597 = DIRECTION('',(-0.,-1.,0.));
#19598 = ADVANCED_FACE('',(#19599),#19610,.F.);
#19599 = FACE_BOUND('',#19600,.T.);
#19600 = EDGE_LOOP('',(#19601,#19602,#19608,#19609));
#19601 = ORIENTED_EDGE('',*,*,#18321,.T.);
#19602 = ORIENTED_EDGE('',*,*,#19603,.T.);
#19603 = EDGE_CURVE('',#18322,#18878,#19604,.T.);
#19604 = LINE('',#19605,#19606);
#19605 = CARTESIAN_POINT('',(16.11,-25.2,-4.6E-02));
#19606 = VECTOR('',#19607,1.);
#19607 = DIRECTION('',(0.,0.,1.));
#19608 = ORIENTED_EDGE('',*,*,#18877,.F.);
#19609 = ORIENTED_EDGE('',*,*,#19603,.F.);
#19610 = CYLINDRICAL_SURFACE('',#19611,0.5);
#19611 = AXIS2_PLACEMENT_3D('',#19612,#19613,#19614);
#19612 = CARTESIAN_POINT('',(16.11,-24.7,-4.6E-02));
#19613 = DIRECTION('',(-0.,-0.,-1.));
#19614 = DIRECTION('',(-0.,-1.,0.));
#19615 = ADVANCED_FACE('',(#19616),#19627,.F.);
#19616 = FACE_BOUND('',#19617,.T.);
#19617 = EDGE_LOOP('',(#19618,#19619,#19625,#19626));
#19618 = ORIENTED_EDGE('',*,*,#18332,.T.);
#19619 = ORIENTED_EDGE('',*,*,#19620,.T.);
#19620 = EDGE_CURVE('',#18333,#18889,#19621,.T.);
#19621 = LINE('',#19622,#19623);
#19622 = CARTESIAN_POINT('',(16.11,-22.66,-4.6E-02));
#19623 = VECTOR('',#19624,1.);
#19624 = DIRECTION('',(0.,0.,1.));
#19625 = ORIENTED_EDGE('',*,*,#18888,.F.);
#19626 = ORIENTED_EDGE('',*,*,#19620,.F.);
#19627 = CYLINDRICAL_SURFACE('',#19628,0.5);
#19628 = AXIS2_PLACEMENT_3D('',#19629,#19630,#19631);
#19629 = CARTESIAN_POINT('',(16.11,-22.16,-4.6E-02));
#19630 = DIRECTION('',(-0.,-0.,-1.));
#19631 = DIRECTION('',(-0.,-1.,0.));
#19632 = ADVANCED_FACE('',(#19633),#19644,.F.);
#19633 = FACE_BOUND('',#19634,.T.);
#19634 = EDGE_LOOP('',(#19635,#19636,#19642,#19643));
#19635 = ORIENTED_EDGE('',*,*,#18343,.T.);
#19636 = ORIENTED_EDGE('',*,*,#19637,.T.);
#19637 = EDGE_CURVE('',#18344,#18900,#19638,.T.);
#19638 = LINE('',#19639,#19640);
#19639 = CARTESIAN_POINT('',(16.11,-20.12,-4.6E-02));
#19640 = VECTOR('',#19641,1.);
#19641 = DIRECTION('',(0.,0.,1.));
#19642 = ORIENTED_EDGE('',*,*,#18899,.F.);
#19643 = ORIENTED_EDGE('',*,*,#19637,.F.);
#19644 = CYLINDRICAL_SURFACE('',#19645,0.5);
#19645 = AXIS2_PLACEMENT_3D('',#19646,#19647,#19648);
#19646 = CARTESIAN_POINT('',(16.11,-19.62,-4.6E-02));
#19647 = DIRECTION('',(-0.,-0.,-1.));
#19648 = DIRECTION('',(-0.,-1.,0.));
#19649 = ADVANCED_FACE('',(#19650),#19661,.F.);
#19650 = FACE_BOUND('',#19651,.T.);
#19651 = EDGE_LOOP('',(#19652,#19653,#19659,#19660));
#19652 = ORIENTED_EDGE('',*,*,#18354,.T.);
#19653 = ORIENTED_EDGE('',*,*,#19654,.T.);
#19654 = EDGE_CURVE('',#18355,#18911,#19655,.T.);
#19655 = LINE('',#19656,#19657);
#19656 = CARTESIAN_POINT('',(16.11,-17.58,-4.6E-02));
#19657 = VECTOR('',#19658,1.);
#19658 = DIRECTION('',(0.,0.,1.));
#19659 = ORIENTED_EDGE('',*,*,#18910,.F.);
#19660 = ORIENTED_EDGE('',*,*,#19654,.F.);
#19661 = CYLINDRICAL_SURFACE('',#19662,0.5);
#19662 = AXIS2_PLACEMENT_3D('',#19663,#19664,#19665);
#19663 = CARTESIAN_POINT('',(16.11,-17.08,-4.6E-02));
#19664 = DIRECTION('',(-0.,-0.,-1.));
#19665 = DIRECTION('',(-0.,-1.,0.));
#19666 = ADVANCED_FACE('',(#19667),#19678,.F.);
#19667 = FACE_BOUND('',#19668,.T.);
#19668 = EDGE_LOOP('',(#19669,#19670,#19676,#19677));
#19669 = ORIENTED_EDGE('',*,*,#18365,.T.);
#19670 = ORIENTED_EDGE('',*,*,#19671,.T.);
#19671 = EDGE_CURVE('',#18366,#18922,#19672,.T.);
#19672 = LINE('',#19673,#19674);
#19673 = CARTESIAN_POINT('',(16.11,-15.04,-4.6E-02));
#19674 = VECTOR('',#19675,1.);
#19675 = DIRECTION('',(0.,0.,1.));
#19676 = ORIENTED_EDGE('',*,*,#18921,.F.);
#19677 = ORIENTED_EDGE('',*,*,#19671,.F.);
#19678 = CYLINDRICAL_SURFACE('',#19679,0.5);
#19679 = AXIS2_PLACEMENT_3D('',#19680,#19681,#19682);
#19680 = CARTESIAN_POINT('',(16.11,-14.54,-4.6E-02));
#19681 = DIRECTION('',(-0.,-0.,-1.));
#19682 = DIRECTION('',(-0.,-1.,0.));
#19683 = ADVANCED_FACE('',(#19684),#19695,.F.);
#19684 = FACE_BOUND('',#19685,.T.);
#19685 = EDGE_LOOP('',(#19686,#19687,#19693,#19694));
#19686 = ORIENTED_EDGE('',*,*,#18376,.T.);
#19687 = ORIENTED_EDGE('',*,*,#19688,.T.);
#19688 = EDGE_CURVE('',#18377,#18933,#19689,.T.);
#19689 = LINE('',#19690,#19691);
#19690 = CARTESIAN_POINT('',(16.11,-12.5,-4.6E-02));
#19691 = VECTOR('',#19692,1.);
#19692 = DIRECTION('',(0.,0.,1.));
#19693 = ORIENTED_EDGE('',*,*,#18932,.F.);
#19694 = ORIENTED_EDGE('',*,*,#19688,.F.);
#19695 = CYLINDRICAL_SURFACE('',#19696,0.5);
#19696 = AXIS2_PLACEMENT_3D('',#19697,#19698,#19699);
#19697 = CARTESIAN_POINT('',(16.11,-12.,-4.6E-02));
#19698 = DIRECTION('',(-0.,-0.,-1.));
#19699 = DIRECTION('',(-0.,-1.,0.));
#19700 = ADVANCED_FACE('',(#19701),#19712,.F.);
#19701 = FACE_BOUND('',#19702,.T.);
#19702 = EDGE_LOOP('',(#19703,#19704,#19710,#19711));
#19703 = ORIENTED_EDGE('',*,*,#18387,.T.);
#19704 = ORIENTED_EDGE('',*,*,#19705,.T.);
#19705 = EDGE_CURVE('',#18388,#18944,#19706,.T.);
#19706 = LINE('',#19707,#19708);
#19707 = CARTESIAN_POINT('',(28.,-44.5,-4.6E-02));
#19708 = VECTOR('',#19709,1.);
#19709 = DIRECTION('',(0.,0.,1.));
#19710 = ORIENTED_EDGE('',*,*,#18943,.F.);
#19711 = ORIENTED_EDGE('',*,*,#19705,.F.);
#19712 = CYLINDRICAL_SURFACE('',#19713,0.5);
#19713 = AXIS2_PLACEMENT_3D('',#19714,#19715,#19716);
#19714 = CARTESIAN_POINT('',(28.,-44.,-4.6E-02));
#19715 = DIRECTION('',(-0.,-0.,-1.));
#19716 = DIRECTION('',(-0.,-1.,0.));
#19717 = ADVANCED_FACE('',(#19718),#19729,.F.);
#19718 = FACE_BOUND('',#19719,.T.);
#19719 = EDGE_LOOP('',(#19720,#19721,#19727,#19728));
#19720 = ORIENTED_EDGE('',*,*,#18398,.T.);
#19721 = ORIENTED_EDGE('',*,*,#19722,.T.);
#19722 = EDGE_CURVE('',#18399,#18955,#19723,.T.);
#19723 = LINE('',#19724,#19725);
#19724 = CARTESIAN_POINT('',(28.,-38.5,-4.6E-02));
#19725 = VECTOR('',#19726,1.);
#19726 = DIRECTION('',(0.,0.,1.));
#19727 = ORIENTED_EDGE('',*,*,#18954,.F.);
#19728 = ORIENTED_EDGE('',*,*,#19722,.F.);
#19729 = CYLINDRICAL_SURFACE('',#19730,0.5);
#19730 = AXIS2_PLACEMENT_3D('',#19731,#19732,#19733);
#19731 = CARTESIAN_POINT('',(28.,-38.,-4.6E-02));
#19732 = DIRECTION('',(-0.,-0.,-1.));
#19733 = DIRECTION('',(-0.,-1.,0.));
#19734 = ADVANCED_FACE('',(#19735),#19746,.F.);
#19735 = FACE_BOUND('',#19736,.T.);
#19736 = EDGE_LOOP('',(#19737,#19738,#19744,#19745));
#19737 = ORIENTED_EDGE('',*,*,#18409,.T.);
#19738 = ORIENTED_EDGE('',*,*,#19739,.T.);
#19739 = EDGE_CURVE('',#18410,#18966,#19740,.T.);
#19740 = LINE('',#19741,#19742);
#19741 = CARTESIAN_POINT('',(33.89,-30.28,-4.6E-02));
#19742 = VECTOR('',#19743,1.);
#19743 = DIRECTION('',(0.,0.,1.));
#19744 = ORIENTED_EDGE('',*,*,#18965,.F.);
#19745 = ORIENTED_EDGE('',*,*,#19739,.F.);
#19746 = CYLINDRICAL_SURFACE('',#19747,0.5);
#19747 = AXIS2_PLACEMENT_3D('',#19748,#19749,#19750);
#19748 = CARTESIAN_POINT('',(33.89,-29.78,-4.6E-02));
#19749 = DIRECTION('',(-0.,-0.,-1.));
#19750 = DIRECTION('',(-0.,-1.,0.));
#19751 = ADVANCED_FACE('',(#19752),#19763,.F.);
#19752 = FACE_BOUND('',#19753,.T.);
#19753 = EDGE_LOOP('',(#19754,#19755,#19761,#19762));
#19754 = ORIENTED_EDGE('',*,*,#18420,.T.);
#19755 = ORIENTED_EDGE('',*,*,#19756,.T.);
#19756 = EDGE_CURVE('',#18421,#18977,#19757,.T.);
#19757 = LINE('',#19758,#19759);
#19758 = CARTESIAN_POINT('',(33.89,-27.74,-4.6E-02));
#19759 = VECTOR('',#19760,1.);
#19760 = DIRECTION('',(0.,0.,1.));
#19761 = ORIENTED_EDGE('',*,*,#18976,.F.);
#19762 = ORIENTED_EDGE('',*,*,#19756,.F.);
#19763 = CYLINDRICAL_SURFACE('',#19764,0.5);
#19764 = AXIS2_PLACEMENT_3D('',#19765,#19766,#19767);
#19765 = CARTESIAN_POINT('',(33.89,-27.24,-4.6E-02));
#19766 = DIRECTION('',(-0.,-0.,-1.));
#19767 = DIRECTION('',(-0.,-1.,0.));
#19768 = ADVANCED_FACE('',(#19769),#19780,.F.);
#19769 = FACE_BOUND('',#19770,.T.);
#19770 = EDGE_LOOP('',(#19771,#19772,#19778,#19779));
#19771 = ORIENTED_EDGE('',*,*,#18431,.T.);
#19772 = ORIENTED_EDGE('',*,*,#19773,.T.);
#19773 = EDGE_CURVE('',#18432,#18988,#19774,.T.);
#19774 = LINE('',#19775,#19776);
#19775 = CARTESIAN_POINT('',(33.89,-25.2,-4.6E-02));
#19776 = VECTOR('',#19777,1.);
#19777 = DIRECTION('',(0.,0.,1.));
#19778 = ORIENTED_EDGE('',*,*,#18987,.F.);
#19779 = ORIENTED_EDGE('',*,*,#19773,.F.);
#19780 = CYLINDRICAL_SURFACE('',#19781,0.5);
#19781 = AXIS2_PLACEMENT_3D('',#19782,#19783,#19784);
#19782 = CARTESIAN_POINT('',(33.89,-24.7,-4.6E-02));
#19783 = DIRECTION('',(-0.,-0.,-1.));
#19784 = DIRECTION('',(-0.,-1.,0.));
#19785 = ADVANCED_FACE('',(#19786),#19797,.F.);
#19786 = FACE_BOUND('',#19787,.T.);
#19787 = EDGE_LOOP('',(#19788,#19789,#19795,#19796));
#19788 = ORIENTED_EDGE('',*,*,#18442,.T.);
#19789 = ORIENTED_EDGE('',*,*,#19790,.T.);
#19790 = EDGE_CURVE('',#18443,#18999,#19791,.T.);
#19791 = LINE('',#19792,#19793);
#19792 = CARTESIAN_POINT('',(33.89,-22.66,-4.6E-02));
#19793 = VECTOR('',#19794,1.);
#19794 = DIRECTION('',(0.,0.,1.));
#19795 = ORIENTED_EDGE('',*,*,#18998,.F.);
#19796 = ORIENTED_EDGE('',*,*,#19790,.F.);
#19797 = CYLINDRICAL_SURFACE('',#19798,0.5);
#19798 = AXIS2_PLACEMENT_3D('',#19799,#19800,#19801);
#19799 = CARTESIAN_POINT('',(33.89,-22.16,-4.6E-02));
#19800 = DIRECTION('',(-0.,-0.,-1.));
#19801 = DIRECTION('',(-0.,-1.,0.));
#19802 = ADVANCED_FACE('',(#19803),#19814,.F.);
#19803 = FACE_BOUND('',#19804,.T.);
#19804 = EDGE_LOOP('',(#19805,#19806,#19812,#19813));
#19805 = ORIENTED_EDGE('',*,*,#18453,.T.);
#19806 = ORIENTED_EDGE('',*,*,#19807,.T.);
#19807 = EDGE_CURVE('',#18454,#19010,#19808,.T.);
#19808 = LINE('',#19809,#19810);
#19809 = CARTESIAN_POINT('',(33.89,-20.12,-4.6E-02));
#19810 = VECTOR('',#19811,1.);
#19811 = DIRECTION('',(0.,0.,1.));
#19812 = ORIENTED_EDGE('',*,*,#19009,.F.);
#19813 = ORIENTED_EDGE('',*,*,#19807,.F.);
#19814 = CYLINDRICAL_SURFACE('',#19815,0.5);
#19815 = AXIS2_PLACEMENT_3D('',#19816,#19817,#19818);
#19816 = CARTESIAN_POINT('',(33.89,-19.62,-4.6E-02));
#19817 = DIRECTION('',(-0.,-0.,-1.));
#19818 = DIRECTION('',(-0.,-1.,0.));
#19819 = ADVANCED_FACE('',(#19820),#19831,.F.);
#19820 = FACE_BOUND('',#19821,.T.);
#19821 = EDGE_LOOP('',(#19822,#19823,#19829,#19830));
#19822 = ORIENTED_EDGE('',*,*,#18464,.T.);
#19823 = ORIENTED_EDGE('',*,*,#19824,.T.);
#19824 = EDGE_CURVE('',#18465,#19021,#19825,.T.);
#19825 = LINE('',#19826,#19827);
#19826 = CARTESIAN_POINT('',(33.89,-17.58,-4.6E-02));
#19827 = VECTOR('',#19828,1.);
#19828 = DIRECTION('',(0.,0.,1.));
#19829 = ORIENTED_EDGE('',*,*,#19020,.F.);
#19830 = ORIENTED_EDGE('',*,*,#19824,.F.);
#19831 = CYLINDRICAL_SURFACE('',#19832,0.5);
#19832 = AXIS2_PLACEMENT_3D('',#19833,#19834,#19835);
#19833 = CARTESIAN_POINT('',(33.89,-17.08,-4.6E-02));
#19834 = DIRECTION('',(-0.,-0.,-1.));
#19835 = DIRECTION('',(-0.,-1.,0.));
#19836 = ADVANCED_FACE('',(#19837),#19848,.F.);
#19837 = FACE_BOUND('',#19838,.T.);
#19838 = EDGE_LOOP('',(#19839,#19840,#19846,#19847));
#19839 = ORIENTED_EDGE('',*,*,#18475,.T.);
#19840 = ORIENTED_EDGE('',*,*,#19841,.T.);
#19841 = EDGE_CURVE('',#18476,#19032,#19842,.T.);
#19842 = LINE('',#19843,#19844);
#19843 = CARTESIAN_POINT('',(33.89,-15.04,-4.6E-02));
#19844 = VECTOR('',#19845,1.);
#19845 = DIRECTION('',(0.,0.,1.));
#19846 = ORIENTED_EDGE('',*,*,#19031,.F.);
#19847 = ORIENTED_EDGE('',*,*,#19841,.F.);
#19848 = CYLINDRICAL_SURFACE('',#19849,0.5);
#19849 = AXIS2_PLACEMENT_3D('',#19850,#19851,#19852);
#19850 = CARTESIAN_POINT('',(33.89,-14.54,-4.6E-02));
#19851 = DIRECTION('',(-0.,-0.,-1.));
#19852 = DIRECTION('',(-0.,-1.,0.));
#19853 = ADVANCED_FACE('',(#19854),#19865,.F.);
#19854 = FACE_BOUND('',#19855,.T.);
#19855 = EDGE_LOOP('',(#19856,#19857,#19863,#19864));
#19856 = ORIENTED_EDGE('',*,*,#18486,.T.);
#19857 = ORIENTED_EDGE('',*,*,#19858,.T.);
#19858 = EDGE_CURVE('',#18487,#19043,#19859,.T.);
#19859 = LINE('',#19860,#19861);
#19860 = CARTESIAN_POINT('',(33.89,-12.5,-4.6E-02));
#19861 = VECTOR('',#19862,1.);
#19862 = DIRECTION('',(0.,0.,1.));
#19863 = ORIENTED_EDGE('',*,*,#19042,.F.);
#19864 = ORIENTED_EDGE('',*,*,#19858,.F.);
#19865 = CYLINDRICAL_SURFACE('',#19866,0.5);
#19866 = AXIS2_PLACEMENT_3D('',#19867,#19868,#19869);
#19867 = CARTESIAN_POINT('',(33.89,-12.,-4.6E-02));
#19868 = DIRECTION('',(-0.,-0.,-1.));
#19869 = DIRECTION('',(-0.,-1.,0.));
#19870 = ADVANCED_FACE('',(#19871),#19882,.F.);
#19871 = FACE_BOUND('',#19872,.T.);
#19872 = EDGE_LOOP('',(#19873,#19874,#19880,#19881));
#19873 = ORIENTED_EDGE('',*,*,#18497,.T.);
#19874 = ORIENTED_EDGE('',*,*,#19875,.T.);
#19875 = EDGE_CURVE('',#18498,#19054,#19876,.T.);
#19876 = LINE('',#19877,#19878);
#19877 = CARTESIAN_POINT('',(40.,-22.66,-4.6E-02));
#19878 = VECTOR('',#19879,1.);
#19879 = DIRECTION('',(0.,0.,1.));
#19880 = ORIENTED_EDGE('',*,*,#19053,.F.);
#19881 = ORIENTED_EDGE('',*,*,#19875,.F.);
#19882 = CYLINDRICAL_SURFACE('',#19883,0.5);
#19883 = AXIS2_PLACEMENT_3D('',#19884,#19885,#19886);
#19884 = CARTESIAN_POINT('',(40.,-22.16,-4.6E-02));
#19885 = DIRECTION('',(-0.,-0.,-1.));
#19886 = DIRECTION('',(-0.,-1.,0.));
#19887 = ADVANCED_FACE('',(#19888),#19899,.F.);
#19888 = FACE_BOUND('',#19889,.T.);
#19889 = EDGE_LOOP('',(#19890,#19891,#19897,#19898));
#19890 = ORIENTED_EDGE('',*,*,#18508,.T.);
#19891 = ORIENTED_EDGE('',*,*,#19892,.T.);
#19892 = EDGE_CURVE('',#18509,#19065,#19893,.T.);
#19893 = LINE('',#19894,#19895);
#19894 = CARTESIAN_POINT('',(40.,-20.12,-4.6E-02));
#19895 = VECTOR('',#19896,1.);
#19896 = DIRECTION('',(0.,0.,1.));
#19897 = ORIENTED_EDGE('',*,*,#19064,.F.);
#19898 = ORIENTED_EDGE('',*,*,#19892,.F.);
#19899 = CYLINDRICAL_SURFACE('',#19900,0.5);
#19900 = AXIS2_PLACEMENT_3D('',#19901,#19902,#19903);
#19901 = CARTESIAN_POINT('',(40.,-19.62,-4.6E-02));
#19902 = DIRECTION('',(-0.,-0.,-1.));
#19903 = DIRECTION('',(-0.,-1.,0.));
#19904 = ADVANCED_FACE('',(#19905),#19916,.F.);
#19905 = FACE_BOUND('',#19906,.T.);
#19906 = EDGE_LOOP('',(#19907,#19908,#19914,#19915));
#19907 = ORIENTED_EDGE('',*,*,#18519,.T.);
#19908 = ORIENTED_EDGE('',*,*,#19909,.T.);
#19909 = EDGE_CURVE('',#18520,#19076,#19910,.T.);
#19910 = LINE('',#19911,#19912);
#19911 = CARTESIAN_POINT('',(40.,-17.58,-4.6E-02));
#19912 = VECTOR('',#19913,1.);
#19913 = DIRECTION('',(0.,0.,1.));
#19914 = ORIENTED_EDGE('',*,*,#19075,.F.);
#19915 = ORIENTED_EDGE('',*,*,#19909,.F.);
#19916 = CYLINDRICAL_SURFACE('',#19917,0.5);
#19917 = AXIS2_PLACEMENT_3D('',#19918,#19919,#19920);
#19918 = CARTESIAN_POINT('',(40.,-17.08,-4.6E-02));
#19919 = DIRECTION('',(-0.,-0.,-1.));
#19920 = DIRECTION('',(-0.,-1.,0.));
#19921 = ADVANCED_FACE('',(#19922),#19933,.F.);
#19922 = FACE_BOUND('',#19923,.T.);
#19923 = EDGE_LOOP('',(#19924,#19925,#19931,#19932));
#19924 = ORIENTED_EDGE('',*,*,#18530,.T.);
#19925 = ORIENTED_EDGE('',*,*,#19926,.T.);
#19926 = EDGE_CURVE('',#18531,#19087,#19927,.T.);
#19927 = LINE('',#19928,#19929);
#19928 = CARTESIAN_POINT('',(40.,-15.04,-4.6E-02));
#19929 = VECTOR('',#19930,1.);
#19930 = DIRECTION('',(0.,0.,1.));
#19931 = ORIENTED_EDGE('',*,*,#19086,.F.);
#19932 = ORIENTED_EDGE('',*,*,#19926,.F.);
#19933 = CYLINDRICAL_SURFACE('',#19934,0.5);
#19934 = AXIS2_PLACEMENT_3D('',#19935,#19936,#19937);
#19935 = CARTESIAN_POINT('',(40.,-14.54,-4.6E-02));
#19936 = DIRECTION('',(-0.,-0.,-1.));
#19937 = DIRECTION('',(-0.,-1.,0.));
#19938 = ADVANCED_FACE('',(#19939),#19950,.F.);
#19939 = FACE_BOUND('',#19940,.T.);
#19940 = EDGE_LOOP('',(#19941,#19942,#19948,#19949));
#19941 = ORIENTED_EDGE('',*,*,#18541,.T.);
#19942 = ORIENTED_EDGE('',*,*,#19943,.T.);
#19943 = EDGE_CURVE('',#18542,#19098,#19944,.T.);
#19944 = LINE('',#19945,#19946);
#19945 = CARTESIAN_POINT('',(40.,-12.5,-4.6E-02));
#19946 = VECTOR('',#19947,1.);
#19947 = DIRECTION('',(0.,0.,1.));
#19948 = ORIENTED_EDGE('',*,*,#19097,.F.);
#19949 = ORIENTED_EDGE('',*,*,#19943,.F.);
#19950 = CYLINDRICAL_SURFACE('',#19951,0.5);
#19951 = AXIS2_PLACEMENT_3D('',#19952,#19953,#19954);
#19952 = CARTESIAN_POINT('',(40.,-12.,-4.6E-02));
#19953 = DIRECTION('',(-0.,-0.,-1.));
#19954 = DIRECTION('',(-0.,-1.,0.));
#19955 = ( GEOMETRIC_REPRESENTATION_CONTEXT(3) 
GLOBAL_UNCERTAINTY_ASSIGNED_CONTEXT((#19959)) 
GLOBAL_UNIT_ASSIGNED_CONTEXT((#19956,#19957,#19958)) 
REPRESENTATION_CONTEXT('Context #1',
  '3D Context with UNIT and UNCERTAINTY') );
#19956 = ( LENGTH_UNIT() NAMED_UNIT(*) SI_UNIT(.MILLI.,.METRE.) );
#19957 = ( NAMED_UNIT(*) PLANE_ANGLE_UNIT() SI_UNIT($,.RADIAN.) );
#19958 = ( NAMED_UNIT(*) SI_UNIT($,.STERADIAN.) SOLID_ANGLE_UNIT() );
#19959 = UNCERTAINTY_MEASURE_WITH_UNIT(LENGTH_MEASURE(1.E-07),#19956,
  'distance_accuracy_value','confusion accuracy');
#19960 = CONTEXT_DEPENDENT_SHAPE_REPRESENTATION(#19961,#19963);
#19961 = ( REPRESENTATION_RELATIONSHIP('','',#17893,#10) 
REPRESENTATION_RELATIONSHIP_WITH_TRANSFORMATION(#19962) 
SHAPE_REPRESENTATION_RELATIONSHIP() );
#19962 = ITEM_DEFINED_TRANSFORMATION('','',#11,#59);
#19963 = PRODUCT_DEFINITION_SHAPE('Placement','Placement of an item',
  #19964);
#19964 = NEXT_ASSEMBLY_USAGE_OCCURRENCE('17','=>[0:1:1:13]','',#5,#17888
  ,$);
#19965 = PRODUCT_RELATED_PRODUCT_CATEGORY('part',$,(#17890));
#19966 = MECHANICAL_DESIGN_GEOMETRIC_PRESENTATION_REPRESENTATION('',(
    #19967,#19975,#19982,#19989,#19996,#20003,#20011,#20018,#20025,
    #20032,#20039,#20046,#20053,#20060,#20067,#20074,#20081),#2071);
#19967 = STYLED_ITEM('color',(#19968),#1686);
#19968 = PRESENTATION_STYLE_ASSIGNMENT((#19969));
#19969 = SURFACE_STYLE_USAGE(.BOTH.,#19970);
#19970 = SURFACE_SIDE_STYLE('',(#19971));
#19971 = SURFACE_STYLE_FILL_AREA(#19972);
#19972 = FILL_AREA_STYLE('',(#19973));
#19973 = FILL_AREA_STYLE_COLOUR('',#19974);
#19974 = COLOUR_RGB('',0.883000012551,0.711000022565,0.492000011028);
#19975 = STYLED_ITEM('color',(#19976),#1719);
#19976 = PRESENTATION_STYLE_ASSIGNMENT((#19977));
#19977 = SURFACE_STYLE_USAGE(.BOTH.,#19978);
#19978 = SURFACE_SIDE_STYLE('',(#19979));
#19979 = SURFACE_STYLE_FILL_AREA(#19980);
#19980 = FILL_AREA_STYLE('',(#19981));
#19981 = FILL_AREA_STYLE_COLOUR('',#19974);
#19982 = STYLED_ITEM('color',(#19983),#1745);
#19983 = PRESENTATION_STYLE_ASSIGNMENT((#19984));
#19984 = SURFACE_STYLE_USAGE(.BOTH.,#19985);
#19985 = SURFACE_SIDE_STYLE('',(#19986));
#19986 = SURFACE_STYLE_FILL_AREA(#19987);
#19987 = FILL_AREA_STYLE('',(#19988));
#19988 = FILL_AREA_STYLE_COLOUR('',#19974);
#19989 = STYLED_ITEM('color',(#19990),#1765);
#19990 = PRESENTATION_STYLE_ASSIGNMENT((#19991));
#19991 = SURFACE_STYLE_USAGE(.BOTH.,#19992);
#19992 = SURFACE_SIDE_STYLE('',(#19993));
#19993 = SURFACE_STYLE_FILL_AREA(#19994);
#19994 = FILL_AREA_STYLE('',(#19995));
#19995 = FILL_AREA_STYLE_COLOUR('',#19974);
#19996 = STYLED_ITEM('color',(#19997),#1785);
#19997 = PRESENTATION_STYLE_ASSIGNMENT((#19998));
#19998 = SURFACE_STYLE_USAGE(.BOTH.,#19999);
#19999 = SURFACE_SIDE_STYLE('',(#20000));
#20000 = SURFACE_STYLE_FILL_AREA(#20001);
#20001 = FILL_AREA_STYLE('',(#20002));
#20002 = FILL_AREA_STYLE_COLOUR('',#19974);
#20003 = STYLED_ITEM('color',(#20004),#1810);
#20004 = PRESENTATION_STYLE_ASSIGNMENT((#20005));
#20005 = SURFACE_STYLE_USAGE(.BOTH.,#20006);
#20006 = SURFACE_SIDE_STYLE('',(#20007));
#20007 = SURFACE_STYLE_FILL_AREA(#20008);
#20008 = FILL_AREA_STYLE('',(#20009));
#20009 = FILL_AREA_STYLE_COLOUR('',#20010);
#20010 = COLOUR_RGB('',0.823999987314,0.819999987296,0.781000009244);
#20011 = STYLED_ITEM('color',(#20012),#1835);
#20012 = PRESENTATION_STYLE_ASSIGNMENT((#20013));
#20013 = SURFACE_STYLE_USAGE(.BOTH.,#20014);
#20014 = SURFACE_SIDE_STYLE('',(#20015));
#20015 = SURFACE_STYLE_FILL_AREA(#20016);
#20016 = FILL_AREA_STYLE('',(#20017));
#20017 = FILL_AREA_STYLE_COLOUR('',#19974);
#20018 = STYLED_ITEM('color',(#20019),#1855);
#20019 = PRESENTATION_STYLE_ASSIGNMENT((#20020));
#20020 = SURFACE_STYLE_USAGE(.BOTH.,#20021);
#20021 = SURFACE_SIDE_STYLE('',(#20022));
#20022 = SURFACE_STYLE_FILL_AREA(#20023);
#20023 = FILL_AREA_STYLE('',(#20024));
#20024 = FILL_AREA_STYLE_COLOUR('',#20010);
#20025 = STYLED_ITEM('color',(#20026),#1864);
#20026 = PRESENTATION_STYLE_ASSIGNMENT((#20027));
#20027 = SURFACE_STYLE_USAGE(.BOTH.,#20028);
#20028 = SURFACE_SIDE_STYLE('',(#20029));
#20029 = SURFACE_STYLE_FILL_AREA(#20030);
#20030 = FILL_AREA_STYLE('',(#20031));
#20031 = FILL_AREA_STYLE_COLOUR('',#19974);
#20032 = STYLED_ITEM('color',(#20033),#1889);
#20033 = PRESENTATION_STYLE_ASSIGNMENT((#20034));
#20034 = SURFACE_STYLE_USAGE(.BOTH.,#20035);
#20035 = SURFACE_SIDE_STYLE('',(#20036));
#20036 = SURFACE_STYLE_FILL_AREA(#20037);
#20037 = FILL_AREA_STYLE('',(#20038));
#20038 = FILL_AREA_STYLE_COLOUR('',#19974);
#20039 = STYLED_ITEM('color',(#20040),#1915);
#20040 = PRESENTATION_STYLE_ASSIGNMENT((#20041));
#20041 = SURFACE_STYLE_USAGE(.BOTH.,#20042);
#20042 = SURFACE_SIDE_STYLE('',(#20043));
#20043 = SURFACE_STYLE_FILL_AREA(#20044);
#20044 = FILL_AREA_STYLE('',(#20045));
#20045 = FILL_AREA_STYLE_COLOUR('',#19974);
#20046 = STYLED_ITEM('color',(#20047),#1935);
#20047 = PRESENTATION_STYLE_ASSIGNMENT((#20048));
#20048 = SURFACE_STYLE_USAGE(.BOTH.,#20049);
#20049 = SURFACE_SIDE_STYLE('',(#20050));
#20050 = SURFACE_STYLE_FILL_AREA(#20051);
#20051 = FILL_AREA_STYLE('',(#20052));
#20052 = FILL_AREA_STYLE_COLOUR('',#20010);
#20053 = STYLED_ITEM('color',(#20054),#1960);
#20054 = PRESENTATION_STYLE_ASSIGNMENT((#20055));
#20055 = SURFACE_STYLE_USAGE(.BOTH.,#20056);
#20056 = SURFACE_SIDE_STYLE('',(#20057));
#20057 = SURFACE_STYLE_FILL_AREA(#20058);
#20058 = FILL_AREA_STYLE('',(#20059));
#20059 = FILL_AREA_STYLE_COLOUR('',#20010);
#20060 = STYLED_ITEM('color',(#20061),#1986);
#20061 = PRESENTATION_STYLE_ASSIGNMENT((#20062));
#20062 = SURFACE_STYLE_USAGE(.BOTH.,#20063);
#20063 = SURFACE_SIDE_STYLE('',(#20064));
#20064 = SURFACE_STYLE_FILL_AREA(#20065);
#20065 = FILL_AREA_STYLE('',(#20066));
#20066 = FILL_AREA_STYLE_COLOUR('',#20010);
#20067 = STYLED_ITEM('color',(#20068),#2011);
#20068 = PRESENTATION_STYLE_ASSIGNMENT((#20069));
#20069 = SURFACE_STYLE_USAGE(.BOTH.,#20070);
#20070 = SURFACE_SIDE_STYLE('',(#20071));
#20071 = SURFACE_STYLE_FILL_AREA(#20072);
#20072 = FILL_AREA_STYLE('',(#20073));
#20073 = FILL_AREA_STYLE_COLOUR('',#20010);
#20074 = STYLED_ITEM('color',(#20075),#2037);
#20075 = PRESENTATION_STYLE_ASSIGNMENT((#20076));
#20076 = SURFACE_STYLE_USAGE(.BOTH.,#20077);
#20077 = SURFACE_SIDE_STYLE('',(#20078));
#20078 = SURFACE_STYLE_FILL_AREA(#20079);
#20079 = FILL_AREA_STYLE('',(#20080));
#20080 = FILL_AREA_STYLE_COLOUR('',#20010);
#20081 = STYLED_ITEM('color',(#20082),#2062);
#20082 = PRESENTATION_STYLE_ASSIGNMENT((#20083));
#20083 = SURFACE_STYLE_USAGE(.BOTH.,#20084);
#20084 = SURFACE_SIDE_STYLE('',(#20085));
#20085 = SURFACE_STYLE_FILL_AREA(#20086);
#20086 = FILL_AREA_STYLE('',(#20087));
#20087 = FILL_AREA_STYLE_COLOUR('',#20010);
#20088 = MECHANICAL_DESIGN_GEOMETRIC_PRESENTATION_REPRESENTATION('',(
    #20089,#20097,#20104,#20111,#20118,#20125,#20132,#20139,#20146,
    #20153,#20160,#20167,#20174,#20181,#20188,#20195,#20202,#20209,
    #20216),#7395);
#20089 = STYLED_ITEM('color',(#20090),#6885);
#20090 = PRESENTATION_STYLE_ASSIGNMENT((#20091));
#20091 = SURFACE_STYLE_USAGE(.BOTH.,#20092);
#20092 = SURFACE_SIDE_STYLE('',(#20093));
#20093 = SURFACE_STYLE_FILL_AREA(#20094);
#20094 = FILL_AREA_STYLE('',(#20095));
#20095 = FILL_AREA_STYLE_COLOUR('',#20096);
#20096 = COLOUR_RGB('',0.147999998088,0.144999993226,0.144999993226);
#20097 = STYLED_ITEM('color',(#20098),#6925);
#20098 = PRESENTATION_STYLE_ASSIGNMENT((#20099));
#20099 = SURFACE_STYLE_USAGE(.BOTH.,#20100);
#20100 = SURFACE_SIDE_STYLE('',(#20101));
#20101 = SURFACE_STYLE_FILL_AREA(#20102);
#20102 = FILL_AREA_STYLE('',(#20103));
#20103 = FILL_AREA_STYLE_COLOUR('',#20096);
#20104 = STYLED_ITEM('color',(#20105),#6949);
#20105 = PRESENTATION_STYLE_ASSIGNMENT((#20106));
#20106 = SURFACE_STYLE_USAGE(.BOTH.,#20107);
#20107 = SURFACE_SIDE_STYLE('',(#20108));
#20108 = SURFACE_STYLE_FILL_AREA(#20109);
#20109 = FILL_AREA_STYLE('',(#20110));
#20110 = FILL_AREA_STYLE_COLOUR('',#20096);
#20111 = STYLED_ITEM('color',(#20112),#7061);
#20112 = PRESENTATION_STYLE_ASSIGNMENT((#20113));
#20113 = SURFACE_STYLE_USAGE(.BOTH.,#20114);
#20114 = SURFACE_SIDE_STYLE('',(#20115));
#20115 = SURFACE_STYLE_FILL_AREA(#20116);
#20116 = FILL_AREA_STYLE('',(#20117));
#20117 = FILL_AREA_STYLE_COLOUR('',#20096);
#20118 = STYLED_ITEM('color',(#20119),#7071);
#20119 = PRESENTATION_STYLE_ASSIGNMENT((#20120));
#20120 = SURFACE_STYLE_USAGE(.BOTH.,#20121);
#20121 = SURFACE_SIDE_STYLE('',(#20122));
#20122 = SURFACE_STYLE_FILL_AREA(#20123);
#20123 = FILL_AREA_STYLE('',(#20124));
#20124 = FILL_AREA_STYLE_COLOUR('',#20010);
#20125 = STYLED_ITEM('color',(#20126),#7102);
#20126 = PRESENTATION_STYLE_ASSIGNMENT((#20127));
#20127 = SURFACE_STYLE_USAGE(.BOTH.,#20128);
#20128 = SURFACE_SIDE_STYLE('',(#20129));
#20129 = SURFACE_STYLE_FILL_AREA(#20130);
#20130 = FILL_AREA_STYLE('',(#20131));
#20131 = FILL_AREA_STYLE_COLOUR('',#20010);
#20132 = STYLED_ITEM('color',(#20133),#7126);
#20133 = PRESENTATION_STYLE_ASSIGNMENT((#20134));
#20134 = SURFACE_STYLE_USAGE(.BOTH.,#20135);
#20135 = SURFACE_SIDE_STYLE('',(#20136));
#20136 = SURFACE_STYLE_FILL_AREA(#20137);
#20137 = FILL_AREA_STYLE('',(#20138));
#20138 = FILL_AREA_STYLE_COLOUR('',#20010);
#20139 = STYLED_ITEM('color',(#20140),#7150);
#20140 = PRESENTATION_STYLE_ASSIGNMENT((#20141));
#20141 = SURFACE_STYLE_USAGE(.BOTH.,#20142);
#20142 = SURFACE_SIDE_STYLE('',(#20143));
#20143 = SURFACE_STYLE_FILL_AREA(#20144);
#20144 = FILL_AREA_STYLE('',(#20145));
#20145 = FILL_AREA_STYLE_COLOUR('',#20010);
#20146 = STYLED_ITEM('color',(#20147),#7167);
#20147 = PRESENTATION_STYLE_ASSIGNMENT((#20148));
#20148 = SURFACE_STYLE_USAGE(.BOTH.,#20149);
#20149 = SURFACE_SIDE_STYLE('',(#20150));
#20150 = SURFACE_STYLE_FILL_AREA(#20151);
#20151 = FILL_AREA_STYLE('',(#20152));
#20152 = FILL_AREA_STYLE_COLOUR('',#20010);
#20153 = STYLED_ITEM('color',(#20154),#7198);
#20154 = PRESENTATION_STYLE_ASSIGNMENT((#20155));
#20155 = SURFACE_STYLE_USAGE(.BOTH.,#20156);
#20156 = SURFACE_SIDE_STYLE('',(#20157));
#20157 = SURFACE_STYLE_FILL_AREA(#20158);
#20158 = FILL_AREA_STYLE('',(#20159));
#20159 = FILL_AREA_STYLE_COLOUR('',#20010);
#20160 = STYLED_ITEM('color',(#20161),#7222);
#20161 = PRESENTATION_STYLE_ASSIGNMENT((#20162));
#20162 = SURFACE_STYLE_USAGE(.BOTH.,#20163);
#20163 = SURFACE_SIDE_STYLE('',(#20164));
#20164 = SURFACE_STYLE_FILL_AREA(#20165);
#20165 = FILL_AREA_STYLE('',(#20166));
#20166 = FILL_AREA_STYLE_COLOUR('',#20010);
#20167 = STYLED_ITEM('color',(#20168),#7246);
#20168 = PRESENTATION_STYLE_ASSIGNMENT((#20169));
#20169 = SURFACE_STYLE_USAGE(.BOTH.,#20170);
#20170 = SURFACE_SIDE_STYLE('',(#20171));
#20171 = SURFACE_STYLE_FILL_AREA(#20172);
#20172 = FILL_AREA_STYLE('',(#20173));
#20173 = FILL_AREA_STYLE_COLOUR('',#20010);
#20174 = STYLED_ITEM('color',(#20175),#7263);
#20175 = PRESENTATION_STYLE_ASSIGNMENT((#20176));
#20176 = SURFACE_STYLE_USAGE(.BOTH.,#20177);
#20177 = SURFACE_SIDE_STYLE('',(#20178));
#20178 = SURFACE_STYLE_FILL_AREA(#20179);
#20179 = FILL_AREA_STYLE('',(#20180));
#20180 = FILL_AREA_STYLE_COLOUR('',#20010);
#20181 = STYLED_ITEM('color',(#20182),#7294);
#20182 = PRESENTATION_STYLE_ASSIGNMENT((#20183));
#20183 = SURFACE_STYLE_USAGE(.BOTH.,#20184);
#20184 = SURFACE_SIDE_STYLE('',(#20185));
#20185 = SURFACE_STYLE_FILL_AREA(#20186);
#20186 = FILL_AREA_STYLE('',(#20187));
#20187 = FILL_AREA_STYLE_COLOUR('',#20010);
#20188 = STYLED_ITEM('color',(#20189),#7318);
#20189 = PRESENTATION_STYLE_ASSIGNMENT((#20190));
#20190 = SURFACE_STYLE_USAGE(.BOTH.,#20191);
#20191 = SURFACE_SIDE_STYLE('',(#20192));
#20192 = SURFACE_STYLE_FILL_AREA(#20193);
#20193 = FILL_AREA_STYLE('',(#20194));
#20194 = FILL_AREA_STYLE_COLOUR('',#20010);
#20195 = STYLED_ITEM('color',(#20196),#7342);
#20196 = PRESENTATION_STYLE_ASSIGNMENT((#20197));
#20197 = SURFACE_STYLE_USAGE(.BOTH.,#20198);
#20198 = SURFACE_SIDE_STYLE('',(#20199));
#20199 = SURFACE_STYLE_FILL_AREA(#20200);
#20200 = FILL_AREA_STYLE('',(#20201));
#20201 = FILL_AREA_STYLE_COLOUR('',#20010);
#20202 = STYLED_ITEM('color',(#20203),#7359);
#20203 = PRESENTATION_STYLE_ASSIGNMENT((#20204));
#20204 = SURFACE_STYLE_USAGE(.BOTH.,#20205);
#20205 = SURFACE_SIDE_STYLE('',(#20206));
#20206 = SURFACE_STYLE_FILL_AREA(#20207);
#20207 = FILL_AREA_STYLE('',(#20208));
#20208 = FILL_AREA_STYLE_COLOUR('',#20010);
#20209 = STYLED_ITEM('color',(#20210),#7371);
#20210 = PRESENTATION_STYLE_ASSIGNMENT((#20211));
#20211 = SURFACE_STYLE_USAGE(.BOTH.,#20212);
#20212 = SURFACE_SIDE_STYLE('',(#20213));
#20213 = SURFACE_STYLE_FILL_AREA(#20214);
#20214 = FILL_AREA_STYLE('',(#20215));
#20215 = FILL_AREA_STYLE_COLOUR('',#20010);
#20216 = STYLED_ITEM('color',(#20217),#7383);
#20217 = PRESENTATION_STYLE_ASSIGNMENT((#20218));
#20218 = SURFACE_STYLE_USAGE(.BOTH.,#20219);
#20219 = SURFACE_SIDE_STYLE('',(#20220));
#20220 = SURFACE_STYLE_FILL_AREA(#20221);
#20221 = FILL_AREA_STYLE('',(#20222));
#20222 = FILL_AREA_STYLE_COLOUR('',#20010);
#20223 = MECHANICAL_DESIGN_GEOMETRIC_PRESENTATION_REPRESENTATION('',(
    #20224,#20231,#20238,#20245,#20252,#20259,#20266,#20273,#20280,
    #20287,#20294,#20301,#20308,#20315,#20322,#20329,#20336,#20344,
    #20351,#20358,#20365,#20372,#20379,#20386,#20393,#20400,#20407,
    #20414,#20421,#20428,#20435,#20442,#20449,#20456,#20463,#20470,
    #20477,#20484,#20491,#20498,#20505,#20512,#20519,#20526,#20533,
    #20540,#20547,#20554,#20561,#20568,#20575,#20582),#3545);
#20224 = STYLED_ITEM('color',(#20225),#2115);
#20225 = PRESENTATION_STYLE_ASSIGNMENT((#20226));
#20226 = SURFACE_STYLE_USAGE(.BOTH.,#20227);
#20227 = SURFACE_SIDE_STYLE('',(#20228));
#20228 = SURFACE_STYLE_FILL_AREA(#20229);
#20229 = FILL_AREA_STYLE('',(#20230));
#20230 = FILL_AREA_STYLE_COLOUR('',#20096);
#20231 = STYLED_ITEM('color',(#20232),#2155);
#20232 = PRESENTATION_STYLE_ASSIGNMENT((#20233));
#20233 = SURFACE_STYLE_USAGE(.BOTH.,#20234);
#20234 = SURFACE_SIDE_STYLE('',(#20235));
#20235 = SURFACE_STYLE_FILL_AREA(#20236);
#20236 = FILL_AREA_STYLE('',(#20237));
#20237 = FILL_AREA_STYLE_COLOUR('',#20096);
#20238 = STYLED_ITEM('color',(#20239),#2186);
#20239 = PRESENTATION_STYLE_ASSIGNMENT((#20240));
#20240 = SURFACE_STYLE_USAGE(.BOTH.,#20241);
#20241 = SURFACE_SIDE_STYLE('',(#20242));
#20242 = SURFACE_STYLE_FILL_AREA(#20243);
#20243 = FILL_AREA_STYLE('',(#20244));
#20244 = FILL_AREA_STYLE_COLOUR('',#20096);
#20245 = STYLED_ITEM('color',(#20246),#2217);
#20246 = PRESENTATION_STYLE_ASSIGNMENT((#20247));
#20247 = SURFACE_STYLE_USAGE(.BOTH.,#20248);
#20248 = SURFACE_SIDE_STYLE('',(#20249));
#20249 = SURFACE_STYLE_FILL_AREA(#20250);
#20250 = FILL_AREA_STYLE('',(#20251));
#20251 = FILL_AREA_STYLE_COLOUR('',#20096);
#20252 = STYLED_ITEM('color',(#20253),#2382);
#20253 = PRESENTATION_STYLE_ASSIGNMENT((#20254));
#20254 = SURFACE_STYLE_USAGE(.BOTH.,#20255);
#20255 = SURFACE_SIDE_STYLE('',(#20256));
#20256 = SURFACE_STYLE_FILL_AREA(#20257);
#20257 = FILL_AREA_STYLE('',(#20258));
#20258 = FILL_AREA_STYLE_COLOUR('',#20096);
#20259 = STYLED_ITEM('color',(#20260),#2547);
#20260 = PRESENTATION_STYLE_ASSIGNMENT((#20261));
#20261 = SURFACE_STYLE_USAGE(.BOTH.,#20262);
#20262 = SURFACE_SIDE_STYLE('',(#20263));
#20263 = SURFACE_STYLE_FILL_AREA(#20264);
#20264 = FILL_AREA_STYLE('',(#20265));
#20265 = FILL_AREA_STYLE_COLOUR('',#20096);
#20266 = STYLED_ITEM('color',(#20267),#2564);
#20267 = PRESENTATION_STYLE_ASSIGNMENT((#20268));
#20268 = SURFACE_STYLE_USAGE(.BOTH.,#20269);
#20269 = SURFACE_SIDE_STYLE('',(#20270));
#20270 = SURFACE_STYLE_FILL_AREA(#20271);
#20271 = FILL_AREA_STYLE('',(#20272));
#20272 = FILL_AREA_STYLE_COLOUR('',#20096);
#20273 = STYLED_ITEM('color',(#20274),#2581);
#20274 = PRESENTATION_STYLE_ASSIGNMENT((#20275));
#20275 = SURFACE_STYLE_USAGE(.BOTH.,#20276);
#20276 = SURFACE_SIDE_STYLE('',(#20277));
#20277 = SURFACE_STYLE_FILL_AREA(#20278);
#20278 = FILL_AREA_STYLE('',(#20279));
#20279 = FILL_AREA_STYLE_COLOUR('',#20096);
#20280 = STYLED_ITEM('color',(#20281),#2598);
#20281 = PRESENTATION_STYLE_ASSIGNMENT((#20282));
#20282 = SURFACE_STYLE_USAGE(.BOTH.,#20283);
#20283 = SURFACE_SIDE_STYLE('',(#20284));
#20284 = SURFACE_STYLE_FILL_AREA(#20285);
#20285 = FILL_AREA_STYLE('',(#20286));
#20286 = FILL_AREA_STYLE_COLOUR('',#20096);
#20287 = STYLED_ITEM('color',(#20288),#2615);
#20288 = PRESENTATION_STYLE_ASSIGNMENT((#20289));
#20289 = SURFACE_STYLE_USAGE(.BOTH.,#20290);
#20290 = SURFACE_SIDE_STYLE('',(#20291));
#20291 = SURFACE_STYLE_FILL_AREA(#20292);
#20292 = FILL_AREA_STYLE('',(#20293));
#20293 = FILL_AREA_STYLE_COLOUR('',#20096);
#20294 = STYLED_ITEM('color',(#20295),#2632);
#20295 = PRESENTATION_STYLE_ASSIGNMENT((#20296));
#20296 = SURFACE_STYLE_USAGE(.BOTH.,#20297);
#20297 = SURFACE_SIDE_STYLE('',(#20298));
#20298 = SURFACE_STYLE_FILL_AREA(#20299);
#20299 = FILL_AREA_STYLE('',(#20300));
#20300 = FILL_AREA_STYLE_COLOUR('',#20096);
#20301 = STYLED_ITEM('color',(#20302),#2649);
#20302 = PRESENTATION_STYLE_ASSIGNMENT((#20303));
#20303 = SURFACE_STYLE_USAGE(.BOTH.,#20304);
#20304 = SURFACE_SIDE_STYLE('',(#20305));
#20305 = SURFACE_STYLE_FILL_AREA(#20306);
#20306 = FILL_AREA_STYLE('',(#20307));
#20307 = FILL_AREA_STYLE_COLOUR('',#20096);
#20308 = STYLED_ITEM('color',(#20309),#2666);
#20309 = PRESENTATION_STYLE_ASSIGNMENT((#20310));
#20310 = SURFACE_STYLE_USAGE(.BOTH.,#20311);
#20311 = SURFACE_SIDE_STYLE('',(#20312));
#20312 = SURFACE_STYLE_FILL_AREA(#20313);
#20313 = FILL_AREA_STYLE('',(#20314));
#20314 = FILL_AREA_STYLE_COLOUR('',#20096);
#20315 = STYLED_ITEM('color',(#20316),#2683);
#20316 = PRESENTATION_STYLE_ASSIGNMENT((#20317));
#20317 = SURFACE_STYLE_USAGE(.BOTH.,#20318);
#20318 = SURFACE_SIDE_STYLE('',(#20319));
#20319 = SURFACE_STYLE_FILL_AREA(#20320);
#20320 = FILL_AREA_STYLE('',(#20321));
#20321 = FILL_AREA_STYLE_COLOUR('',#20096);
#20322 = STYLED_ITEM('color',(#20323),#2700);
#20323 = PRESENTATION_STYLE_ASSIGNMENT((#20324));
#20324 = SURFACE_STYLE_USAGE(.BOTH.,#20325);
#20325 = SURFACE_SIDE_STYLE('',(#20326));
#20326 = SURFACE_STYLE_FILL_AREA(#20327);
#20327 = FILL_AREA_STYLE('',(#20328));
#20328 = FILL_AREA_STYLE_COLOUR('',#20096);
#20329 = STYLED_ITEM('color',(#20330),#2717);
#20330 = PRESENTATION_STYLE_ASSIGNMENT((#20331));
#20331 = SURFACE_STYLE_USAGE(.BOTH.,#20332);
#20332 = SURFACE_SIDE_STYLE('',(#20333));
#20333 = SURFACE_STYLE_FILL_AREA(#20334);
#20334 = FILL_AREA_STYLE('',(#20335));
#20335 = FILL_AREA_STYLE_COLOUR('',#20096);
#20336 = STYLED_ITEM('color',(#20337),#2729);
#20337 = PRESENTATION_STYLE_ASSIGNMENT((#20338));
#20338 = SURFACE_STYLE_USAGE(.BOTH.,#20339);
#20339 = SURFACE_SIDE_STYLE('',(#20340));
#20340 = SURFACE_STYLE_FILL_AREA(#20341);
#20341 = FILL_AREA_STYLE('',(#20342));
#20342 = FILL_AREA_STYLE_COLOUR('',#20343);
#20343 = COLOUR_RGB('',0.859000020776,0.737999965183,0.495999988746);
#20344 = STYLED_ITEM('color',(#20345),#2760);
#20345 = PRESENTATION_STYLE_ASSIGNMENT((#20346));
#20346 = SURFACE_STYLE_USAGE(.BOTH.,#20347);
#20347 = SURFACE_SIDE_STYLE('',(#20348));
#20348 = SURFACE_STYLE_FILL_AREA(#20349);
#20349 = FILL_AREA_STYLE('',(#20350));
#20350 = FILL_AREA_STYLE_COLOUR('',#20343);
#20351 = STYLED_ITEM('color',(#20352),#2784);
#20352 = PRESENTATION_STYLE_ASSIGNMENT((#20353));
#20353 = SURFACE_STYLE_USAGE(.BOTH.,#20354);
#20354 = SURFACE_SIDE_STYLE('',(#20355));
#20355 = SURFACE_STYLE_FILL_AREA(#20356);
#20356 = FILL_AREA_STYLE('',(#20357));
#20357 = FILL_AREA_STYLE_COLOUR('',#20343);
#20358 = STYLED_ITEM('color',(#20359),#2808);
#20359 = PRESENTATION_STYLE_ASSIGNMENT((#20360));
#20360 = SURFACE_STYLE_USAGE(.BOTH.,#20361);
#20361 = SURFACE_SIDE_STYLE('',(#20362));
#20362 = SURFACE_STYLE_FILL_AREA(#20363);
#20363 = FILL_AREA_STYLE('',(#20364));
#20364 = FILL_AREA_STYLE_COLOUR('',#20343);
#20365 = STYLED_ITEM('color',(#20366),#2825);
#20366 = PRESENTATION_STYLE_ASSIGNMENT((#20367));
#20367 = SURFACE_STYLE_USAGE(.BOTH.,#20368);
#20368 = SURFACE_SIDE_STYLE('',(#20369));
#20369 = SURFACE_STYLE_FILL_AREA(#20370);
#20370 = FILL_AREA_STYLE('',(#20371));
#20371 = FILL_AREA_STYLE_COLOUR('',#20343);
#20372 = STYLED_ITEM('color',(#20373),#2856);
#20373 = PRESENTATION_STYLE_ASSIGNMENT((#20374));
#20374 = SURFACE_STYLE_USAGE(.BOTH.,#20375);
#20375 = SURFACE_SIDE_STYLE('',(#20376));
#20376 = SURFACE_STYLE_FILL_AREA(#20377);
#20377 = FILL_AREA_STYLE('',(#20378));
#20378 = FILL_AREA_STYLE_COLOUR('',#20343);
#20379 = STYLED_ITEM('color',(#20380),#2880);
#20380 = PRESENTATION_STYLE_ASSIGNMENT((#20381));
#20381 = SURFACE_STYLE_USAGE(.BOTH.,#20382);
#20382 = SURFACE_SIDE_STYLE('',(#20383));
#20383 = SURFACE_STYLE_FILL_AREA(#20384);
#20384 = FILL_AREA_STYLE('',(#20385));
#20385 = FILL_AREA_STYLE_COLOUR('',#20343);
#20386 = STYLED_ITEM('color',(#20387),#2904);
#20387 = PRESENTATION_STYLE_ASSIGNMENT((#20388));
#20388 = SURFACE_STYLE_USAGE(.BOTH.,#20389);
#20389 = SURFACE_SIDE_STYLE('',(#20390));
#20390 = SURFACE_STYLE_FILL_AREA(#20391);
#20391 = FILL_AREA_STYLE('',(#20392));
#20392 = FILL_AREA_STYLE_COLOUR('',#20343);
#20393 = STYLED_ITEM('color',(#20394),#2921);
#20394 = PRESENTATION_STYLE_ASSIGNMENT((#20395));
#20395 = SURFACE_STYLE_USAGE(.BOTH.,#20396);
#20396 = SURFACE_SIDE_STYLE('',(#20397));
#20397 = SURFACE_STYLE_FILL_AREA(#20398);
#20398 = FILL_AREA_STYLE('',(#20399));
#20399 = FILL_AREA_STYLE_COLOUR('',#20343);
#20400 = STYLED_ITEM('color',(#20401),#2952);
#20401 = PRESENTATION_STYLE_ASSIGNMENT((#20402));
#20402 = SURFACE_STYLE_USAGE(.BOTH.,#20403);
#20403 = SURFACE_SIDE_STYLE('',(#20404));
#20404 = SURFACE_STYLE_FILL_AREA(#20405);
#20405 = FILL_AREA_STYLE('',(#20406));
#20406 = FILL_AREA_STYLE_COLOUR('',#20343);
#20407 = STYLED_ITEM('color',(#20408),#2976);
#20408 = PRESENTATION_STYLE_ASSIGNMENT((#20409));
#20409 = SURFACE_STYLE_USAGE(.BOTH.,#20410);
#20410 = SURFACE_SIDE_STYLE('',(#20411));
#20411 = SURFACE_STYLE_FILL_AREA(#20412);
#20412 = FILL_AREA_STYLE('',(#20413));
#20413 = FILL_AREA_STYLE_COLOUR('',#20343);
#20414 = STYLED_ITEM('color',(#20415),#3000);
#20415 = PRESENTATION_STYLE_ASSIGNMENT((#20416));
#20416 = SURFACE_STYLE_USAGE(.BOTH.,#20417);
#20417 = SURFACE_SIDE_STYLE('',(#20418));
#20418 = SURFACE_STYLE_FILL_AREA(#20419);
#20419 = FILL_AREA_STYLE('',(#20420));
#20420 = FILL_AREA_STYLE_COLOUR('',#20343);
#20421 = STYLED_ITEM('color',(#20422),#3017);
#20422 = PRESENTATION_STYLE_ASSIGNMENT((#20423));
#20423 = SURFACE_STYLE_USAGE(.BOTH.,#20424);
#20424 = SURFACE_SIDE_STYLE('',(#20425));
#20425 = SURFACE_STYLE_FILL_AREA(#20426);
#20426 = FILL_AREA_STYLE('',(#20427));
#20427 = FILL_AREA_STYLE_COLOUR('',#20343);
#20428 = STYLED_ITEM('color',(#20429),#3048);
#20429 = PRESENTATION_STYLE_ASSIGNMENT((#20430));
#20430 = SURFACE_STYLE_USAGE(.BOTH.,#20431);
#20431 = SURFACE_SIDE_STYLE('',(#20432));
#20432 = SURFACE_STYLE_FILL_AREA(#20433);
#20433 = FILL_AREA_STYLE('',(#20434));
#20434 = FILL_AREA_STYLE_COLOUR('',#20343);
#20435 = STYLED_ITEM('color',(#20436),#3072);
#20436 = PRESENTATION_STYLE_ASSIGNMENT((#20437));
#20437 = SURFACE_STYLE_USAGE(.BOTH.,#20438);
#20438 = SURFACE_SIDE_STYLE('',(#20439));
#20439 = SURFACE_STYLE_FILL_AREA(#20440);
#20440 = FILL_AREA_STYLE('',(#20441));
#20441 = FILL_AREA_STYLE_COLOUR('',#20343);
#20442 = STYLED_ITEM('color',(#20443),#3096);
#20443 = PRESENTATION_STYLE_ASSIGNMENT((#20444));
#20444 = SURFACE_STYLE_USAGE(.BOTH.,#20445);
#20445 = SURFACE_SIDE_STYLE('',(#20446));
#20446 = SURFACE_STYLE_FILL_AREA(#20447);
#20447 = FILL_AREA_STYLE('',(#20448));
#20448 = FILL_AREA_STYLE_COLOUR('',#20343);
#20449 = STYLED_ITEM('color',(#20450),#3113);
#20450 = PRESENTATION_STYLE_ASSIGNMENT((#20451));
#20451 = SURFACE_STYLE_USAGE(.BOTH.,#20452);
#20452 = SURFACE_SIDE_STYLE('',(#20453));
#20453 = SURFACE_STYLE_FILL_AREA(#20454);
#20454 = FILL_AREA_STYLE('',(#20455));
#20455 = FILL_AREA_STYLE_COLOUR('',#20343);
#20456 = STYLED_ITEM('color',(#20457),#3144);
#20457 = PRESENTATION_STYLE_ASSIGNMENT((#20458));
#20458 = SURFACE_STYLE_USAGE(.BOTH.,#20459);
#20459 = SURFACE_SIDE_STYLE('',(#20460));
#20460 = SURFACE_STYLE_FILL_AREA(#20461);
#20461 = FILL_AREA_STYLE('',(#20462));
#20462 = FILL_AREA_STYLE_COLOUR('',#20343);
#20463 = STYLED_ITEM('color',(#20464),#3168);
#20464 = PRESENTATION_STYLE_ASSIGNMENT((#20465));
#20465 = SURFACE_STYLE_USAGE(.BOTH.,#20466);
#20466 = SURFACE_SIDE_STYLE('',(#20467));
#20467 = SURFACE_STYLE_FILL_AREA(#20468);
#20468 = FILL_AREA_STYLE('',(#20469));
#20469 = FILL_AREA_STYLE_COLOUR('',#20343);
#20470 = STYLED_ITEM('color',(#20471),#3192);
#20471 = PRESENTATION_STYLE_ASSIGNMENT((#20472));
#20472 = SURFACE_STYLE_USAGE(.BOTH.,#20473);
#20473 = SURFACE_SIDE_STYLE('',(#20474));
#20474 = SURFACE_STYLE_FILL_AREA(#20475);
#20475 = FILL_AREA_STYLE('',(#20476));
#20476 = FILL_AREA_STYLE_COLOUR('',#20343);
#20477 = STYLED_ITEM('color',(#20478),#3209);
#20478 = PRESENTATION_STYLE_ASSIGNMENT((#20479));
#20479 = SURFACE_STYLE_USAGE(.BOTH.,#20480);
#20480 = SURFACE_SIDE_STYLE('',(#20481));
#20481 = SURFACE_STYLE_FILL_AREA(#20482);
#20482 = FILL_AREA_STYLE('',(#20483));
#20483 = FILL_AREA_STYLE_COLOUR('',#20343);
#20484 = STYLED_ITEM('color',(#20485),#3240);
#20485 = PRESENTATION_STYLE_ASSIGNMENT((#20486));
#20486 = SURFACE_STYLE_USAGE(.BOTH.,#20487);
#20487 = SURFACE_SIDE_STYLE('',(#20488));
#20488 = SURFACE_STYLE_FILL_AREA(#20489);
#20489 = FILL_AREA_STYLE('',(#20490));
#20490 = FILL_AREA_STYLE_COLOUR('',#20343);
#20491 = STYLED_ITEM('color',(#20492),#3264);
#20492 = PRESENTATION_STYLE_ASSIGNMENT((#20493));
#20493 = SURFACE_STYLE_USAGE(.BOTH.,#20494);
#20494 = SURFACE_SIDE_STYLE('',(#20495));
#20495 = SURFACE_STYLE_FILL_AREA(#20496);
#20496 = FILL_AREA_STYLE('',(#20497));
#20497 = FILL_AREA_STYLE_COLOUR('',#20343);
#20498 = STYLED_ITEM('color',(#20499),#3288);
#20499 = PRESENTATION_STYLE_ASSIGNMENT((#20500));
#20500 = SURFACE_STYLE_USAGE(.BOTH.,#20501);
#20501 = SURFACE_SIDE_STYLE('',(#20502));
#20502 = SURFACE_STYLE_FILL_AREA(#20503);
#20503 = FILL_AREA_STYLE('',(#20504));
#20504 = FILL_AREA_STYLE_COLOUR('',#20343);
#20505 = STYLED_ITEM('color',(#20506),#3305);
#20506 = PRESENTATION_STYLE_ASSIGNMENT((#20507));
#20507 = SURFACE_STYLE_USAGE(.BOTH.,#20508);
#20508 = SURFACE_SIDE_STYLE('',(#20509));
#20509 = SURFACE_STYLE_FILL_AREA(#20510);
#20510 = FILL_AREA_STYLE('',(#20511));
#20511 = FILL_AREA_STYLE_COLOUR('',#20343);
#20512 = STYLED_ITEM('color',(#20513),#3336);
#20513 = PRESENTATION_STYLE_ASSIGNMENT((#20514));
#20514 = SURFACE_STYLE_USAGE(.BOTH.,#20515);
#20515 = SURFACE_SIDE_STYLE('',(#20516));
#20516 = SURFACE_STYLE_FILL_AREA(#20517);
#20517 = FILL_AREA_STYLE('',(#20518));
#20518 = FILL_AREA_STYLE_COLOUR('',#20343);
#20519 = STYLED_ITEM('color',(#20520),#3360);
#20520 = PRESENTATION_STYLE_ASSIGNMENT((#20521));
#20521 = SURFACE_STYLE_USAGE(.BOTH.,#20522);
#20522 = SURFACE_SIDE_STYLE('',(#20523));
#20523 = SURFACE_STYLE_FILL_AREA(#20524);
#20524 = FILL_AREA_STYLE('',(#20525));
#20525 = FILL_AREA_STYLE_COLOUR('',#20343);
#20526 = STYLED_ITEM('color',(#20527),#3384);
#20527 = PRESENTATION_STYLE_ASSIGNMENT((#20528));
#20528 = SURFACE_STYLE_USAGE(.BOTH.,#20529);
#20529 = SURFACE_SIDE_STYLE('',(#20530));
#20530 = SURFACE_STYLE_FILL_AREA(#20531);
#20531 = FILL_AREA_STYLE('',(#20532));
#20532 = FILL_AREA_STYLE_COLOUR('',#20343);
#20533 = STYLED_ITEM('color',(#20534),#3401);
#20534 = PRESENTATION_STYLE_ASSIGNMENT((#20535));
#20535 = SURFACE_STYLE_USAGE(.BOTH.,#20536);
#20536 = SURFACE_SIDE_STYLE('',(#20537));
#20537 = SURFACE_STYLE_FILL_AREA(#20538);
#20538 = FILL_AREA_STYLE('',(#20539));
#20539 = FILL_AREA_STYLE_COLOUR('',#20343);
#20540 = STYLED_ITEM('color',(#20541),#3432);
#20541 = PRESENTATION_STYLE_ASSIGNMENT((#20542));
#20542 = SURFACE_STYLE_USAGE(.BOTH.,#20543);
#20543 = SURFACE_SIDE_STYLE('',(#20544));
#20544 = SURFACE_STYLE_FILL_AREA(#20545);
#20545 = FILL_AREA_STYLE('',(#20546));
#20546 = FILL_AREA_STYLE_COLOUR('',#20343);
#20547 = STYLED_ITEM('color',(#20548),#3456);
#20548 = PRESENTATION_STYLE_ASSIGNMENT((#20549));
#20549 = SURFACE_STYLE_USAGE(.BOTH.,#20550);
#20550 = SURFACE_SIDE_STYLE('',(#20551));
#20551 = SURFACE_STYLE_FILL_AREA(#20552);
#20552 = FILL_AREA_STYLE('',(#20553));
#20553 = FILL_AREA_STYLE_COLOUR('',#20343);
#20554 = STYLED_ITEM('color',(#20555),#3480);
#20555 = PRESENTATION_STYLE_ASSIGNMENT((#20556));
#20556 = SURFACE_STYLE_USAGE(.BOTH.,#20557);
#20557 = SURFACE_SIDE_STYLE('',(#20558));
#20558 = SURFACE_STYLE_FILL_AREA(#20559);
#20559 = FILL_AREA_STYLE('',(#20560));
#20560 = FILL_AREA_STYLE_COLOUR('',#20343);
#20561 = STYLED_ITEM('color',(#20562),#3497);
#20562 = PRESENTATION_STYLE_ASSIGNMENT((#20563));
#20563 = SURFACE_STYLE_USAGE(.BOTH.,#20564);
#20564 = SURFACE_SIDE_STYLE('',(#20565));
#20565 = SURFACE_STYLE_FILL_AREA(#20566);
#20566 = FILL_AREA_STYLE('',(#20567));
#20567 = FILL_AREA_STYLE_COLOUR('',#20343);
#20568 = STYLED_ITEM('color',(#20569),#3509);
#20569 = PRESENTATION_STYLE_ASSIGNMENT((#20570));
#20570 = SURFACE_STYLE_USAGE(.BOTH.,#20571);
#20571 = SURFACE_SIDE_STYLE('',(#20572));
#20572 = SURFACE_STYLE_FILL_AREA(#20573);
#20573 = FILL_AREA_STYLE('',(#20574));
#20574 = FILL_AREA_STYLE_COLOUR('',#20343);
#20575 = STYLED_ITEM('color',(#20576),#3521);
#20576 = PRESENTATION_STYLE_ASSIGNMENT((#20577));
#20577 = SURFACE_STYLE_USAGE(.BOTH.,#20578);
#20578 = SURFACE_SIDE_STYLE('',(#20579));
#20579 = SURFACE_STYLE_FILL_AREA(#20580);
#20580 = FILL_AREA_STYLE('',(#20581));
#20581 = FILL_AREA_STYLE_COLOUR('',#20343);
#20582 = STYLED_ITEM('color',(#20583),#3533);
#20583 = PRESENTATION_STYLE_ASSIGNMENT((#20584));
#20584 = SURFACE_STYLE_USAGE(.BOTH.,#20585);
#20585 = SURFACE_SIDE_STYLE('',(#20586));
#20586 = SURFACE_STYLE_FILL_AREA(#20587);
#20587 = FILL_AREA_STYLE('',(#20588));
#20588 = FILL_AREA_STYLE_COLOUR('',#20343);
#20589 = MECHANICAL_DESIGN_GEOMETRIC_PRESENTATION_REPRESENTATION('',(
    #20590),#19955);
#20590 = STYLED_ITEM('color',(#20591),#17894);
#20591 = PRESENTATION_STYLE_ASSIGNMENT((#20592));
#20592 = SURFACE_STYLE_USAGE(.BOTH.,#20593);
#20593 = SURFACE_SIDE_STYLE('',(#20594));
#20594 = SURFACE_STYLE_FILL_AREA(#20595);
#20595 = FILL_AREA_STYLE('',(#20596));
#20596 = FILL_AREA_STYLE_COLOUR('',#20597);
#20597 = COLOUR_RGB('',0.313304153717,0.484529207832,0.410020903123);
#20598 = MECHANICAL_DESIGN_GEOMETRIC_PRESENTATION_REPRESENTATION('',(
    #20599,#20607,#20614,#20621,#20628,#20635,#20642,#20649,#20656,
    #20663,#20670,#20677,#20684,#20691,#20698,#20705),#17875);
#20599 = STYLED_ITEM('color',(#20600),#7414);
#20600 = PRESENTATION_STYLE_ASSIGNMENT((#20601));
#20601 = SURFACE_STYLE_USAGE(.BOTH.,#20602);
#20602 = SURFACE_SIDE_STYLE('',(#20603));
#20603 = SURFACE_STYLE_FILL_AREA(#20604);
#20604 = FILL_AREA_STYLE('',(#20605));
#20605 = FILL_AREA_STYLE_COLOUR('',#20606);
#20606 = COLOUR_RGB('',0.854305825093,0.803630995277,0.);
#20607 = STYLED_ITEM('color',(#20608),#8089);
#20608 = PRESENTATION_STYLE_ASSIGNMENT((#20609));
#20609 = SURFACE_STYLE_USAGE(.BOTH.,#20610);
#20610 = SURFACE_SIDE_STYLE('',(#20611));
#20611 = SURFACE_STYLE_FILL_AREA(#20612);
#20612 = FILL_AREA_STYLE('',(#20613));
#20613 = FILL_AREA_STYLE_COLOUR('',#20606);
#20614 = STYLED_ITEM('color',(#20615),#8562);
#20615 = PRESENTATION_STYLE_ASSIGNMENT((#20616));
#20616 = SURFACE_STYLE_USAGE(.BOTH.,#20617);
#20617 = SURFACE_SIDE_STYLE('',(#20618));
#20618 = SURFACE_STYLE_FILL_AREA(#20619);
#20619 = FILL_AREA_STYLE('',(#20620));
#20620 = FILL_AREA_STYLE_COLOUR('',#20606);
#20621 = STYLED_ITEM('color',(#20622),#11930);
#20622 = PRESENTATION_STYLE_ASSIGNMENT((#20623));
#20623 = SURFACE_STYLE_USAGE(.BOTH.,#20624);
#20624 = SURFACE_SIDE_STYLE('',(#20625));
#20625 = SURFACE_STYLE_FILL_AREA(#20626);
#20626 = FILL_AREA_STYLE('',(#20627));
#20627 = FILL_AREA_STYLE_COLOUR('',#20606);
#20628 = STYLED_ITEM('color',(#20629),#12768);
#20629 = PRESENTATION_STYLE_ASSIGNMENT((#20630));
#20630 = SURFACE_STYLE_USAGE(.BOTH.,#20631);
#20631 = SURFACE_SIDE_STYLE('',(#20632));
#20632 = SURFACE_STYLE_FILL_AREA(#20633);
#20633 = FILL_AREA_STYLE('',(#20634));
#20634 = FILL_AREA_STYLE_COLOUR('',#20606);
#20635 = STYLED_ITEM('color',(#20636),#13101);
#20636 = PRESENTATION_STYLE_ASSIGNMENT((#20637));
#20637 = SURFACE_STYLE_USAGE(.BOTH.,#20638);
#20638 = SURFACE_SIDE_STYLE('',(#20639));
#20639 = SURFACE_STYLE_FILL_AREA(#20640);
#20640 = FILL_AREA_STYLE('',(#20641));
#20641 = FILL_AREA_STYLE_COLOUR('',#20606);
#20642 = STYLED_ITEM('color',(#20643),#13333);
#20643 = PRESENTATION_STYLE_ASSIGNMENT((#20644));
#20644 = SURFACE_STYLE_USAGE(.BOTH.,#20645);
#20645 = SURFACE_SIDE_STYLE('',(#20646));
#20646 = SURFACE_STYLE_FILL_AREA(#20647);
#20647 = FILL_AREA_STYLE('',(#20648));
#20648 = FILL_AREA_STYLE_COLOUR('',#20606);
#20649 = STYLED_ITEM('color',(#20650),#13565);
#20650 = PRESENTATION_STYLE_ASSIGNMENT((#20651));
#20651 = SURFACE_STYLE_USAGE(.BOTH.,#20652);
#20652 = SURFACE_SIDE_STYLE('',(#20653));
#20653 = SURFACE_STYLE_FILL_AREA(#20654);
#20654 = FILL_AREA_STYLE('',(#20655));
#20655 = FILL_AREA_STYLE_COLOUR('',#20606);
#20656 = STYLED_ITEM('color',(#20657),#14201);
#20657 = PRESENTATION_STYLE_ASSIGNMENT((#20658));
#20658 = SURFACE_STYLE_USAGE(.BOTH.,#20659);
#20659 = SURFACE_SIDE_STYLE('',(#20660));
#20660 = SURFACE_STYLE_FILL_AREA(#20661);
#20661 = FILL_AREA_STYLE('',(#20662));
#20662 = FILL_AREA_STYLE_COLOUR('',#20606);
#20663 = STYLED_ITEM('color',(#20664),#14635);
#20664 = PRESENTATION_STYLE_ASSIGNMENT((#20665));
#20665 = SURFACE_STYLE_USAGE(.BOTH.,#20666);
#20666 = SURFACE_SIDE_STYLE('',(#20667));
#20667 = SURFACE_STYLE_FILL_AREA(#20668);
#20668 = FILL_AREA_STYLE('',(#20669));
#20669 = FILL_AREA_STYLE_COLOUR('',#20606);
#20670 = STYLED_ITEM('color',(#20671),#15440);
#20671 = PRESENTATION_STYLE_ASSIGNMENT((#20672));
#20672 = SURFACE_STYLE_USAGE(.BOTH.,#20673);
#20673 = SURFACE_SIDE_STYLE('',(#20674));
#20674 = SURFACE_STYLE_FILL_AREA(#20675);
#20675 = FILL_AREA_STYLE('',(#20676));
#20676 = FILL_AREA_STYLE_COLOUR('',#20606);
#20677 = STYLED_ITEM('color',(#20678),#15773);
#20678 = PRESENTATION_STYLE_ASSIGNMENT((#20679));
#20679 = SURFACE_STYLE_USAGE(.BOTH.,#20680);
#20680 = SURFACE_SIDE_STYLE('',(#20681));
#20681 = SURFACE_STYLE_FILL_AREA(#20682);
#20682 = FILL_AREA_STYLE('',(#20683));
#20683 = FILL_AREA_STYLE_COLOUR('',#20606);
#20684 = STYLED_ITEM('color',(#20685),#16745);
#20685 = PRESENTATION_STYLE_ASSIGNMENT((#20686));
#20686 = SURFACE_STYLE_USAGE(.BOTH.,#20687);
#20687 = SURFACE_SIDE_STYLE('',(#20688));
#20688 = SURFACE_STYLE_FILL_AREA(#20689);
#20689 = FILL_AREA_STYLE('',(#20690));
#20690 = FILL_AREA_STYLE_COLOUR('',#20606);
#20691 = STYLED_ITEM('color',(#20692),#17179);
#20692 = PRESENTATION_STYLE_ASSIGNMENT((#20693));
#20693 = SURFACE_STYLE_USAGE(.BOTH.,#20694);
#20694 = SURFACE_SIDE_STYLE('',(#20695));
#20695 = SURFACE_STYLE_FILL_AREA(#20696);
#20696 = FILL_AREA_STYLE('',(#20697));
#20697 = FILL_AREA_STYLE_COLOUR('',#20606);
#20698 = STYLED_ITEM('color',(#20699),#17411);
#20699 = PRESENTATION_STYLE_ASSIGNMENT((#20700));
#20700 = SURFACE_STYLE_USAGE(.BOTH.,#20701);
#20701 = SURFACE_SIDE_STYLE('',(#20702));
#20702 = SURFACE_STYLE_FILL_AREA(#20703);
#20703 = FILL_AREA_STYLE('',(#20704));
#20704 = FILL_AREA_STYLE_COLOUR('',#20606);
#20705 = STYLED_ITEM('color',(#20706),#17643);
#20706 = PRESENTATION_STYLE_ASSIGNMENT((#20707));
#20707 = SURFACE_STYLE_USAGE(.BOTH.,#20708);
#20708 = SURFACE_SIDE_STYLE('',(#20709));
#20709 = SURFACE_STYLE_FILL_AREA(#20710);
#20710 = FILL_AREA_STYLE('',(#20711));
#20711 = FILL_AREA_STYLE_COLOUR('',#20606);
#20712 = MECHANICAL_DESIGN_GEOMETRIC_PRESENTATION_REPRESENTATION('',(
    #20713,#20720,#20727,#20734,#20741,#20748,#20755,#20762,#20769,
    #20776,#20783,#20790,#20797,#20804,#20811,#20818,#20825,#20832,
    #20839,#20846,#20853,#20860,#20867,#20874,#20881,#20888,#20895,
    #20902,#20909,#20916,#20923,#20930,#20937,#20944,#20951,#20958,
    #20965,#20972,#20979,#20986,#20993,#21000,#21007,#21014,#21021,
    #21028,#21035,#21042),#1642);
#20713 = STYLED_ITEM('color',(#20714),#102);
#20714 = PRESENTATION_STYLE_ASSIGNMENT((#20715));
#20715 = SURFACE_STYLE_USAGE(.BOTH.,#20716);
#20716 = SURFACE_SIDE_STYLE('',(#20717));
#20717 = SURFACE_STYLE_FILL_AREA(#20718);
#20718 = FILL_AREA_STYLE('',(#20719));
#20719 = FILL_AREA_STYLE_COLOUR('',#20096);
#20720 = STYLED_ITEM('color',(#20721),#158);
#20721 = PRESENTATION_STYLE_ASSIGNMENT((#20722));
#20722 = SURFACE_STYLE_USAGE(.BOTH.,#20723);
#20723 = SURFACE_SIDE_STYLE('',(#20724));
#20724 = SURFACE_STYLE_FILL_AREA(#20725);
#20725 = FILL_AREA_STYLE('',(#20726));
#20726 = FILL_AREA_STYLE_COLOUR('',#20096);
#20727 = STYLED_ITEM('color',(#20728),#285);
#20728 = PRESENTATION_STYLE_ASSIGNMENT((#20729));
#20729 = SURFACE_STYLE_USAGE(.BOTH.,#20730);
#20730 = SURFACE_SIDE_STYLE('',(#20731));
#20731 = SURFACE_STYLE_FILL_AREA(#20732);
#20732 = FILL_AREA_STYLE('',(#20733));
#20733 = FILL_AREA_STYLE_COLOUR('',#20096);
#20734 = STYLED_ITEM('color',(#20735),#309);
#20735 = PRESENTATION_STYLE_ASSIGNMENT((#20736));
#20736 = SURFACE_STYLE_USAGE(.BOTH.,#20737);
#20737 = SURFACE_SIDE_STYLE('',(#20738));
#20738 = SURFACE_STYLE_FILL_AREA(#20739);
#20739 = FILL_AREA_STYLE('',(#20740));
#20740 = FILL_AREA_STYLE_COLOUR('',#20096);
#20741 = STYLED_ITEM('color',(#20742),#333);
#20742 = PRESENTATION_STYLE_ASSIGNMENT((#20743));
#20743 = SURFACE_STYLE_USAGE(.BOTH.,#20744);
#20744 = SURFACE_SIDE_STYLE('',(#20745));
#20745 = SURFACE_STYLE_FILL_AREA(#20746);
#20746 = FILL_AREA_STYLE('',(#20747));
#20747 = FILL_AREA_STYLE_COLOUR('',#20096);
#20748 = STYLED_ITEM('color',(#20749),#389);
#20749 = PRESENTATION_STYLE_ASSIGNMENT((#20750));
#20750 = SURFACE_STYLE_USAGE(.BOTH.,#20751);
#20751 = SURFACE_SIDE_STYLE('',(#20752));
#20752 = SURFACE_STYLE_FILL_AREA(#20753);
#20753 = FILL_AREA_STYLE('',(#20754));
#20754 = FILL_AREA_STYLE_COLOUR('',#20096);
#20755 = STYLED_ITEM('color',(#20756),#436);
#20756 = PRESENTATION_STYLE_ASSIGNMENT((#20757));
#20757 = SURFACE_STYLE_USAGE(.BOTH.,#20758);
#20758 = SURFACE_SIDE_STYLE('',(#20759));
#20759 = SURFACE_STYLE_FILL_AREA(#20760);
#20760 = FILL_AREA_STYLE('',(#20761));
#20761 = FILL_AREA_STYLE_COLOUR('',#20096);
#20762 = STYLED_ITEM('color',(#20763),#522);
#20763 = PRESENTATION_STYLE_ASSIGNMENT((#20764));
#20764 = SURFACE_STYLE_USAGE(.BOTH.,#20765);
#20765 = SURFACE_SIDE_STYLE('',(#20766));
#20766 = SURFACE_STYLE_FILL_AREA(#20767);
#20767 = FILL_AREA_STYLE('',(#20768));
#20768 = FILL_AREA_STYLE_COLOUR('',#20096);
#20769 = STYLED_ITEM('color',(#20770),#536);
#20770 = PRESENTATION_STYLE_ASSIGNMENT((#20771));
#20771 = SURFACE_STYLE_USAGE(.BOTH.,#20772);
#20772 = SURFACE_SIDE_STYLE('',(#20773));
#20773 = SURFACE_STYLE_FILL_AREA(#20774);
#20774 = FILL_AREA_STYLE('',(#20775));
#20775 = FILL_AREA_STYLE_COLOUR('',#20010);
#20776 = STYLED_ITEM('color',(#20777),#576);
#20777 = PRESENTATION_STYLE_ASSIGNMENT((#20778));
#20778 = SURFACE_STYLE_USAGE(.BOTH.,#20779);
#20779 = SURFACE_SIDE_STYLE('',(#20780));
#20780 = SURFACE_STYLE_FILL_AREA(#20781);
#20781 = FILL_AREA_STYLE('',(#20782));
#20782 = FILL_AREA_STYLE_COLOUR('',#20010);
#20783 = STYLED_ITEM('color',(#20784),#600);
#20784 = PRESENTATION_STYLE_ASSIGNMENT((#20785));
#20785 = SURFACE_STYLE_USAGE(.BOTH.,#20786);
#20786 = SURFACE_SIDE_STYLE('',(#20787));
#20787 = SURFACE_STYLE_FILL_AREA(#20788);
#20788 = FILL_AREA_STYLE('',(#20789));
#20789 = FILL_AREA_STYLE_COLOUR('',#20010);
#20790 = STYLED_ITEM('color',(#20791),#633);
#20791 = PRESENTATION_STYLE_ASSIGNMENT((#20792));
#20792 = SURFACE_STYLE_USAGE(.BOTH.,#20793);
#20793 = SURFACE_SIDE_STYLE('',(#20794));
#20794 = SURFACE_STYLE_FILL_AREA(#20795);
#20795 = FILL_AREA_STYLE('',(#20796));
#20796 = FILL_AREA_STYLE_COLOUR('',#20010);
#20797 = STYLED_ITEM('color',(#20798),#673);
#20798 = PRESENTATION_STYLE_ASSIGNMENT((#20799));
#20799 = SURFACE_STYLE_USAGE(.BOTH.,#20800);
#20800 = SURFACE_SIDE_STYLE('',(#20801));
#20801 = SURFACE_STYLE_FILL_AREA(#20802);
#20802 = FILL_AREA_STYLE('',(#20803));
#20803 = FILL_AREA_STYLE_COLOUR('',#20010);
#20804 = STYLED_ITEM('color',(#20805),#697);
#20805 = PRESENTATION_STYLE_ASSIGNMENT((#20806));
#20806 = SURFACE_STYLE_USAGE(.BOTH.,#20807);
#20807 = SURFACE_SIDE_STYLE('',(#20808));
#20808 = SURFACE_STYLE_FILL_AREA(#20809);
#20809 = FILL_AREA_STYLE('',(#20810));
#20810 = FILL_AREA_STYLE_COLOUR('',#20010);
#20811 = STYLED_ITEM('color',(#20812),#730);
#20812 = PRESENTATION_STYLE_ASSIGNMENT((#20813));
#20813 = SURFACE_STYLE_USAGE(.BOTH.,#20814);
#20814 = SURFACE_SIDE_STYLE('',(#20815));
#20815 = SURFACE_STYLE_FILL_AREA(#20816);
#20816 = FILL_AREA_STYLE('',(#20817));
#20817 = FILL_AREA_STYLE_COLOUR('',#20010);
#20818 = STYLED_ITEM('color',(#20819),#770);
#20819 = PRESENTATION_STYLE_ASSIGNMENT((#20820));
#20820 = SURFACE_STYLE_USAGE(.BOTH.,#20821);
#20821 = SURFACE_SIDE_STYLE('',(#20822));
#20822 = SURFACE_STYLE_FILL_AREA(#20823);
#20823 = FILL_AREA_STYLE('',(#20824));
#20824 = FILL_AREA_STYLE_COLOUR('',#20010);
#20825 = STYLED_ITEM('color',(#20826),#794);
#20826 = PRESENTATION_STYLE_ASSIGNMENT((#20827));
#20827 = SURFACE_STYLE_USAGE(.BOTH.,#20828);
#20828 = SURFACE_SIDE_STYLE('',(#20829));
#20829 = SURFACE_STYLE_FILL_AREA(#20830);
#20830 = FILL_AREA_STYLE('',(#20831));
#20831 = FILL_AREA_STYLE_COLOUR('',#20010);
#20832 = STYLED_ITEM('color',(#20833),#827);
#20833 = PRESENTATION_STYLE_ASSIGNMENT((#20834));
#20834 = SURFACE_STYLE_USAGE(.BOTH.,#20835);
#20835 = SURFACE_SIDE_STYLE('',(#20836));
#20836 = SURFACE_STYLE_FILL_AREA(#20837);
#20837 = FILL_AREA_STYLE('',(#20838));
#20838 = FILL_AREA_STYLE_COLOUR('',#20010);
#20839 = STYLED_ITEM('color',(#20840),#867);
#20840 = PRESENTATION_STYLE_ASSIGNMENT((#20841));
#20841 = SURFACE_STYLE_USAGE(.BOTH.,#20842);
#20842 = SURFACE_SIDE_STYLE('',(#20843));
#20843 = SURFACE_STYLE_FILL_AREA(#20844);
#20844 = FILL_AREA_STYLE('',(#20845));
#20845 = FILL_AREA_STYLE_COLOUR('',#20010);
#20846 = STYLED_ITEM('color',(#20847),#902);
#20847 = PRESENTATION_STYLE_ASSIGNMENT((#20848));
#20848 = SURFACE_STYLE_USAGE(.BOTH.,#20849);
#20849 = SURFACE_SIDE_STYLE('',(#20850));
#20850 = SURFACE_STYLE_FILL_AREA(#20851);
#20851 = FILL_AREA_STYLE('',(#20852));
#20852 = FILL_AREA_STYLE_COLOUR('',#20010);
#20853 = STYLED_ITEM('color',(#20854),#935);
#20854 = PRESENTATION_STYLE_ASSIGNMENT((#20855));
#20855 = SURFACE_STYLE_USAGE(.BOTH.,#20856);
#20856 = SURFACE_SIDE_STYLE('',(#20857));
#20857 = SURFACE_STYLE_FILL_AREA(#20858);
#20858 = FILL_AREA_STYLE('',(#20859));
#20859 = FILL_AREA_STYLE_COLOUR('',#20010);
#20860 = STYLED_ITEM('color',(#20861),#952);
#20861 = PRESENTATION_STYLE_ASSIGNMENT((#20862));
#20862 = SURFACE_STYLE_USAGE(.BOTH.,#20863);
#20863 = SURFACE_SIDE_STYLE('',(#20864));
#20864 = SURFACE_STYLE_FILL_AREA(#20865);
#20865 = FILL_AREA_STYLE('',(#20866));
#20866 = FILL_AREA_STYLE_COLOUR('',#20010);
#20867 = STYLED_ITEM('color',(#20868),#1009);
#20868 = PRESENTATION_STYLE_ASSIGNMENT((#20869));
#20869 = SURFACE_STYLE_USAGE(.BOTH.,#20870);
#20870 = SURFACE_SIDE_STYLE('',(#20871));
#20871 = SURFACE_STYLE_FILL_AREA(#20872);
#20872 = FILL_AREA_STYLE('',(#20873));
#20873 = FILL_AREA_STYLE_COLOUR('',#20010);
#20874 = STYLED_ITEM('color',(#20875),#1066);
#20875 = PRESENTATION_STYLE_ASSIGNMENT((#20876));
#20876 = SURFACE_STYLE_USAGE(.BOTH.,#20877);
#20877 = SURFACE_SIDE_STYLE('',(#20878));
#20878 = SURFACE_STYLE_FILL_AREA(#20879);
#20879 = FILL_AREA_STYLE('',(#20880));
#20880 = FILL_AREA_STYLE_COLOUR('',#20010);
#20881 = STYLED_ITEM('color',(#20882),#1123);
#20882 = PRESENTATION_STYLE_ASSIGNMENT((#20883));
#20883 = SURFACE_STYLE_USAGE(.BOTH.,#20884);
#20884 = SURFACE_SIDE_STYLE('',(#20885));
#20885 = SURFACE_STYLE_FILL_AREA(#20886);
#20886 = FILL_AREA_STYLE('',(#20887));
#20887 = FILL_AREA_STYLE_COLOUR('',#20010);
#20888 = STYLED_ITEM('color',(#20889),#1180);
#20889 = PRESENTATION_STYLE_ASSIGNMENT((#20890));
#20890 = SURFACE_STYLE_USAGE(.BOTH.,#20891);
#20891 = SURFACE_SIDE_STYLE('',(#20892));
#20892 = SURFACE_STYLE_FILL_AREA(#20893);
#20893 = FILL_AREA_STYLE('',(#20894));
#20894 = FILL_AREA_STYLE_COLOUR('',#20010);
#20895 = STYLED_ITEM('color',(#20896),#1197);
#20896 = PRESENTATION_STYLE_ASSIGNMENT((#20897));
#20897 = SURFACE_STYLE_USAGE(.BOTH.,#20898);
#20898 = SURFACE_SIDE_STYLE('',(#20899));
#20899 = SURFACE_STYLE_FILL_AREA(#20900);
#20900 = FILL_AREA_STYLE('',(#20901));
#20901 = FILL_AREA_STYLE_COLOUR('',#20010);
#20902 = STYLED_ITEM('color',(#20903),#1214);
#20903 = PRESENTATION_STYLE_ASSIGNMENT((#20904));
#20904 = SURFACE_STYLE_USAGE(.BOTH.,#20905);
#20905 = SURFACE_SIDE_STYLE('',(#20906));
#20906 = SURFACE_STYLE_FILL_AREA(#20907);
#20907 = FILL_AREA_STYLE('',(#20908));
#20908 = FILL_AREA_STYLE_COLOUR('',#20010);
#20909 = STYLED_ITEM('color',(#20910),#1271);
#20910 = PRESENTATION_STYLE_ASSIGNMENT((#20911));
#20911 = SURFACE_STYLE_USAGE(.BOTH.,#20912);
#20912 = SURFACE_SIDE_STYLE('',(#20913));
#20913 = SURFACE_STYLE_FILL_AREA(#20914);
#20914 = FILL_AREA_STYLE('',(#20915));
#20915 = FILL_AREA_STYLE_COLOUR('',#20010);
#20916 = STYLED_ITEM('color',(#20917),#1288);
#20917 = PRESENTATION_STYLE_ASSIGNMENT((#20918));
#20918 = SURFACE_STYLE_USAGE(.BOTH.,#20919);
#20919 = SURFACE_SIDE_STYLE('',(#20920));
#20920 = SURFACE_STYLE_FILL_AREA(#20921);
#20921 = FILL_AREA_STYLE('',(#20922));
#20922 = FILL_AREA_STYLE_COLOUR('',#20010);
#20923 = STYLED_ITEM('color',(#20924),#1305);
#20924 = PRESENTATION_STYLE_ASSIGNMENT((#20925));
#20925 = SURFACE_STYLE_USAGE(.BOTH.,#20926);
#20926 = SURFACE_SIDE_STYLE('',(#20927));
#20927 = SURFACE_STYLE_FILL_AREA(#20928);
#20928 = FILL_AREA_STYLE('',(#20929));
#20929 = FILL_AREA_STYLE_COLOUR('',#20010);
#20930 = STYLED_ITEM('color',(#20931),#1362);
#20931 = PRESENTATION_STYLE_ASSIGNMENT((#20932));
#20932 = SURFACE_STYLE_USAGE(.BOTH.,#20933);
#20933 = SURFACE_SIDE_STYLE('',(#20934));
#20934 = SURFACE_STYLE_FILL_AREA(#20935);
#20935 = FILL_AREA_STYLE('',(#20936));
#20936 = FILL_AREA_STYLE_COLOUR('',#20010);
#20937 = STYLED_ITEM('color',(#20938),#1379);
#20938 = PRESENTATION_STYLE_ASSIGNMENT((#20939));
#20939 = SURFACE_STYLE_USAGE(.BOTH.,#20940);
#20940 = SURFACE_SIDE_STYLE('',(#20941));
#20941 = SURFACE_STYLE_FILL_AREA(#20942);
#20942 = FILL_AREA_STYLE('',(#20943));
#20943 = FILL_AREA_STYLE_COLOUR('',#20010);
#20944 = STYLED_ITEM('color',(#20945),#1396);
#20945 = PRESENTATION_STYLE_ASSIGNMENT((#20946));
#20946 = SURFACE_STYLE_USAGE(.BOTH.,#20947);
#20947 = SURFACE_SIDE_STYLE('',(#20948));
#20948 = SURFACE_STYLE_FILL_AREA(#20949);
#20949 = FILL_AREA_STYLE('',(#20950));
#20950 = FILL_AREA_STYLE_COLOUR('',#20010);
#20951 = STYLED_ITEM('color',(#20952),#1424);
#20952 = PRESENTATION_STYLE_ASSIGNMENT((#20953));
#20953 = SURFACE_STYLE_USAGE(.BOTH.,#20954);
#20954 = SURFACE_SIDE_STYLE('',(#20955));
#20955 = SURFACE_STYLE_FILL_AREA(#20956);
#20956 = FILL_AREA_STYLE('',(#20957));
#20957 = FILL_AREA_STYLE_COLOUR('',#20010);
#20958 = STYLED_ITEM('color',(#20959),#1436);
#20959 = PRESENTATION_STYLE_ASSIGNMENT((#20960));
#20960 = SURFACE_STYLE_USAGE(.BOTH.,#20961);
#20961 = SURFACE_SIDE_STYLE('',(#20962));
#20962 = SURFACE_STYLE_FILL_AREA(#20963);
#20963 = FILL_AREA_STYLE('',(#20964));
#20964 = FILL_AREA_STYLE_COLOUR('',#20010);
#20965 = STYLED_ITEM('color',(#20966),#1453);
#20966 = PRESENTATION_STYLE_ASSIGNMENT((#20967));
#20967 = SURFACE_STYLE_USAGE(.BOTH.,#20968);
#20968 = SURFACE_SIDE_STYLE('',(#20969));
#20969 = SURFACE_STYLE_FILL_AREA(#20970);
#20970 = FILL_AREA_STYLE('',(#20971));
#20971 = FILL_AREA_STYLE_COLOUR('',#20010);
#20972 = STYLED_ITEM('color',(#20973),#1470);
#20973 = PRESENTATION_STYLE_ASSIGNMENT((#20974));
#20974 = SURFACE_STYLE_USAGE(.BOTH.,#20975);
#20975 = SURFACE_SIDE_STYLE('',(#20976));
#20976 = SURFACE_STYLE_FILL_AREA(#20977);
#20977 = FILL_AREA_STYLE('',(#20978));
#20978 = FILL_AREA_STYLE_COLOUR('',#20010);
#20979 = STYLED_ITEM('color',(#20980),#1487);
#20980 = PRESENTATION_STYLE_ASSIGNMENT((#20981));
#20981 = SURFACE_STYLE_USAGE(.BOTH.,#20982);
#20982 = SURFACE_SIDE_STYLE('',(#20983));
#20983 = SURFACE_STYLE_FILL_AREA(#20984);
#20984 = FILL_AREA_STYLE('',(#20985));
#20985 = FILL_AREA_STYLE_COLOUR('',#20010);
#20986 = STYLED_ITEM('color',(#20987),#1504);
#20987 = PRESENTATION_STYLE_ASSIGNMENT((#20988));
#20988 = SURFACE_STYLE_USAGE(.BOTH.,#20989);
#20989 = SURFACE_SIDE_STYLE('',(#20990));
#20990 = SURFACE_STYLE_FILL_AREA(#20991);
#20991 = FILL_AREA_STYLE('',(#20992));
#20992 = FILL_AREA_STYLE_COLOUR('',#20010);
#20993 = STYLED_ITEM('color',(#20994),#1516);
#20994 = PRESENTATION_STYLE_ASSIGNMENT((#20995));
#20995 = SURFACE_STYLE_USAGE(.BOTH.,#20996);
#20996 = SURFACE_SIDE_STYLE('',(#20997));
#20997 = SURFACE_STYLE_FILL_AREA(#20998);
#20998 = FILL_AREA_STYLE('',(#20999));
#20999 = FILL_AREA_STYLE_COLOUR('',#20010);
#21000 = STYLED_ITEM('color',(#21001),#1533);
#21001 = PRESENTATION_STYLE_ASSIGNMENT((#21002));
#21002 = SURFACE_STYLE_USAGE(.BOTH.,#21003);
#21003 = SURFACE_SIDE_STYLE('',(#21004));
#21004 = SURFACE_STYLE_FILL_AREA(#21005);
#21005 = FILL_AREA_STYLE('',(#21006));
#21006 = FILL_AREA_STYLE_COLOUR('',#20010);
#21007 = STYLED_ITEM('color',(#21008),#1550);
#21008 = PRESENTATION_STYLE_ASSIGNMENT((#21009));
#21009 = SURFACE_STYLE_USAGE(.BOTH.,#21010);
#21010 = SURFACE_SIDE_STYLE('',(#21011));
#21011 = SURFACE_STYLE_FILL_AREA(#21012);
#21012 = FILL_AREA_STYLE('',(#21013));
#21013 = FILL_AREA_STYLE_COLOUR('',#20010);
#21014 = STYLED_ITEM('color',(#21015),#1567);
#21015 = PRESENTATION_STYLE_ASSIGNMENT((#21016));
#21016 = SURFACE_STYLE_USAGE(.BOTH.,#21017);
#21017 = SURFACE_SIDE_STYLE('',(#21018));
#21018 = SURFACE_STYLE_FILL_AREA(#21019);
#21019 = FILL_AREA_STYLE('',(#21020));
#21020 = FILL_AREA_STYLE_COLOUR('',#20010);
#21021 = STYLED_ITEM('color',(#21022),#1579);
#21022 = PRESENTATION_STYLE_ASSIGNMENT((#21023));
#21023 = SURFACE_STYLE_USAGE(.BOTH.,#21024);
#21024 = SURFACE_SIDE_STYLE('',(#21025));
#21025 = SURFACE_STYLE_FILL_AREA(#21026);
#21026 = FILL_AREA_STYLE('',(#21027));
#21027 = FILL_AREA_STYLE_COLOUR('',#20010);
#21028 = STYLED_ITEM('color',(#21029),#1596);
#21029 = PRESENTATION_STYLE_ASSIGNMENT((#21030));
#21030 = SURFACE_STYLE_USAGE(.BOTH.,#21031);
#21031 = SURFACE_SIDE_STYLE('',(#21032));
#21032 = SURFACE_STYLE_FILL_AREA(#21033);
#21033 = FILL_AREA_STYLE('',(#21034));
#21034 = FILL_AREA_STYLE_COLOUR('',#20010);
#21035 = STYLED_ITEM('color',(#21036),#1613);
#21036 = PRESENTATION_STYLE_ASSIGNMENT((#21037));
#21037 = SURFACE_STYLE_USAGE(.BOTH.,#21038);
#21038 = SURFACE_SIDE_STYLE('',(#21039));
#21039 = SURFACE_STYLE_FILL_AREA(#21040);
#21040 = FILL_AREA_STYLE('',(#21041));
#21041 = FILL_AREA_STYLE_COLOUR('',#20010);
#21042 = STYLED_ITEM('color',(#21043),#1630);
#21043 = PRESENTATION_STYLE_ASSIGNMENT((#21044));
#21044 = SURFACE_STYLE_USAGE(.BOTH.,#21045);
#21045 = SURFACE_SIDE_STYLE('',(#21046));
#21046 = SURFACE_STYLE_FILL_AREA(#21047);
#21047 = FILL_AREA_STYLE('',(#21048));
#21048 = FILL_AREA_STYLE_COLOUR('',#20010);
#21049 = MECHANICAL_DESIGN_GEOMETRIC_PRESENTATION_REPRESENTATION('',(
    #21050,#21057,#21064,#21071,#21078,#21085,#21092,#21099,#21106,
    #21113,#21120,#21127,#21134,#21141,#21148,#21155,#21162,#21169,
    #21176,#21183,#21190,#21197,#21204,#21211,#21218,#21225,#21232,
    #21239,#21246,#21253,#21260,#21267,#21274,#21281,#21288,#21295,
    #21302,#21309,#21316,#21323,#21330,#21337,#21344,#21351,#21358,
    #21365,#21372,#21379,#21386,#21393,#21400,#21407,#21414,#21421,
    #21428,#21435,#21442,#21449,#21456,#21463,#21470,#21477,#21484,
    #21491,#21498,#21505,#21512,#21519,#21526,#21533,#21540,#21547,
    #21554,#21561,#21568,#21575,#21582,#21589,#21596,#21603,#21610,
    #21617,#21624,#21631,#21638,#21645,#21652,#21659,#21666,#21673,
    #21680,#21687,#21694,#21701,#21708,#21715,#21722,#21729,#21736,
    #21743,#21750,#21757,#21764,#21771,#21778),#6816);
#21050 = STYLED_ITEM('color',(#21051),#3589);
#21051 = PRESENTATION_STYLE_ASSIGNMENT((#21052));
#21052 = SURFACE_STYLE_USAGE(.BOTH.,#21053);
#21053 = SURFACE_SIDE_STYLE('',(#21054));
#21054 = SURFACE_STYLE_FILL_AREA(#21055);
#21055 = FILL_AREA_STYLE('',(#21056));
#21056 = FILL_AREA_STYLE_COLOUR('',#20096);
#21057 = STYLED_ITEM('color',(#21058),#3606);
#21058 = PRESENTATION_STYLE_ASSIGNMENT((#21059));
#21059 = SURFACE_STYLE_USAGE(.BOTH.,#21060);
#21060 = SURFACE_SIDE_STYLE('',(#21061));
#21061 = SURFACE_STYLE_FILL_AREA(#21062);
#21062 = FILL_AREA_STYLE('',(#21063));
#21063 = FILL_AREA_STYLE_COLOUR('',#20096);
#21064 = STYLED_ITEM('color',(#21065),#3631);
#21065 = PRESENTATION_STYLE_ASSIGNMENT((#21066));
#21066 = SURFACE_STYLE_USAGE(.BOTH.,#21067);
#21067 = SURFACE_SIDE_STYLE('',(#21068));
#21068 = SURFACE_STYLE_FILL_AREA(#21069);
#21069 = FILL_AREA_STYLE('',(#21070));
#21070 = FILL_AREA_STYLE_COLOUR('',#20010);
#21071 = STYLED_ITEM('color',(#21072),#3754);
#21072 = PRESENTATION_STYLE_ASSIGNMENT((#21073));
#21073 = SURFACE_STYLE_USAGE(.BOTH.,#21074);
#21074 = SURFACE_SIDE_STYLE('',(#21075));
#21075 = SURFACE_STYLE_FILL_AREA(#21076);
#21076 = FILL_AREA_STYLE('',(#21077));
#21077 = FILL_AREA_STYLE_COLOUR('',#20010);
#21078 = STYLED_ITEM('color',(#21079),#3785);
#21079 = PRESENTATION_STYLE_ASSIGNMENT((#21080));
#21080 = SURFACE_STYLE_USAGE(.BOTH.,#21081);
#21081 = SURFACE_SIDE_STYLE('',(#21082));
#21082 = SURFACE_STYLE_FILL_AREA(#21083);
#21083 = FILL_AREA_STYLE('',(#21084));
#21084 = FILL_AREA_STYLE_COLOUR('',#20010);
#21085 = STYLED_ITEM('color',(#21086),#3810);
#21086 = PRESENTATION_STYLE_ASSIGNMENT((#21087));
#21087 = SURFACE_STYLE_USAGE(.BOTH.,#21088);
#21088 = SURFACE_SIDE_STYLE('',(#21089));
#21089 = SURFACE_STYLE_FILL_AREA(#21090);
#21090 = FILL_AREA_STYLE('',(#21091));
#21091 = FILL_AREA_STYLE_COLOUR('',#20010);
#21092 = STYLED_ITEM('color',(#21093),#3835);
#21093 = PRESENTATION_STYLE_ASSIGNMENT((#21094));
#21094 = SURFACE_STYLE_USAGE(.BOTH.,#21095);
#21095 = SURFACE_SIDE_STYLE('',(#21096));
#21096 = SURFACE_STYLE_FILL_AREA(#21097);
#21097 = FILL_AREA_STYLE('',(#21098));
#21098 = FILL_AREA_STYLE_COLOUR('',#20010);
#21099 = STYLED_ITEM('color',(#21100),#3859);
#21100 = PRESENTATION_STYLE_ASSIGNMENT((#21101));
#21101 = SURFACE_STYLE_USAGE(.BOTH.,#21102);
#21102 = SURFACE_SIDE_STYLE('',(#21103));
#21103 = SURFACE_STYLE_FILL_AREA(#21104);
#21104 = FILL_AREA_STYLE('',(#21105));
#21105 = FILL_AREA_STYLE_COLOUR('',#20010);
#21106 = STYLED_ITEM('color',(#21107),#3883);
#21107 = PRESENTATION_STYLE_ASSIGNMENT((#21108));
#21108 = SURFACE_STYLE_USAGE(.BOTH.,#21109);
#21109 = SURFACE_SIDE_STYLE('',(#21110));
#21110 = SURFACE_STYLE_FILL_AREA(#21111);
#21111 = FILL_AREA_STYLE('',(#21112));
#21112 = FILL_AREA_STYLE_COLOUR('',#20010);
#21113 = STYLED_ITEM('color',(#21114),#3908);
#21114 = PRESENTATION_STYLE_ASSIGNMENT((#21115));
#21115 = SURFACE_STYLE_USAGE(.BOTH.,#21116);
#21116 = SURFACE_SIDE_STYLE('',(#21117));
#21117 = SURFACE_STYLE_FILL_AREA(#21118);
#21118 = FILL_AREA_STYLE('',(#21119));
#21119 = FILL_AREA_STYLE_COLOUR('',#20010);
#21120 = STYLED_ITEM('color',(#21121),#3933);
#21121 = PRESENTATION_STYLE_ASSIGNMENT((#21122));
#21122 = SURFACE_STYLE_USAGE(.BOTH.,#21123);
#21123 = SURFACE_SIDE_STYLE('',(#21124));
#21124 = SURFACE_STYLE_FILL_AREA(#21125);
#21125 = FILL_AREA_STYLE('',(#21126));
#21126 = FILL_AREA_STYLE_COLOUR('',#20010);
#21127 = STYLED_ITEM('color',(#21128),#3950);
#21128 = PRESENTATION_STYLE_ASSIGNMENT((#21129));
#21129 = SURFACE_STYLE_USAGE(.BOTH.,#21130);
#21130 = SURFACE_SIDE_STYLE('',(#21131));
#21131 = SURFACE_STYLE_FILL_AREA(#21132);
#21132 = FILL_AREA_STYLE('',(#21133));
#21133 = FILL_AREA_STYLE_COLOUR('',#20096);
#21134 = STYLED_ITEM('color',(#21135),#3975);
#21135 = PRESENTATION_STYLE_ASSIGNMENT((#21136));
#21136 = SURFACE_STYLE_USAGE(.BOTH.,#21137);
#21137 = SURFACE_SIDE_STYLE('',(#21138));
#21138 = SURFACE_STYLE_FILL_AREA(#21139);
#21139 = FILL_AREA_STYLE('',(#21140));
#21140 = FILL_AREA_STYLE_COLOUR('',#20096);
#21141 = STYLED_ITEM('color',(#21142),#4000);
#21142 = PRESENTATION_STYLE_ASSIGNMENT((#21143));
#21143 = SURFACE_STYLE_USAGE(.BOTH.,#21144);
#21144 = SURFACE_SIDE_STYLE('',(#21145));
#21145 = SURFACE_STYLE_FILL_AREA(#21146);
#21146 = FILL_AREA_STYLE('',(#21147));
#21147 = FILL_AREA_STYLE_COLOUR('',#20096);
#21148 = STYLED_ITEM('color',(#21149),#4025);
#21149 = PRESENTATION_STYLE_ASSIGNMENT((#21150));
#21150 = SURFACE_STYLE_USAGE(.BOTH.,#21151);
#21151 = SURFACE_SIDE_STYLE('',(#21152));
#21152 = SURFACE_STYLE_FILL_AREA(#21153);
#21153 = FILL_AREA_STYLE('',(#21154));
#21154 = FILL_AREA_STYLE_COLOUR('',#20096);
#21155 = STYLED_ITEM('color',(#21156),#4050);
#21156 = PRESENTATION_STYLE_ASSIGNMENT((#21157));
#21157 = SURFACE_STYLE_USAGE(.BOTH.,#21158);
#21158 = SURFACE_SIDE_STYLE('',(#21159));
#21159 = SURFACE_STYLE_FILL_AREA(#21160);
#21160 = FILL_AREA_STYLE('',(#21161));
#21161 = FILL_AREA_STYLE_COLOUR('',#20096);
#21162 = STYLED_ITEM('color',(#21163),#4081);
#21163 = PRESENTATION_STYLE_ASSIGNMENT((#21164));
#21164 = SURFACE_STYLE_USAGE(.BOTH.,#21165);
#21165 = SURFACE_SIDE_STYLE('',(#21166));
#21166 = SURFACE_STYLE_FILL_AREA(#21167);
#21167 = FILL_AREA_STYLE('',(#21168));
#21168 = FILL_AREA_STYLE_COLOUR('',#20096);
#21169 = STYLED_ITEM('color',(#21170),#4106);
#21170 = PRESENTATION_STYLE_ASSIGNMENT((#21171));
#21171 = SURFACE_STYLE_USAGE(.BOTH.,#21172);
#21172 = SURFACE_SIDE_STYLE('',(#21173));
#21173 = SURFACE_STYLE_FILL_AREA(#21174);
#21174 = FILL_AREA_STYLE('',(#21175));
#21175 = FILL_AREA_STYLE_COLOUR('',#20096);
#21176 = STYLED_ITEM('color',(#21177),#4131);
#21177 = PRESENTATION_STYLE_ASSIGNMENT((#21178));
#21178 = SURFACE_STYLE_USAGE(.BOTH.,#21179);
#21179 = SURFACE_SIDE_STYLE('',(#21180));
#21180 = SURFACE_STYLE_FILL_AREA(#21181);
#21181 = FILL_AREA_STYLE('',(#21182));
#21182 = FILL_AREA_STYLE_COLOUR('',#20096);
#21183 = STYLED_ITEM('color',(#21184),#4219);
#21184 = PRESENTATION_STYLE_ASSIGNMENT((#21185));
#21185 = SURFACE_STYLE_USAGE(.BOTH.,#21186);
#21186 = SURFACE_SIDE_STYLE('',(#21187));
#21187 = SURFACE_STYLE_FILL_AREA(#21188);
#21188 = FILL_AREA_STYLE('',(#21189));
#21189 = FILL_AREA_STYLE_COLOUR('',#20096);
#21190 = STYLED_ITEM('color',(#21191),#4307);
#21191 = PRESENTATION_STYLE_ASSIGNMENT((#21192));
#21192 = SURFACE_STYLE_USAGE(.BOTH.,#21193);
#21193 = SURFACE_SIDE_STYLE('',(#21194));
#21194 = SURFACE_STYLE_FILL_AREA(#21195);
#21195 = FILL_AREA_STYLE('',(#21196));
#21196 = FILL_AREA_STYLE_COLOUR('',#20096);
#21197 = STYLED_ITEM('color',(#21198),#4332);
#21198 = PRESENTATION_STYLE_ASSIGNMENT((#21199));
#21199 = SURFACE_STYLE_USAGE(.BOTH.,#21200);
#21200 = SURFACE_SIDE_STYLE('',(#21201));
#21201 = SURFACE_STYLE_FILL_AREA(#21202);
#21202 = FILL_AREA_STYLE('',(#21203));
#21203 = FILL_AREA_STYLE_COLOUR('',#20096);
#21204 = STYLED_ITEM('color',(#21205),#4357);
#21205 = PRESENTATION_STYLE_ASSIGNMENT((#21206));
#21206 = SURFACE_STYLE_USAGE(.BOTH.,#21207);
#21207 = SURFACE_SIDE_STYLE('',(#21208));
#21208 = SURFACE_STYLE_FILL_AREA(#21209);
#21209 = FILL_AREA_STYLE('',(#21210));
#21210 = FILL_AREA_STYLE_COLOUR('',#20096);
#21211 = STYLED_ITEM('color',(#21212),#4374);
#21212 = PRESENTATION_STYLE_ASSIGNMENT((#21213));
#21213 = SURFACE_STYLE_USAGE(.BOTH.,#21214);
#21214 = SURFACE_SIDE_STYLE('',(#21215));
#21215 = SURFACE_STYLE_FILL_AREA(#21216);
#21216 = FILL_AREA_STYLE('',(#21217));
#21217 = FILL_AREA_STYLE_COLOUR('',#20096);
#21218 = STYLED_ITEM('color',(#21219),#4383);
#21219 = PRESENTATION_STYLE_ASSIGNMENT((#21220));
#21220 = SURFACE_STYLE_USAGE(.BOTH.,#21221);
#21221 = SURFACE_SIDE_STYLE('',(#21222));
#21222 = SURFACE_STYLE_FILL_AREA(#21223);
#21223 = FILL_AREA_STYLE('',(#21224));
#21224 = FILL_AREA_STYLE_COLOUR('',#20096);
#21225 = STYLED_ITEM('color',(#21226),#4409);
#21226 = PRESENTATION_STYLE_ASSIGNMENT((#21227));
#21227 = SURFACE_STYLE_USAGE(.BOTH.,#21228);
#21228 = SURFACE_SIDE_STYLE('',(#21229));
#21229 = SURFACE_STYLE_FILL_AREA(#21230);
#21230 = FILL_AREA_STYLE('',(#21231));
#21231 = FILL_AREA_STYLE_COLOUR('',#20096);
#21232 = STYLED_ITEM('color',(#21233),#4418);
#21233 = PRESENTATION_STYLE_ASSIGNMENT((#21234));
#21234 = SURFACE_STYLE_USAGE(.BOTH.,#21235);
#21235 = SURFACE_SIDE_STYLE('',(#21236));
#21236 = SURFACE_STYLE_FILL_AREA(#21237);
#21237 = FILL_AREA_STYLE('',(#21238));
#21238 = FILL_AREA_STYLE_COLOUR('',#20096);
#21239 = STYLED_ITEM('color',(#21240),#4427);
#21240 = PRESENTATION_STYLE_ASSIGNMENT((#21241));
#21241 = SURFACE_STYLE_USAGE(.BOTH.,#21242);
#21242 = SURFACE_SIDE_STYLE('',(#21243));
#21243 = SURFACE_STYLE_FILL_AREA(#21244);
#21244 = FILL_AREA_STYLE('',(#21245));
#21245 = FILL_AREA_STYLE_COLOUR('',#20096);
#21246 = STYLED_ITEM('color',(#21247),#4471);
#21247 = PRESENTATION_STYLE_ASSIGNMENT((#21248));
#21248 = SURFACE_STYLE_USAGE(.BOTH.,#21249);
#21249 = SURFACE_SIDE_STYLE('',(#21250));
#21250 = SURFACE_STYLE_FILL_AREA(#21251);
#21251 = FILL_AREA_STYLE('',(#21252));
#21252 = FILL_AREA_STYLE_COLOUR('',#20010);
#21253 = STYLED_ITEM('color',(#21254),#4621);
#21254 = PRESENTATION_STYLE_ASSIGNMENT((#21255));
#21255 = SURFACE_STYLE_USAGE(.BOTH.,#21256);
#21256 = SURFACE_SIDE_STYLE('',(#21257));
#21257 = SURFACE_STYLE_FILL_AREA(#21258);
#21258 = FILL_AREA_STYLE('',(#21259));
#21259 = FILL_AREA_STYLE_COLOUR('',#20010);
#21260 = STYLED_ITEM('color',(#21261),#4645);
#21261 = PRESENTATION_STYLE_ASSIGNMENT((#21262));
#21262 = SURFACE_STYLE_USAGE(.BOTH.,#21263);
#21263 = SURFACE_SIDE_STYLE('',(#21264));
#21264 = SURFACE_STYLE_FILL_AREA(#21265);
#21265 = FILL_AREA_STYLE('',(#21266));
#21266 = FILL_AREA_STYLE_COLOUR('',#20010);
#21267 = STYLED_ITEM('color',(#21268),#4788);
#21268 = PRESENTATION_STYLE_ASSIGNMENT((#21269));
#21269 = SURFACE_STYLE_USAGE(.BOTH.,#21270);
#21270 = SURFACE_SIDE_STYLE('',(#21271));
#21271 = SURFACE_STYLE_FILL_AREA(#21272);
#21272 = FILL_AREA_STYLE('',(#21273));
#21273 = FILL_AREA_STYLE_COLOUR('',#20010);
#21274 = STYLED_ITEM('color',(#21275),#4938);
#21275 = PRESENTATION_STYLE_ASSIGNMENT((#21276));
#21276 = SURFACE_STYLE_USAGE(.BOTH.,#21277);
#21277 = SURFACE_SIDE_STYLE('',(#21278));
#21278 = SURFACE_STYLE_FILL_AREA(#21279);
#21279 = FILL_AREA_STYLE('',(#21280));
#21280 = FILL_AREA_STYLE_COLOUR('',#20010);
#21281 = STYLED_ITEM('color',(#21282),#5088);
#21282 = PRESENTATION_STYLE_ASSIGNMENT((#21283));
#21283 = SURFACE_STYLE_USAGE(.BOTH.,#21284);
#21284 = SURFACE_SIDE_STYLE('',(#21285));
#21285 = SURFACE_STYLE_FILL_AREA(#21286);
#21286 = FILL_AREA_STYLE('',(#21287));
#21287 = FILL_AREA_STYLE_COLOUR('',#20010);
#21288 = STYLED_ITEM('color',(#21289),#5105);
#21289 = PRESENTATION_STYLE_ASSIGNMENT((#21290));
#21290 = SURFACE_STYLE_USAGE(.BOTH.,#21291);
#21291 = SURFACE_SIDE_STYLE('',(#21292));
#21292 = SURFACE_STYLE_FILL_AREA(#21293);
#21293 = FILL_AREA_STYLE('',(#21294));
#21294 = FILL_AREA_STYLE_COLOUR('',#20010);
#21295 = STYLED_ITEM('color',(#21296),#5255);
#21296 = PRESENTATION_STYLE_ASSIGNMENT((#21297));
#21297 = SURFACE_STYLE_USAGE(.BOTH.,#21298);
#21298 = SURFACE_SIDE_STYLE('',(#21299));
#21299 = SURFACE_STYLE_FILL_AREA(#21300);
#21300 = FILL_AREA_STYLE('',(#21301));
#21301 = FILL_AREA_STYLE_COLOUR('',#20010);
#21302 = STYLED_ITEM('color',(#21303),#5279);
#21303 = PRESENTATION_STYLE_ASSIGNMENT((#21304));
#21304 = SURFACE_STYLE_USAGE(.BOTH.,#21305);
#21305 = SURFACE_SIDE_STYLE('',(#21306));
#21306 = SURFACE_STYLE_FILL_AREA(#21307);
#21307 = FILL_AREA_STYLE('',(#21308));
#21308 = FILL_AREA_STYLE_COLOUR('',#20010);
#21309 = STYLED_ITEM('color',(#21310),#5422);
#21310 = PRESENTATION_STYLE_ASSIGNMENT((#21311));
#21311 = SURFACE_STYLE_USAGE(.BOTH.,#21312);
#21312 = SURFACE_SIDE_STYLE('',(#21313));
#21313 = SURFACE_STYLE_FILL_AREA(#21314);
#21314 = FILL_AREA_STYLE('',(#21315));
#21315 = FILL_AREA_STYLE_COLOUR('',#20010);
#21316 = STYLED_ITEM('color',(#21317),#5572);
#21317 = PRESENTATION_STYLE_ASSIGNMENT((#21318));
#21318 = SURFACE_STYLE_USAGE(.BOTH.,#21319);
#21319 = SURFACE_SIDE_STYLE('',(#21320));
#21320 = SURFACE_STYLE_FILL_AREA(#21321);
#21321 = FILL_AREA_STYLE('',(#21322));
#21322 = FILL_AREA_STYLE_COLOUR('',#20010);
#21323 = STYLED_ITEM('color',(#21324),#5722);
#21324 = PRESENTATION_STYLE_ASSIGNMENT((#21325));
#21325 = SURFACE_STYLE_USAGE(.BOTH.,#21326);
#21326 = SURFACE_SIDE_STYLE('',(#21327));
#21327 = SURFACE_STYLE_FILL_AREA(#21328);
#21328 = FILL_AREA_STYLE('',(#21329));
#21329 = FILL_AREA_STYLE_COLOUR('',#20010);
#21330 = STYLED_ITEM('color',(#21331),#5739);
#21331 = PRESENTATION_STYLE_ASSIGNMENT((#21332));
#21332 = SURFACE_STYLE_USAGE(.BOTH.,#21333);
#21333 = SURFACE_SIDE_STYLE('',(#21334));
#21334 = SURFACE_STYLE_FILL_AREA(#21335);
#21335 = FILL_AREA_STYLE('',(#21336));
#21336 = FILL_AREA_STYLE_COLOUR('',#20096);
#21337 = STYLED_ITEM('color',(#21338),#5748);
#21338 = PRESENTATION_STYLE_ASSIGNMENT((#21339));
#21339 = SURFACE_STYLE_USAGE(.BOTH.,#21340);
#21340 = SURFACE_SIDE_STYLE('',(#21341));
#21341 = SURFACE_STYLE_FILL_AREA(#21342);
#21342 = FILL_AREA_STYLE('',(#21343));
#21343 = FILL_AREA_STYLE_COLOUR('',#20010);
#21344 = STYLED_ITEM('color',(#21345),#5765);
#21345 = PRESENTATION_STYLE_ASSIGNMENT((#21346));
#21346 = SURFACE_STYLE_USAGE(.BOTH.,#21347);
#21347 = SURFACE_SIDE_STYLE('',(#21348));
#21348 = SURFACE_STYLE_FILL_AREA(#21349);
#21349 = FILL_AREA_STYLE('',(#21350));
#21350 = FILL_AREA_STYLE_COLOUR('',#20010);
#21351 = STYLED_ITEM('color',(#21352),#5782);
#21352 = PRESENTATION_STYLE_ASSIGNMENT((#21353));
#21353 = SURFACE_STYLE_USAGE(.BOTH.,#21354);
#21354 = SURFACE_SIDE_STYLE('',(#21355));
#21355 = SURFACE_STYLE_FILL_AREA(#21356);
#21356 = FILL_AREA_STYLE('',(#21357));
#21357 = FILL_AREA_STYLE_COLOUR('',#20010);
#21358 = STYLED_ITEM('color',(#21359),#5799);
#21359 = PRESENTATION_STYLE_ASSIGNMENT((#21360));
#21360 = SURFACE_STYLE_USAGE(.BOTH.,#21361);
#21361 = SURFACE_SIDE_STYLE('',(#21362));
#21362 = SURFACE_STYLE_FILL_AREA(#21363);
#21363 = FILL_AREA_STYLE('',(#21364));
#21364 = FILL_AREA_STYLE_COLOUR('',#20010);
#21365 = STYLED_ITEM('color',(#21366),#5816);
#21366 = PRESENTATION_STYLE_ASSIGNMENT((#21367));
#21367 = SURFACE_STYLE_USAGE(.BOTH.,#21368);
#21368 = SURFACE_SIDE_STYLE('',(#21369));
#21369 = SURFACE_STYLE_FILL_AREA(#21370);
#21370 = FILL_AREA_STYLE('',(#21371));
#21371 = FILL_AREA_STYLE_COLOUR('',#20010);
#21372 = STYLED_ITEM('color',(#21373),#5838);
#21373 = PRESENTATION_STYLE_ASSIGNMENT((#21374));
#21374 = SURFACE_STYLE_USAGE(.BOTH.,#21375);
#21375 = SURFACE_SIDE_STYLE('',(#21376));
#21376 = SURFACE_STYLE_FILL_AREA(#21377);
#21377 = FILL_AREA_STYLE('',(#21378));
#21378 = FILL_AREA_STYLE_COLOUR('',#20010);
#21379 = STYLED_ITEM('color',(#21380),#5855);
#21380 = PRESENTATION_STYLE_ASSIGNMENT((#21381));
#21381 = SURFACE_STYLE_USAGE(.BOTH.,#21382);
#21382 = SURFACE_SIDE_STYLE('',(#21383));
#21383 = SURFACE_STYLE_FILL_AREA(#21384);
#21384 = FILL_AREA_STYLE('',(#21385));
#21385 = FILL_AREA_STYLE_COLOUR('',#20010);
#21386 = STYLED_ITEM('color',(#21387),#5872);
#21387 = PRESENTATION_STYLE_ASSIGNMENT((#21388));
#21388 = SURFACE_STYLE_USAGE(.BOTH.,#21389);
#21389 = SURFACE_SIDE_STYLE('',(#21390));
#21390 = SURFACE_STYLE_FILL_AREA(#21391);
#21391 = FILL_AREA_STYLE('',(#21392));
#21392 = FILL_AREA_STYLE_COLOUR('',#20010);
#21393 = STYLED_ITEM('color',(#21394),#5889);
#21394 = PRESENTATION_STYLE_ASSIGNMENT((#21395));
#21395 = SURFACE_STYLE_USAGE(.BOTH.,#21396);
#21396 = SURFACE_SIDE_STYLE('',(#21397));
#21397 = SURFACE_STYLE_FILL_AREA(#21398);
#21398 = FILL_AREA_STYLE('',(#21399));
#21399 = FILL_AREA_STYLE_COLOUR('',#20010);
#21400 = STYLED_ITEM('color',(#21401),#5906);
#21401 = PRESENTATION_STYLE_ASSIGNMENT((#21402));
#21402 = SURFACE_STYLE_USAGE(.BOTH.,#21403);
#21403 = SURFACE_SIDE_STYLE('',(#21404));
#21404 = SURFACE_STYLE_FILL_AREA(#21405);
#21405 = FILL_AREA_STYLE('',(#21406));
#21406 = FILL_AREA_STYLE_COLOUR('',#20010);
#21407 = STYLED_ITEM('color',(#21408),#5918);
#21408 = PRESENTATION_STYLE_ASSIGNMENT((#21409));
#21409 = SURFACE_STYLE_USAGE(.BOTH.,#21410);
#21410 = SURFACE_SIDE_STYLE('',(#21411));
#21411 = SURFACE_STYLE_FILL_AREA(#21412);
#21412 = FILL_AREA_STYLE('',(#21413));
#21413 = FILL_AREA_STYLE_COLOUR('',#20010);
#21414 = STYLED_ITEM('color',(#21415),#5935);
#21415 = PRESENTATION_STYLE_ASSIGNMENT((#21416));
#21416 = SURFACE_STYLE_USAGE(.BOTH.,#21417);
#21417 = SURFACE_SIDE_STYLE('',(#21418));
#21418 = SURFACE_STYLE_FILL_AREA(#21419);
#21419 = FILL_AREA_STYLE('',(#21420));
#21420 = FILL_AREA_STYLE_COLOUR('',#20010);
#21421 = STYLED_ITEM('color',(#21422),#5952);
#21422 = PRESENTATION_STYLE_ASSIGNMENT((#21423));
#21423 = SURFACE_STYLE_USAGE(.BOTH.,#21424);
#21424 = SURFACE_SIDE_STYLE('',(#21425));
#21425 = SURFACE_STYLE_FILL_AREA(#21426);
#21426 = FILL_AREA_STYLE('',(#21427));
#21427 = FILL_AREA_STYLE_COLOUR('',#20010);
#21428 = STYLED_ITEM('color',(#21429),#5969);
#21429 = PRESENTATION_STYLE_ASSIGNMENT((#21430));
#21430 = SURFACE_STYLE_USAGE(.BOTH.,#21431);
#21431 = SURFACE_SIDE_STYLE('',(#21432));
#21432 = SURFACE_STYLE_FILL_AREA(#21433);
#21433 = FILL_AREA_STYLE('',(#21434));
#21434 = FILL_AREA_STYLE_COLOUR('',#20010);
#21435 = STYLED_ITEM('color',(#21436),#5986);
#21436 = PRESENTATION_STYLE_ASSIGNMENT((#21437));
#21437 = SURFACE_STYLE_USAGE(.BOTH.,#21438);
#21438 = SURFACE_SIDE_STYLE('',(#21439));
#21439 = SURFACE_STYLE_FILL_AREA(#21440);
#21440 = FILL_AREA_STYLE('',(#21441));
#21441 = FILL_AREA_STYLE_COLOUR('',#20010);
#21442 = STYLED_ITEM('color',(#21443),#6003);
#21443 = PRESENTATION_STYLE_ASSIGNMENT((#21444));
#21444 = SURFACE_STYLE_USAGE(.BOTH.,#21445);
#21445 = SURFACE_SIDE_STYLE('',(#21446));
#21446 = SURFACE_STYLE_FILL_AREA(#21447);
#21447 = FILL_AREA_STYLE('',(#21448));
#21448 = FILL_AREA_STYLE_COLOUR('',#20010);
#21449 = STYLED_ITEM('color',(#21450),#6020);
#21450 = PRESENTATION_STYLE_ASSIGNMENT((#21451));
#21451 = SURFACE_STYLE_USAGE(.BOTH.,#21452);
#21452 = SURFACE_SIDE_STYLE('',(#21453));
#21453 = SURFACE_STYLE_FILL_AREA(#21454);
#21454 = FILL_AREA_STYLE('',(#21455));
#21455 = FILL_AREA_STYLE_COLOUR('',#20010);
#21456 = STYLED_ITEM('color',(#21457),#6037);
#21457 = PRESENTATION_STYLE_ASSIGNMENT((#21458));
#21458 = SURFACE_STYLE_USAGE(.BOTH.,#21459);
#21459 = SURFACE_SIDE_STYLE('',(#21460));
#21460 = SURFACE_STYLE_FILL_AREA(#21461);
#21461 = FILL_AREA_STYLE('',(#21462));
#21462 = FILL_AREA_STYLE_COLOUR('',#20010);
#21463 = STYLED_ITEM('color',(#21464),#6054);
#21464 = PRESENTATION_STYLE_ASSIGNMENT((#21465));
#21465 = SURFACE_STYLE_USAGE(.BOTH.,#21466);
#21466 = SURFACE_SIDE_STYLE('',(#21467));
#21467 = SURFACE_STYLE_FILL_AREA(#21468);
#21468 = FILL_AREA_STYLE('',(#21469));
#21469 = FILL_AREA_STYLE_COLOUR('',#20010);
#21470 = STYLED_ITEM('color',(#21471),#6066);
#21471 = PRESENTATION_STYLE_ASSIGNMENT((#21472));
#21472 = SURFACE_STYLE_USAGE(.BOTH.,#21473);
#21473 = SURFACE_SIDE_STYLE('',(#21474));
#21474 = SURFACE_STYLE_FILL_AREA(#21475);
#21475 = FILL_AREA_STYLE('',(#21476));
#21476 = FILL_AREA_STYLE_COLOUR('',#20010);
#21477 = STYLED_ITEM('color',(#21478),#6088);
#21478 = PRESENTATION_STYLE_ASSIGNMENT((#21479));
#21479 = SURFACE_STYLE_USAGE(.BOTH.,#21480);
#21480 = SURFACE_SIDE_STYLE('',(#21481));
#21481 = SURFACE_STYLE_FILL_AREA(#21482);
#21482 = FILL_AREA_STYLE('',(#21483));
#21483 = FILL_AREA_STYLE_COLOUR('',#20010);
#21484 = STYLED_ITEM('color',(#21485),#6105);
#21485 = PRESENTATION_STYLE_ASSIGNMENT((#21486));
#21486 = SURFACE_STYLE_USAGE(.BOTH.,#21487);
#21487 = SURFACE_SIDE_STYLE('',(#21488));
#21488 = SURFACE_STYLE_FILL_AREA(#21489);
#21489 = FILL_AREA_STYLE('',(#21490));
#21490 = FILL_AREA_STYLE_COLOUR('',#20010);
#21491 = STYLED_ITEM('color',(#21492),#6122);
#21492 = PRESENTATION_STYLE_ASSIGNMENT((#21493));
#21493 = SURFACE_STYLE_USAGE(.BOTH.,#21494);
#21494 = SURFACE_SIDE_STYLE('',(#21495));
#21495 = SURFACE_STYLE_FILL_AREA(#21496);
#21496 = FILL_AREA_STYLE('',(#21497));
#21497 = FILL_AREA_STYLE_COLOUR('',#20010);
#21498 = STYLED_ITEM('color',(#21499),#6139);
#21499 = PRESENTATION_STYLE_ASSIGNMENT((#21500));
#21500 = SURFACE_STYLE_USAGE(.BOTH.,#21501);
#21501 = SURFACE_SIDE_STYLE('',(#21502));
#21502 = SURFACE_STYLE_FILL_AREA(#21503);
#21503 = FILL_AREA_STYLE('',(#21504));
#21504 = FILL_AREA_STYLE_COLOUR('',#20010);
#21505 = STYLED_ITEM('color',(#21506),#6156);
#21506 = PRESENTATION_STYLE_ASSIGNMENT((#21507));
#21507 = SURFACE_STYLE_USAGE(.BOTH.,#21508);
#21508 = SURFACE_SIDE_STYLE('',(#21509));
#21509 = SURFACE_STYLE_FILL_AREA(#21510);
#21510 = FILL_AREA_STYLE('',(#21511));
#21511 = FILL_AREA_STYLE_COLOUR('',#20010);
#21512 = STYLED_ITEM('color',(#21513),#6168);
#21513 = PRESENTATION_STYLE_ASSIGNMENT((#21514));
#21514 = SURFACE_STYLE_USAGE(.BOTH.,#21515);
#21515 = SURFACE_SIDE_STYLE('',(#21516));
#21516 = SURFACE_STYLE_FILL_AREA(#21517);
#21517 = FILL_AREA_STYLE('',(#21518));
#21518 = FILL_AREA_STYLE_COLOUR('',#20010);
#21519 = STYLED_ITEM('color',(#21520),#6185);
#21520 = PRESENTATION_STYLE_ASSIGNMENT((#21521));
#21521 = SURFACE_STYLE_USAGE(.BOTH.,#21522);
#21522 = SURFACE_SIDE_STYLE('',(#21523));
#21523 = SURFACE_STYLE_FILL_AREA(#21524);
#21524 = FILL_AREA_STYLE('',(#21525));
#21525 = FILL_AREA_STYLE_COLOUR('',#20010);
#21526 = STYLED_ITEM('color',(#21527),#6202);
#21527 = PRESENTATION_STYLE_ASSIGNMENT((#21528));
#21528 = SURFACE_STYLE_USAGE(.BOTH.,#21529);
#21529 = SURFACE_SIDE_STYLE('',(#21530));
#21530 = SURFACE_STYLE_FILL_AREA(#21531);
#21531 = FILL_AREA_STYLE('',(#21532));
#21532 = FILL_AREA_STYLE_COLOUR('',#20010);
#21533 = STYLED_ITEM('color',(#21534),#6219);
#21534 = PRESENTATION_STYLE_ASSIGNMENT((#21535));
#21535 = SURFACE_STYLE_USAGE(.BOTH.,#21536);
#21536 = SURFACE_SIDE_STYLE('',(#21537));
#21537 = SURFACE_STYLE_FILL_AREA(#21538);
#21538 = FILL_AREA_STYLE('',(#21539));
#21539 = FILL_AREA_STYLE_COLOUR('',#20010);
#21540 = STYLED_ITEM('color',(#21541),#6236);
#21541 = PRESENTATION_STYLE_ASSIGNMENT((#21542));
#21542 = SURFACE_STYLE_USAGE(.BOTH.,#21543);
#21543 = SURFACE_SIDE_STYLE('',(#21544));
#21544 = SURFACE_STYLE_FILL_AREA(#21545);
#21545 = FILL_AREA_STYLE('',(#21546));
#21546 = FILL_AREA_STYLE_COLOUR('',#20010);
#21547 = STYLED_ITEM('color',(#21548),#6253);
#21548 = PRESENTATION_STYLE_ASSIGNMENT((#21549));
#21549 = SURFACE_STYLE_USAGE(.BOTH.,#21550);
#21550 = SURFACE_SIDE_STYLE('',(#21551));
#21551 = SURFACE_STYLE_FILL_AREA(#21552);
#21552 = FILL_AREA_STYLE('',(#21553));
#21553 = FILL_AREA_STYLE_COLOUR('',#20010);
#21554 = STYLED_ITEM('color',(#21555),#6270);
#21555 = PRESENTATION_STYLE_ASSIGNMENT((#21556));
#21556 = SURFACE_STYLE_USAGE(.BOTH.,#21557);
#21557 = SURFACE_SIDE_STYLE('',(#21558));
#21558 = SURFACE_STYLE_FILL_AREA(#21559);
#21559 = FILL_AREA_STYLE('',(#21560));
#21560 = FILL_AREA_STYLE_COLOUR('',#20010);
#21561 = STYLED_ITEM('color',(#21562),#6287);
#21562 = PRESENTATION_STYLE_ASSIGNMENT((#21563));
#21563 = SURFACE_STYLE_USAGE(.BOTH.,#21564);
#21564 = SURFACE_SIDE_STYLE('',(#21565));
#21565 = SURFACE_STYLE_FILL_AREA(#21566);
#21566 = FILL_AREA_STYLE('',(#21567));
#21567 = FILL_AREA_STYLE_COLOUR('',#20010);
#21568 = STYLED_ITEM('color',(#21569),#6304);
#21569 = PRESENTATION_STYLE_ASSIGNMENT((#21570));
#21570 = SURFACE_STYLE_USAGE(.BOTH.,#21571);
#21571 = SURFACE_SIDE_STYLE('',(#21572));
#21572 = SURFACE_STYLE_FILL_AREA(#21573);
#21573 = FILL_AREA_STYLE('',(#21574));
#21574 = FILL_AREA_STYLE_COLOUR('',#20010);
#21575 = STYLED_ITEM('color',(#21576),#6316);
#21576 = PRESENTATION_STYLE_ASSIGNMENT((#21577));
#21577 = SURFACE_STYLE_USAGE(.BOTH.,#21578);
#21578 = SURFACE_SIDE_STYLE('',(#21579));
#21579 = SURFACE_STYLE_FILL_AREA(#21580);
#21580 = FILL_AREA_STYLE('',(#21581));
#21581 = FILL_AREA_STYLE_COLOUR('',#20010);
#21582 = STYLED_ITEM('color',(#21583),#6338);
#21583 = PRESENTATION_STYLE_ASSIGNMENT((#21584));
#21584 = SURFACE_STYLE_USAGE(.BOTH.,#21585);
#21585 = SURFACE_SIDE_STYLE('',(#21586));
#21586 = SURFACE_STYLE_FILL_AREA(#21587);
#21587 = FILL_AREA_STYLE('',(#21588));
#21588 = FILL_AREA_STYLE_COLOUR('',#20010);
#21589 = STYLED_ITEM('color',(#21590),#6355);
#21590 = PRESENTATION_STYLE_ASSIGNMENT((#21591));
#21591 = SURFACE_STYLE_USAGE(.BOTH.,#21592);
#21592 = SURFACE_SIDE_STYLE('',(#21593));
#21593 = SURFACE_STYLE_FILL_AREA(#21594);
#21594 = FILL_AREA_STYLE('',(#21595));
#21595 = FILL_AREA_STYLE_COLOUR('',#20010);
#21596 = STYLED_ITEM('color',(#21597),#6372);
#21597 = PRESENTATION_STYLE_ASSIGNMENT((#21598));
#21598 = SURFACE_STYLE_USAGE(.BOTH.,#21599);
#21599 = SURFACE_SIDE_STYLE('',(#21600));
#21600 = SURFACE_STYLE_FILL_AREA(#21601);
#21601 = FILL_AREA_STYLE('',(#21602));
#21602 = FILL_AREA_STYLE_COLOUR('',#20010);
#21603 = STYLED_ITEM('color',(#21604),#6389);
#21604 = PRESENTATION_STYLE_ASSIGNMENT((#21605));
#21605 = SURFACE_STYLE_USAGE(.BOTH.,#21606);
#21606 = SURFACE_SIDE_STYLE('',(#21607));
#21607 = SURFACE_STYLE_FILL_AREA(#21608);
#21608 = FILL_AREA_STYLE('',(#21609));
#21609 = FILL_AREA_STYLE_COLOUR('',#20010);
#21610 = STYLED_ITEM('color',(#21611),#6406);
#21611 = PRESENTATION_STYLE_ASSIGNMENT((#21612));
#21612 = SURFACE_STYLE_USAGE(.BOTH.,#21613);
#21613 = SURFACE_SIDE_STYLE('',(#21614));
#21614 = SURFACE_STYLE_FILL_AREA(#21615);
#21615 = FILL_AREA_STYLE('',(#21616));
#21616 = FILL_AREA_STYLE_COLOUR('',#20010);
#21617 = STYLED_ITEM('color',(#21618),#6418);
#21618 = PRESENTATION_STYLE_ASSIGNMENT((#21619));
#21619 = SURFACE_STYLE_USAGE(.BOTH.,#21620);
#21620 = SURFACE_SIDE_STYLE('',(#21621));
#21621 = SURFACE_STYLE_FILL_AREA(#21622);
#21622 = FILL_AREA_STYLE('',(#21623));
#21623 = FILL_AREA_STYLE_COLOUR('',#20010);
#21624 = STYLED_ITEM('color',(#21625),#6435);
#21625 = PRESENTATION_STYLE_ASSIGNMENT((#21626));
#21626 = SURFACE_STYLE_USAGE(.BOTH.,#21627);
#21627 = SURFACE_SIDE_STYLE('',(#21628));
#21628 = SURFACE_STYLE_FILL_AREA(#21629);
#21629 = FILL_AREA_STYLE('',(#21630));
#21630 = FILL_AREA_STYLE_COLOUR('',#20010);
#21631 = STYLED_ITEM('color',(#21632),#6452);
#21632 = PRESENTATION_STYLE_ASSIGNMENT((#21633));
#21633 = SURFACE_STYLE_USAGE(.BOTH.,#21634);
#21634 = SURFACE_SIDE_STYLE('',(#21635));
#21635 = SURFACE_STYLE_FILL_AREA(#21636);
#21636 = FILL_AREA_STYLE('',(#21637));
#21637 = FILL_AREA_STYLE_COLOUR('',#20010);
#21638 = STYLED_ITEM('color',(#21639),#6469);
#21639 = PRESENTATION_STYLE_ASSIGNMENT((#21640));
#21640 = SURFACE_STYLE_USAGE(.BOTH.,#21641);
#21641 = SURFACE_SIDE_STYLE('',(#21642));
#21642 = SURFACE_STYLE_FILL_AREA(#21643);
#21643 = FILL_AREA_STYLE('',(#21644));
#21644 = FILL_AREA_STYLE_COLOUR('',#20010);
#21645 = STYLED_ITEM('color',(#21646),#6486);
#21646 = PRESENTATION_STYLE_ASSIGNMENT((#21647));
#21647 = SURFACE_STYLE_USAGE(.BOTH.,#21648);
#21648 = SURFACE_SIDE_STYLE('',(#21649));
#21649 = SURFACE_STYLE_FILL_AREA(#21650);
#21650 = FILL_AREA_STYLE('',(#21651));
#21651 = FILL_AREA_STYLE_COLOUR('',#20010);
#21652 = STYLED_ITEM('color',(#21653),#6503);
#21653 = PRESENTATION_STYLE_ASSIGNMENT((#21654));
#21654 = SURFACE_STYLE_USAGE(.BOTH.,#21655);
#21655 = SURFACE_SIDE_STYLE('',(#21656));
#21656 = SURFACE_STYLE_FILL_AREA(#21657);
#21657 = FILL_AREA_STYLE('',(#21658));
#21658 = FILL_AREA_STYLE_COLOUR('',#20010);
#21659 = STYLED_ITEM('color',(#21660),#6520);
#21660 = PRESENTATION_STYLE_ASSIGNMENT((#21661));
#21661 = SURFACE_STYLE_USAGE(.BOTH.,#21662);
#21662 = SURFACE_SIDE_STYLE('',(#21663));
#21663 = SURFACE_STYLE_FILL_AREA(#21664);
#21664 = FILL_AREA_STYLE('',(#21665));
#21665 = FILL_AREA_STYLE_COLOUR('',#20010);
#21666 = STYLED_ITEM('color',(#21667),#6537);
#21667 = PRESENTATION_STYLE_ASSIGNMENT((#21668));
#21668 = SURFACE_STYLE_USAGE(.BOTH.,#21669);
#21669 = SURFACE_SIDE_STYLE('',(#21670));
#21670 = SURFACE_STYLE_FILL_AREA(#21671);
#21671 = FILL_AREA_STYLE('',(#21672));
#21672 = FILL_AREA_STYLE_COLOUR('',#20010);
#21673 = STYLED_ITEM('color',(#21674),#6554);
#21674 = PRESENTATION_STYLE_ASSIGNMENT((#21675));
#21675 = SURFACE_STYLE_USAGE(.BOTH.,#21676);
#21676 = SURFACE_SIDE_STYLE('',(#21677));
#21677 = SURFACE_STYLE_FILL_AREA(#21678);
#21678 = FILL_AREA_STYLE('',(#21679));
#21679 = FILL_AREA_STYLE_COLOUR('',#20010);
#21680 = STYLED_ITEM('color',(#21681),#6566);
#21681 = PRESENTATION_STYLE_ASSIGNMENT((#21682));
#21682 = SURFACE_STYLE_USAGE(.BOTH.,#21683);
#21683 = SURFACE_SIDE_STYLE('',(#21684));
#21684 = SURFACE_STYLE_FILL_AREA(#21685);
#21685 = FILL_AREA_STYLE('',(#21686));
#21686 = FILL_AREA_STYLE_COLOUR('',#20010);
#21687 = STYLED_ITEM('color',(#21688),#6588);
#21688 = PRESENTATION_STYLE_ASSIGNMENT((#21689));
#21689 = SURFACE_STYLE_USAGE(.BOTH.,#21690);
#21690 = SURFACE_SIDE_STYLE('',(#21691));
#21691 = SURFACE_STYLE_FILL_AREA(#21692);
#21692 = FILL_AREA_STYLE('',(#21693));
#21693 = FILL_AREA_STYLE_COLOUR('',#20010);
#21694 = STYLED_ITEM('color',(#21695),#6605);
#21695 = PRESENTATION_STYLE_ASSIGNMENT((#21696));
#21696 = SURFACE_STYLE_USAGE(.BOTH.,#21697);
#21697 = SURFACE_SIDE_STYLE('',(#21698));
#21698 = SURFACE_STYLE_FILL_AREA(#21699);
#21699 = FILL_AREA_STYLE('',(#21700));
#21700 = FILL_AREA_STYLE_COLOUR('',#20010);
#21701 = STYLED_ITEM('color',(#21702),#6622);
#21702 = PRESENTATION_STYLE_ASSIGNMENT((#21703));
#21703 = SURFACE_STYLE_USAGE(.BOTH.,#21704);
#21704 = SURFACE_SIDE_STYLE('',(#21705));
#21705 = SURFACE_STYLE_FILL_AREA(#21706);
#21706 = FILL_AREA_STYLE('',(#21707));
#21707 = FILL_AREA_STYLE_COLOUR('',#20010);
#21708 = STYLED_ITEM('color',(#21709),#6639);
#21709 = PRESENTATION_STYLE_ASSIGNMENT((#21710));
#21710 = SURFACE_STYLE_USAGE(.BOTH.,#21711);
#21711 = SURFACE_SIDE_STYLE('',(#21712));
#21712 = SURFACE_STYLE_FILL_AREA(#21713);
#21713 = FILL_AREA_STYLE('',(#21714));
#21714 = FILL_AREA_STYLE_COLOUR('',#20010);
#21715 = STYLED_ITEM('color',(#21716),#6656);
#21716 = PRESENTATION_STYLE_ASSIGNMENT((#21717));
#21717 = SURFACE_STYLE_USAGE(.BOTH.,#21718);
#21718 = SURFACE_SIDE_STYLE('',(#21719));
#21719 = SURFACE_STYLE_FILL_AREA(#21720);
#21720 = FILL_AREA_STYLE('',(#21721));
#21721 = FILL_AREA_STYLE_COLOUR('',#20010);
#21722 = STYLED_ITEM('color',(#21723),#6668);
#21723 = PRESENTATION_STYLE_ASSIGNMENT((#21724));
#21724 = SURFACE_STYLE_USAGE(.BOTH.,#21725);
#21725 = SURFACE_SIDE_STYLE('',(#21726));
#21726 = SURFACE_STYLE_FILL_AREA(#21727);
#21727 = FILL_AREA_STYLE('',(#21728));
#21728 = FILL_AREA_STYLE_COLOUR('',#20010);
#21729 = STYLED_ITEM('color',(#21730),#6685);
#21730 = PRESENTATION_STYLE_ASSIGNMENT((#21731));
#21731 = SURFACE_STYLE_USAGE(.BOTH.,#21732);
#21732 = SURFACE_SIDE_STYLE('',(#21733));
#21733 = SURFACE_STYLE_FILL_AREA(#21734);
#21734 = FILL_AREA_STYLE('',(#21735));
#21735 = FILL_AREA_STYLE_COLOUR('',#20010);
#21736 = STYLED_ITEM('color',(#21737),#6702);
#21737 = PRESENTATION_STYLE_ASSIGNMENT((#21738));
#21738 = SURFACE_STYLE_USAGE(.BOTH.,#21739);
#21739 = SURFACE_SIDE_STYLE('',(#21740));
#21740 = SURFACE_STYLE_FILL_AREA(#21741);
#21741 = FILL_AREA_STYLE('',(#21742));
#21742 = FILL_AREA_STYLE_COLOUR('',#20010);
#21743 = STYLED_ITEM('color',(#21744),#6719);
#21744 = PRESENTATION_STYLE_ASSIGNMENT((#21745));
#21745 = SURFACE_STYLE_USAGE(.BOTH.,#21746);
#21746 = SURFACE_SIDE_STYLE('',(#21747));
#21747 = SURFACE_STYLE_FILL_AREA(#21748);
#21748 = FILL_AREA_STYLE('',(#21749));
#21749 = FILL_AREA_STYLE_COLOUR('',#20010);
#21750 = STYLED_ITEM('color',(#21751),#6736);
#21751 = PRESENTATION_STYLE_ASSIGNMENT((#21752));
#21752 = SURFACE_STYLE_USAGE(.BOTH.,#21753);
#21753 = SURFACE_SIDE_STYLE('',(#21754));
#21754 = SURFACE_STYLE_FILL_AREA(#21755);
#21755 = FILL_AREA_STYLE('',(#21756));
#21756 = FILL_AREA_STYLE_COLOUR('',#20010);
#21757 = STYLED_ITEM('color',(#21758),#6753);
#21758 = PRESENTATION_STYLE_ASSIGNMENT((#21759));
#21759 = SURFACE_STYLE_USAGE(.BOTH.,#21760);
#21760 = SURFACE_SIDE_STYLE('',(#21761));
#21761 = SURFACE_STYLE_FILL_AREA(#21762);
#21762 = FILL_AREA_STYLE('',(#21763));
#21763 = FILL_AREA_STYLE_COLOUR('',#20010);
#21764 = STYLED_ITEM('color',(#21765),#6770);
#21765 = PRESENTATION_STYLE_ASSIGNMENT((#21766));
#21766 = SURFACE_STYLE_USAGE(.BOTH.,#21767);
#21767 = SURFACE_SIDE_STYLE('',(#21768));
#21768 = SURFACE_STYLE_FILL_AREA(#21769);
#21769 = FILL_AREA_STYLE('',(#21770));
#21770 = FILL_AREA_STYLE_COLOUR('',#20010);
#21771 = STYLED_ITEM('color',(#21772),#6787);
#21772 = PRESENTATION_STYLE_ASSIGNMENT((#21773));
#21773 = SURFACE_STYLE_USAGE(.BOTH.,#21774);
#21774 = SURFACE_SIDE_STYLE('',(#21775));
#21775 = SURFACE_STYLE_FILL_AREA(#21776);
#21776 = FILL_AREA_STYLE('',(#21777));
#21777 = FILL_AREA_STYLE_COLOUR('',#20010);
#21778 = STYLED_ITEM('color',(#21779),#6804);
#21779 = PRESENTATION_STYLE_ASSIGNMENT((#21780));
#21780 = SURFACE_STYLE_USAGE(.BOTH.,#21781);
#21781 = SURFACE_SIDE_STYLE('',(#21782));
#21782 = SURFACE_STYLE_FILL_AREA(#21783);
#21783 = FILL_AREA_STYLE('',(#21784));
#21784 = FILL_AREA_STYLE_COLOUR('',#20010);
ENDSEC;
END-ISO-10303-21;
